法官姓名,拼音首字母,编码
安斌成,ABC,1
阿比马麻,ABMM,2
安宝哲,ABZ,3
艾地艾木,ADAM,4
安德宪,ADX,5
艾方方,AFF,6
安丰军,AFJ,7
安丰阳,AFY,8
安光荣,AGR,9
安桂香,AGX,10
艾华,AH,11
安洪,AH,12
艾厚军,AHJ,13
安海军,AHJ,14
阿海乐,AHL,15
安洪强,AHQ,16
艾洪仁,AHR,17
安红卫,AHW,18
艾静,AJ,19
安俊,AJ,20
艾建军,AJJ,21
安江勇,AJY,22
艾克帕尔,AKPE,23
安利,AL,24
艾黎,AL,25
阿莱,AL,26
安拉加,ALJ,27
敖丽娜,ALN,28
阿木以卡,AMYK,29
艾尼娃,ANW,30
阿萍仁,APR,31
阿琼,AQ,32
阿日古娜,ARGN,33
敖瑞学,ARX,34
敖文林,AWL,35
安文生,AWS,36
安昕,AX,37
艾秀,AX,38
艾筱姑,AXG,39
敖选奎,AXK,40
安小玲,AXL,41
阿西木依,AXMY,42
安宣强,AXQ,43
敖于,AY,44
安雅琳,AYL,45
安志,AZ,46
艾泽栋,AZD,47
安志宏,AZH,48
卞飙,BB,49
边巴,BB,50
鲍丙春,BBC,51
边巴旦增,BBDZ,52
边巴罗珠,BBLZ,53
白宝庆,BBQ,54
边巴扎西,BBZX,55
白成,BC,56
白崇斌,BCB,57
柏崇良,BCL,58
白崇伟,BCW,59
毕丹,BD,60
毕德刚,BDG,61
包大进,BDJ,62
鲍登利,BDL,63
卞丹郦,BDL,64
贝冬梅,BDM,65
白东平,BDP,66
包德喜,BDX,67
闭赋火,BFH,68
边凤娟,BFJ,69
柏舸,BG,70
柏刚,BG,71
卞国栋,BGD,72
柏刚独任,BGDR,73
包广良,BGL,74
柏桦,BH,75
白河,BH,76
宝花,BH,77
包华斌,BHB,78
毕红风,BHF,79
毕海峰,BHF,80
毕海明,BHM,81
鲍红霞,BHX,82
白和勋,BHX,83
白海燕,BHY,84
贝红雁,BHY,85
巴红岩,BHY,86
鲍涣泽,BHZ,87
鲍杰,BJ,88
白均,BJ,89
毕静,BJ,90
包佶,BJ,91
白金芳,BJF,92
包家付,BJF,93
包谏国,BJG,94
鲍建民,BJM,95
鲍继宁,BJN,96
白佳顺,BJS,97
白军绪,BJX,98
卜俊勇,BJY,99
白卡娟,BKJ,100
毕开亮,BKL,101
白兰,BL,102
白蕾,BL,103
边龙,BL,104
白璐,BL,105
宝力,BL,106
边琳琳,BLL,107
别立明,BLM,108
包立平,BLP,109
白梅,BM,110
卞命,BM,111
白明彬,BMB,112
白明瑛,BMY,113
卞命友,BMY,114
白玛卓玛,BMZM,115
白楠,BN,116
毕年莉,BNL,117
邴妮婷,BNT,118
鲍琦,BQ,119
白清,BQ,120
卜庆发,BQF,121
白清阁,BQG,122
巴秋鸽,BQG,123
白启科,BQK,124
白全仁,BQR,125
鲍巧新,BQX,126
鲍庆宇,BQY,127
卜庆永,BQY,128
卞荣巍,BRW,129
毕肃,BS,130
柏松,BS,131
卜士凡,BSF,132
柏松桦,BSH,133
包树海,BSH,134
白深郡,BSJ,135
鲍思梅,BSM,136
巴桑普尺,BSPC,137
边素体,BST,138
巴桑央宗,BSYZ,139
白拴柱,BSZ,140
鲍维军,BWJ,141
毕文静,BWJ,142
白伟江,BWJ,143
柏为良,BWL,144
白万林,BWL,145
包文玲,BWL,146
白雪,BX,147
巴翔,BX,148
边旭,BX,149
白晰,BX,150
白相爱,BXA,151
边晓兵,BXB,152
白新博,BXB,153
白旭春,BXC,154
巴险峰,BXF,155
白小凤,BXF,156
白秀峰,BXF,157
白雪峰,BXF,158
白贤慧,BXH,159
白新铠,BXK,160
包晓龙,BXL,161
白贤荣,BXR,162
卜熙文,BXW,163
班晓伟,BXW,164
白兴蔚,BXW,165
包旭霞,BXX,166
白新宇,BXY,167
白向阳,BXY,168
巴雅,BY,169
白莹,BY,170
白毅,BY,171
卞渊,BY,172
包瑜,BY,173
白杨,BY,174
柏燕,BY,175
巴亚,BY,176
毕颖超,BYC,177
包迎春,BYC,178
柏燕独任,BYDR,179
卞渊独任,BYDR,180
卞艳飞,BYF,181
薄耀辉,BYH,182
包永辉,BYH,183
白玉华,BYH,184
白永军,BYJ,185
巴艳杰,BYJ,186
包亚娟,BYJ,187
白艳利,BYL,188
毕云亮,BYL,189
白玉林,BYL,190
白玉龙,BYL,191
鲍一鹏,BYP,192
白永胜,BYS,193
白永顺,BYS,194
白羽翔,BYX,195
毕妍妍,BYY,196
拔跃云,BYY,197
毕远周,BYZ,198
白治,BZ,199
巴珠,BZ,200
边子,BZ,201
巴卓,BZ,202
白宗安,BZA,203
鲍占仓,BZC,204
包志军,BZJ,205
巴沾军,BZJ,206
柏仲民,BZM,207
白子且,BZQ,208
边子仙,BZX,209
陈阿,CA,210
陈安,CA,211
陈爱华,CAH,212
陈安华,CAH,213
陈艾菁,CAJ,214
陈爱娟,CAJ,215
陈爱琳,CAL,216
陈安莉,CAL,217
陈爱莲,CAL,218
陈爱明,CAM,219
陈阿民,CAM,220
陈爱铭,CAM,221
陈爱农,CAN,222
陈安平,CAP,223
曹爱萍,CAP,224
陈安全,CAQ,225
曹安勇,CAY,226
曹彬,CB,227
陈斌,CB,228
陈冰,CB,229
程斌,CB,230
陈波,CB,231
曾波,CB,232
崔斌,CB,233
常斌,CB,234
蔡邦,CB,235
承办,CB,236
畅博,CB,237
成保,CB,238
曾斌,CB,239
曹彪,CB,240
陈飚,CB,241
陈彬,CB,242
蔡兵,CB,243
成保安,CBA,244
陈彬彬,CBB,245
陈邦超,CBC,246
程博淳,CBC,247
陈碧芳,CBF,248
蔡报刚,CBG,249
蔡邦建,CBJ,250
陈宝聚,CBJ,251
陈碧莲,CBL,252
陈秉龙,CBL,253
陈蓓蕾,CBL,254
崔宝民,CBM,255
常保民,CBM,256
陈柏宁,CBN,257
陈冰萍,CBP,258
陈邦攀,CBP,259
陈本启,CBQ,260
崔斌生,CBS,261
陈碧梧,CBW,262
陈炳文,CBW,263
茶本祥,CBX,264
曹百艳,CBY,265
蔡创,CC,266
陈超,CC,267
崔灿,CC,268
成灿,CC,269
陈昌,CC,270
程程,CC,271
陈晨,CC,272
蔡超,CC,273
陈春,CC,274
陈程,CC,275
仇长春,CCC,276
陈纯纯,CCC,277
陈春丹,CCD,278
陈翠娥,CCE,279
陈才刚,CCG,280
陈春根,CCG,281
陈春华,CCH,282
程春华,CCH,283
陈朝辉,CCH,284
程传华,CCH,285
陈彩虹,CCH,286
储晨洁,CCJ,287
仇春娟,CCJ,288
陈成建,CCJ,289
陈春琳,CCL,290
崔春柳,CCL,291
陈昌龙,CCL,292
蔡超明,CCM,293
陈昌宁,CCN,294
陈翠屏,CCP,295
曹成鹏,CCP,296
陈长青,CCQ,297
崔朝卿,CCQ,298
陈昌盛,CCS,299
陈春伟,CCW,300
陈昌武,CCW,301
程才祥,CCX,302
陈彩霞,CCX,303
陈春英,CCY,304
曾春艳,CCY,305
陈春云,CCY,306
曾超宇,CCY,307
陈昌晏,CCY,308
仇春子,CCZ,309
陈灿钟,CCZ,310
陈昌泽,CCZ,311
陈德,CD,312
蔡大,CD,313
陈东,CD,314
迟钝,CD,315
陈定,CD,316
陈娣,CD,317
陈迪,CD,318
蔡笃,CD,319
程道灿,CDC,320
陈丹丹,CDD,321
崔丹丹,CDD,322
崔冬冬,CDD,323
程冬冬,CDD,324
陈德东,CDD,325
陈德锋,CDF,326
程东风,CDF,327
初东光,CDG,328
陈丹桂,CDG,329
陈定华,CDH,330
陈丹红,CDH,331
曹东花,CDH,332
曹东华,CDH,333
陈杜娟,CDJ,334
陈党库,CDK,335
曹冬兰,CDL,336
曾带玲,CDL,337
陈冬梅,CDM,338
程德朋,CDP,339
蔡笃强,CDQ,340
陈道谦,CDQ,341
陈德清,CDQ,342
曹大庆,CDQ,343
蔡大青,CDQ,344
陈东升,CDS,345
崔东升,CDS,346
曹东山,CDS,347
陈东升担,CDSD,348
陈达维,CDW,349
迟大伟,CDW,350
陈德武,CDW,351
陈德星,CDX,352
陈道雄,CDX,353
曾德秀,CDX,354
蔡大宇,CDY,355
崔大勇,CDY,356
程得圆,CDY,357
陈东洋,CDY,358
陈德展,CDZ,359
陈德忠,CDZ,360
陈恩华,CEH,361
崔峰,CF,362
常菲,CF,363
陈锋,CF,364
曾方,CF,365
程峰,CF,366
陈芳,CF,367
陈枫,CF,368
陈峰,CF,369
陈飞,CF,370
陈丰,CF,371
程芳,CF,372
曾凡,CF,373
陈凡,CF,374
车飞,CF,375
崔凤宝,CFB,376
崔福臣,CFC,377
蔡富超,CFC,378
迟芳芳,CFF,379
陈富贵,CFG,380
柴富恒,CFH,381
崔福华,CFH,382
陈丰华,CFH,383
陈福华,CFH,384
陈芳娟,CFJ,385
陈凤坤,CFK,386
陈法亮,CFL,387
查丰岭,CFL,388
曾奋乐,CFL,389
陈飞龙,CFL,390
陈方玲,CFL,391
陈凤丽,CFL,392
陈方盟,CFM,393
陈芳妮,CFN,394
曾凡平,CFP,395
陈方全,CFQ,396
陈福清,CFQ,397
陈飞乾,CFQ,398
曹繁荣,CFR,399
陈凤英,CFY,400
陈丰彦,CFY,401
陈凤羽,CFY,402
曹飞燕,CFY,403
陈富柱,CFZ,404
陈刚,CG,405
陈岗,CG,406
陈贵,CG,407
崔赣,CG,408
程光,CG,409
陈国,CG,410
车桂,CG,411
陈国安,CGA,412
陈国斌,CGB,413
陈国春,CGC,414
陈贵芬,CGF,415
曹桂法,CGF,416
陈光飞,CGF,417
曾关凤,CGF,418
车桂芳,CGF,419
曾贵刚,CGG,420
曹国华,CGH,421
曹光华,CGH,422
曾光核,CGH,423
陈功建,CGJ,424
陈国娟,CGJ,425
陈国良,CGL,426
曹光临,CGL,427
陈光琳,CGL,428
程耕轮,CGL,429
陈光林,CGL,430
陈贵南,CGN,431
陈国鹏,CGP,432
陈光平,CGP,433
曹国强,CGQ,434
陈国琼,CGQ,435
崔国权,CGQ,436
陈国权,CGQ,437
陈国树,CGS,438
陈高顺,CGS,439
陈贵生,CGS,440
常更生,CGS,441
崔光同,CGT,442
柴国武,CGW,443
曾国萧,CGX,444
陈广兴,CGX,445
曹国喜,CGX,446
程桂云,CGY,447
程国岩,CGY,448
曹高耀,CGY,449
陈高云,CGY,450
陈国延,CGY,451
曹国忠,CGZ,452
陈浩,CH,453
陈洪,CH,454
程红,CH,455
陈慧,CH,456
陈华,CH,457
曹虎,CH,458
陈焕,CH,459
陈海,CH,460
陈鸿,CH,461
陈晖,CH,462
程慧,CH,463
陈辉,CH,464
崔浩,CH,465
崔颢,CH,466
陈虹,CH,467
曾宏,CH,468
陈航,CH,469
曾华,CH,470
曹宏,CH,471
程红兵,CHB,472
陈红冰,CHB,473
蔡惠斌,CHB,474
丛海彬,CHB,475
陈红兵,CHB,476
陈海波,CHB,477
陈华斌,CHB,478
陈华彬,CHB,479
曾宏斌,CHB,480
陈寒冰,CHB,481
蔡宏超担,CHCD,482
陈海东,CHD,483
崔洪栋,CHD,484
蔡惠芳,CHF,485
陈海峰,CHF,486
陈洪峰,CHF,487
陈华芳,CHF,488
程海港,CHG,489
陈海根,CHG,490
程湖辉,CHH,491
陈浩辉,CHH,492
陈华婕,CHJ,493
楚豪杰,CHJ,494
程红军,CHJ,495
陈鸿杰,CHJ,496
陈红君,CHJ,497
仇慧玲,CHL,498
曹惠玲,CHL,499
陈华琳,CHL,500
陈红利,CHL,501
陈红莲,CHL,502
蔡红利,CHL,503
陈焕利,CHL,504
成海澜,CHL,505
陈花梅,CHM,506
陈惠敏,CHM,507
楚会娜,CHN,508
陈海平,CHP,509
陈海萍,CHP,510
陈洪权,CHQ,511
崔会青,CHQ,512
陈洪强,CHQ,513
陈和强,CHQ,514
陈胡琼,CHQ,515
丛荟如,CHR,516
陈华蓉,CHR,517
车海三,CHS,518
陈红时,CHS,519
楚浩天,CHT,520
陈红彤,CHT,521
陈红彤担,CHTD,522
陈汉文,CHW,523
陈宏伟,CHW,524
陈洪文,CHW,525
初洪伟,CHW,526
陈慧雯,CHW,527
程洪文,CHW,528
仇慧星,CHX,529
陈鸿熙,CHX,530
程红霞,CHX,531
陈海英,CHY,532
常海燕,CHY,533
陈海燕,CHY,534
曹海英,CHY,535
陈焕煜,CHY,536
陈红艳,CHY,537
程怀元,CHY,538
曹洪智,CHZ,539
蔡宏志,CHZ,540
崔焕忠,CHZ,541
陈红珍,CHZ,542
陈海洲,CHZ,543
陈海珠,CHZ,544
陈进,CJ,545
陈剑,CJ,546
陈君,CJ,547
蔡剑,CJ,548
程军,CJ,549
陈洁,CJ,550
陈娟,CJ,551
陈佳,CJ,552
楚军,CJ,553
陈军,CJ,554
曹洁,CJ,555
蔡军,CJ,556
陈建,CJ,557
陈健,CJ,558
曹鹃,CJ,559
陈静,CJ,560
陈景,CJ,561
池杰,CJ,562
次吉,CJ,563
崔瑾,CJ,564
曾建,CJ,565
程杰,CJ,566
曾杰,CJ,567
陈靖,CJ,568
曾箭,CJ,569
程剑,CJ,570
陈捷,CJ,571
曾剑,CJ,572
程建,CJ,573
措吉,CJ,574
陈俊,CJ,575
陈炯,CJ,576
陈江,CJ,577
曹杰,CJ,578
蔡江,CJ,579
陈劲,CJ,580
陈晶,CJ,581
陈嘉,CJ,582
曹军,CJ,583
岑锦,CJ,584
蔡璟,CJ,585
曾纪,CJ,586
陈军波,CJB,587
陈金榜,CJB,588
陈静波,CJB,589
陈静纯,CJC,590
陈金超,CJC,591
曾金城,CJC,592
陈金灿,CJC,593
陈景纯,CJC,594
陈家定,CJD,595
曾建东,CJD,596
陈娟独任,CJDR,597
陈家恩,CJE,598
陈进峰,CJF,599
蔡锦锋,CJF,600
曹剑锋,CJF,601
陈金福,CJF,602
蔡吉峰,CJF,603
陈剑锋,CJF,604
曹聚改,CJG,605
陈建钢,CJG,606
陈建郭,CJG,607
陈景光,CJG,608
曾江恒,CJH,609
陈军辉,CJH,610
陈军晖,CJH,611
曹江红,CJH,612
陈君红,CJH,613
陈建辉,CJH,614
程敬虎,CJH,615
崔俊豪,CJH,616
陈积海,CJH,617
陈建红,CJH,618
陈佳宏,CJH,619
陈军红,CJH,620
程建华,CJH,621
陈军辉担,CJHD,622
陈建军,CJJ,623
陈继军,CJJ,624
陈俊杰,CJJ,625
曹建军,CJJ,626
柴婧婧,CJJ,627
崔建坤,CJK,628
陈军林,CJL,629
曹吉良,CJL,630
陈进龙,CJL,631
陈锦林,CJL,632
陈加礼,CJL,633
陈建麟,CJL,634
曹军丽,CJL,635
陈菊妹,CJM,636
车继敏,CJM,637
陈建木,CJM,638
陈佳明,CJM,639
曾建明,CJM,640
陈杰鸣,CJM,641
陈继梅,CJM,642
车佳妮,CJN,643
迟俊男,CJN,644
常景宁,CJN,645
陈继平,CJP,646
曹静平,CJP,647
陈健强,CJQ,648
陈金清,CJQ,649
陈景秋,CJQ,650
陈军强,CJQ,651
陈健生,CJS,652
程计山,CJS,653
崔景顺,CJS,654
蔡金水,CJS,655
曹净松,CJS,656
陈嘉涛,CJT,657
曹建亭,CJT,658
晁建伟,CJW,659
曹劲武,CJW,660
陈建伟,CJW,661
陈嘉文,CJW,662
陈金维,CJW,663
崔进文,CJW,664
初进伟,CJW,665
崔军委,CJW,666
陈井伟,CJW,667
曾剑伟,CJW,668
蔡洁伟,CJW,669
成剑伟,CJW,670
程建新,CJX,671
曹建新,CJX,672
陈进雄,CJX,673
陈俊贤,CJX,674
曾纪雄,CJX,675
陈建霞,CJX,676
陈姣莹,CJY,677
陈佳煜,CJY,678
陈积业,CJY,679
陈婧怡,CJY,680
陈娟燕,CJY,681
陈靖宇,CJY,682
崔健英,CJY,683
曾纪益,CJY,684
陈金英,CJY,685
崔纪元,CJY,686
陈敬勇,CJY,687
曹建英,CJY,688
蔡金燕,CJY,689
陈珈瑶,CJY,690
陈建毅,CJY,691
陈景忠,CJZ,692
陈建中,CJZ,693
陈建忠,CJZ,694
程军中,CJZ,695
蔡矿,CK,696
陈魁,CK,697
陈康,CK,698
陈楷,CK,699
曾开,CK,700
陈矿,CK,701
崔科,CK,702
陈克娥,CKE,703
陈可华,CKH,704
陈开明,CKM,705
晁宽宁,CKN,706
常开平,CKP,707
陈魁伟,CKW,708
陈开文,CKW,709
陈克祥,CKX,710
崔科妍,CKY,711
陈科云,CKY,712
曹开珍,CKZ,713
陈琳,CL,714
陈玲,CL,715
陈礼,CL,716
曾琳,CL,717
陈亮,CL,718
陈磊,CL,719
程莲,CL,720
柴玲,CL,721
陈羚,CL,722
陈丽,CL,723
陈林,CL,724
陈陆,CL,725
崔琳,CL,726
陈莉,CL,727
崔璐,CL,728
崔麟,CL,729
陈岚,CL,730
此里,CL,731
崔玲,CL,732
柴丽,CL,733
陈立,CL,734
常亮,CL,735
曹雷,CL,736
崔龙,CL,737
陈练,CL,738
蔡蕾,CL,739
操丽,CL,740
陈利,CL,741
常琳,CL,742
陈雷,CL,743
陈龙,CL,744
蔡璐,CL,745
常丽,CL,746
陈凌,CL,747
陈霖,CL,748
朝鲁,CL,749
程乐,CL,750
陈力,CL,751
程淋,CL,752
陈利聪,CLC,753
蔡连德,CLD,754
蔡腊娣,CLD,755
陈利东,CLD,756
陈立达,CLD,757
慈连斗,CLD,758
曾丽芬,CLF,759
陈立芳,CLF,760
程洛发,CLF,761
程兰芳,CLF,762
曾莉华,CLH,763
曾浪花,CLH,764
陈立宏,CLH,765
常连海,CLH,766
陈烈煌,CLH,767
陈礼华,CLH,768
陈礼辉,CLH,769
陈丽娟,CLJ,770
陈立君,CLJ,771
陈丽君,CLJ,772
蔡丽君,CLJ,773
常丽君,CLJ,774
晁兰军,CLJ,775
陈利江,CLJ,776
曹莉丽,CLL,777
陈兰岚,CLL,778
陈莉莉,CLL,779
陈莱蕾,CLL,780
蔡琳琳,CLL,781
蔡林莉,CLL,782
蔡玲玲,CLL,783
陈璐璐,CLL,784
陈丽丽,CLL,785
此里拉次,CLLC,786
陈丽敏,CLM,787
朝鲁孟,CLM,788
曾令敏,CLM,789
陈丽明,CLM,790
澈力木格,CLMG,791
蔡丽娜,CLN,792
常利娜,CLN,793
陈丽萍,CLP,794
陈立平,CLP,795
陈丽平,CLP,796
曹丽萍,CLP,797
曾立平,CLP,798
陈立群,CLQ,799
陈羚麒,CLQ,800
曾琳巧,CLQ,801
陈来强,CLQ,802
陈利蓉,CLR,803
陈流水,CLS,804
陈腊生,CLS,805
崔龙山,CLS,806
陈立文,CLW,807
陈立新,CLX,808
崔澜馨,CLX,809
陈丽秀,CLX,810
曾令义,CLY,811
车丽英,CLY,812
陈洛阳,CLY,813
程凌燕,CLY,814
才凌云,CLY,815
陈雷雨,CLY,816
蔡立湛,CLZ,817
陈立柱,CLZ,818
陈敏,CM,819
程明,CM,820
程民,CM,821
蔡铭,CM,822
蔡茂,CM,823
陈末,CM,824
陈梦,CM,825
陈梅,CM,826
陈明,CM,827
程敏,CM,828
常珉,CM,829
陈闽,CM,830
畅敏,CM,831
陈民,CM,832
陈某,CM,833
谌敏,CM,834
蔡明,CM,835
曾铭才,CMC,836
程梅翠,CMC,837
崔明程,CMC,838
陈梦敦,CMD,839
陈敏独任,CMDR,840
查明当事,CMDS,841
陈美凤,CMF,842
陈穆峰,CMF,843
陈茂华,CMH,844
陈明华,CMH,845
陈敏辉,CMH,846
陈明会,CMH,847
陈明辉,CMH,848
曾明慧,CMH,849
程明恒,CMH,850
陈明静,CMJ,851
成明军,CMJ,852
陈梅娟,CMJ,853
陈明江,CMJ,854
陈玛玲,CML,855
陈敏莉,CML,856
陈美玲,CML,857
崔寞梅,CMM,858
陈玫玫,CMM,859
蔡明清,CMQ,860
陈莫强,CMQ,861
蔡明生,CMS,862
陈明圣,CMS,863
曾明生,CMS,864
常明文,CMW,865
陈明霞,CMX,866
陈明耀,CMY,867
陈梦扬,CMY,868
陈铭宜,CMY,869
褚宁,CN,870
陈念明,CNM,871
陈妮娜,CNN,872
陈宁宁,CNN,873
陈宁怡,CNY,874
陈澎,CP,875
曾平,CP,876
陈平,CP,877
陈鹏,CP,878
成萍,CP,879
程鹏,CP,880
蔡鹏,CP,881
成鹏,CP,882
陈鹏程,CPC,883
陈平独任,CPDR,884
程鹏飞,CPF,885
程攀峰,CPF,886
陈普民,CPM,887
吹批农布,CPNB,888
迟鹏宇,CPY,889
曾茜,CQ,890
陈庆,CQ,891
陈晴,CQ,892
陈琦,CQ,893
崔茜,CQ,894
陈强,CQ,895
常青,CQ,896
曾琼,CQ,897
从前,CQ,898
陈祁,CQ,899
曾祺,CQ,900
陈琼,CQ,901
陈祺,CQ,902
蔡群,CQ,903
成千,CQ,904
陈镪,CQ,905
陈琪,CQ,906
曹群,CQ,907
崔齐,CQ,908
曾庆,CQ,909
陈麒,CQ,910
成琪,CQ,911
曹庆安,CQA,912
程前葆,CQB,913
曹青次,CQC,914
陈情福,CQF,915
曾庆果,CQG,916
程强根,CQG,917
陈青根,CQG,918
陈强华,CQH,919
蔡秋红,CQH,920
曾庆华,CQH,921
陈琼华,CQH,922
曹琴均,CQJ,923
陈庆军,CQJ,924
陈巧玲,CQL,925
陈其乐,CQL,926
陈秋敏,CQM,927
陈庆平,CQP,928
曾庆泉,CQQ,929
蔡庆省,CQS,930
陈启松,CQS,931
陈清涛,CQT,932
陈庆太,CQT,933
陈清霞,CQX,934
陈秋霞,CQX,935
曾倩颖,CQY,936
曹庆玉,CQY,937
成秋英,CQY,938
常庆友,CQY,939
陈秋月,CQY,940
陈庆振,CQZ,941
曾巧珍,CQZ,942
车全忠,CQZ,943
陈然,CR,944
陈睿,CR,945
蔡韧,CR,946
崔仁,CR,947
蔡荣,CR,948
陈仁,CR,949
陈瑞,CR,950
陈荣,CR,951
陈锐,CR,952
程然,CR,953
曹瑞,CR,954
曹如波,CRB,955
次仁德吉,CRDJ,956
陈润娥,CRE,957
曾若凡,CRF,958
曾日红,CRH,959
蔡荣辉,CRH,960
陈瑞华,CRH,961
曾荣汉,CRH,962
蔡汝军,CRJ,963
次仁吉旦,CRJD,964
蔡汝乐,CRL,965
次仁罗布,CRLB,966
曾仁平,CRP,967
次仁潘多,CRPD,968
次仁曲宗,CRQZ,969
陈荣荣,CRR,970
曾仁珊,CRS,971
陈若玮,CRW,972
陈瑞兴,CRX,973
陈瑞霞,CRX,974
常汝新,CRX,975
昌荣珍,CRZ,976
才让卓玛,CRZM,977
次仁卓玛,CRZM,978
次仁扎西,CRZX,979
陈胜,CS,980
崔珊,CS,981
陈帅,CS,982
曹胜,CS,983
楚淞,CS,984
陈淑,CS,985
程莎,CS,986
仇爽,CS,987
陈嵩,CS,988
苍松,CS,989
陈澍,CS,990
陈少彬,CSB,991
陈善波,CSB,992
陈世斌,CSB,993
蔡顺斌,CSB,994
曹四宠,CSC,995
陈善超,CSC,996
程寿昌,CSC,997
陈尚达,CSD,998
蔡淑芳,CSF,999
曾淑芳,CSF,1000
车寿锋,CSF,1001
陈淑芬,CSF,1002
曾士芳,CSF,1003
陈守贵,CSG,1004
崔曙光,CSG,1005
崔树刚,CSG,1006
蔡曙光,CSG,1007
陈胜海,CSH,1008
曹绍华,CSH,1009
褚生虎,CSH,1010
程世君,CSJ,1011
常树军,CSJ,1012
陈思佳,CSJ,1013
陈社教,CSJ,1014
陈士俊,CSJ,1015
曹世康,CSK,1016
陈士龙,CSL,1017
陈霜丽,CSL,1018
陈少林,CSL,1019
褚淑丽,CSL,1020
陈胜龙,CSL,1021
曾胜龙,CSL,1022
陈胜利,CSL,1023
常善明,CSM,1024
闯绍梅,CSM,1025
曾寿南,CSN,1026
陈三平,CSP,1027
陈世谦,CSQ,1028
蔡淑琴,CSQ,1029
陈绍青,CSQ,1030
陈述琦,CSQ,1031
陈顺启,CSQ,1032
陈淑蓉,CSR,1033
陈珊珊,CSS,1034
蔡穗硕,CSS,1035
陈水深,CSS,1036
陈姗姗,CSS,1037
陈洒洒,CSS,1038
陈思田,CST,1039
陈胜涛,CST,1040
陈善文,CSW,1041
陈善文担,CSWD,1042
柴淑霞,CSX,1043
陈水仙,CSX,1044
陈少雄,CSX,1045
陈少旭,CSX,1046
陈升云,CSY,1047
陈升阳,CSY,1048
陈思颖,CSY,1049
岑胜业,CSY,1050
陈圣勇,CSY,1051
陈素玉,CSY,1052
陈胜义,CSY,1053
蔡淑英,CSY,1054
陈山中,CSZ,1055
陈树忠,CSZ,1056
陈涛,CT,1057
曹铁,CT,1058
丛涛,CT,1059
陈眺,CT,1060
曾涛,CT,1061
常涛,CT,1062
陈婷,CT,1063
陈同,CT,1064
陈天宝,CTB,1065
陈眺东,CTD,1066
常涛独任,CTDR,1067
陈太辉,CTH,1068
陈陶麟,CTL,1069
陈天明,CTM,1070
陈铁生,CTS,1071
陈铁山,CTS,1072
陈挺卫,CTW,1073
陈天文,CTW,1074
陈同香,CTX,1075
褚廷友,CTY,1076
蔡弯,CW,1077
陈伟,CW,1078
池伟,CW,1079
程威,CW,1080
陈唯,CW,1081
陈雯,CW,1082
曹玮,CW,1083
陈文,CW,1084
常伟,CW,1085
陈武,CW,1086
蔡伟,CW,1087
曹伟,CW,1088
陈炜,CW,1089
陈卫,CW,1090
陈玮,CW,1091
蔡唯,CW,1092
岑炜,CW,1093
成伟,CW,1094
蔡文,CW,1095
蔡婉,CW,1096
蔡未,CW,1097
池卫安,CWA,1098
陈维聪,CWC,1099
陈文成,CWC,1100
陈卫东,CWD,1101
陈文端,CWD,1102
曹卫东,CWD,1103
陈文东,CWD,1104
成伟独任,CWDR,1105
蔡伟凤,CWF,1106
常维帼,CWG,1107
陈卫国,CWG,1108
陈渭泓,CWH,1109
陈卫华,CWH,1110
陈文豪,CWH,1111
仇文华,CWH,1112
陈伟华,CWH,1113
曹伟华,CWH,1114
查伟华,CWH,1115
陈文晖,CWH,1116
曾伟洪,CWH,1117
陈文华,CWH,1118
程维华,CWH,1119
蔡唯佳,CWJ,1120
陈魏娟,CWJ,1121
蔡文建,CWJ,1122
陈文君,CWJ,1123
陈文举,CWJ,1124
陈文佳,CWJ,1125
曹文吉,CWJ,1126
陈伟伦,CWL,1127
蔡唯林,CWL,1128
迟万龙,CWL,1129
蔡文利,CWL,1130
陈文玲,CWL,1131
陈婉兰,CWL,1132
次旺拉姆,CWLM,1133
陈卫民,CWM,1134
褚文铭,CWM,1135
陈伟平,CWP,1136
陈文萍,CWP,1137
寸卫清,CWQ,1138
陈卫琴,CWQ,1139
次旺让珠,CWRZ,1140
常万生,CWS,1141
陈文生,CWS,1142
陈文胜,CWS,1143
陈文通,CWT,1144
蔡文婷,CWT,1145
曹文伟,CWW,1146
陈薇薇,CWW,1147
陈万鑫,CWX,1148
陈文学,CWX,1149
曾望喜,CWX,1150
陈雯霞,CWX,1151
曹文艳,CWY,1152
陈伟忠,CWZ,1153
陈文忠,CWZ,1154
陈文正,CWZ,1155
蔡文臻,CWZ,1156
程雪,CX,1157
陈晞,CX,1158
陈晓,CX,1159
陈曦,CX,1160
陈肸,CX,1161
蔡昕,CX,1162
曹旭,CX,1163
陈祥,CX,1164
陈旭,CX,1165
陈希,CX,1166
陈翔,CX,1167
曾新,CX,1168
陈肖,CX,1169
崔秀,CX,1170
蔡旭,CX,1171
陈霞,CX,1172
蔡秀,CX,1173
陈学,CX,1174
陈小,CX,1175
陈新,CX,1176
曹霞,CX,1177
崔霞,CX,1178
曹星,CX,1179
陈萱,CX,1180
陈肖斌,CXB,1181
蔡雄斌,CXB,1182
陈学保,CXB,1183
曾祥碧,CXB,1184
陈新标,CXB,1185
陈秀超,CXC,1186
陈小春,CXC,1187
曹香春,CXC,1188
陈晓成,CXC,1189
蔡小春,CXC,1190
曹学昌,CXC,1191
陈向东,CXD,1192
程晓东,CXD,1193
查小东,CXD,1194
曾新独任,CXDR,1195
曾晓飞,CXF,1196
池晓烽,CXF,1197
曹雪峰,CXF,1198
常秀芳,CXF,1199
陈小锋,CXF,1200
陈孝峰,CXF,1201
陈小芳,CXF,1202
曾小凡,CXF,1203
程相锋,CXF,1204
陈晓峰,CXF,1205
程小国,CXG,1206
曹喜刚,CXG,1207
陈学光,CXG,1208
陈雪干,CXG,1209
崔晓光,CXG,1210
陈晓红,CXH,1211
陈晓虹,CXH,1212
程晓华,CXH,1213
成晓红,CXH,1214
陈学红,CXH,1215
陈小化,CXH,1216
崔小虎,CXH,1217
常晓辉,CXH,1218
曾学辉,CXH,1219
曾祥海,CXH,1220
陈向红,CXH,1221
崔喜海,CXH,1222
程向辉,CXH,1223
曹旭华,CXH,1224
陈晓辉,CXH,1225
陈晓静,CXJ,1226
曹旭晶,CXJ,1227
陈晓娇,CXJ,1228
陈小娟,CXJ,1229
崔小军,CXJ,1230
崔雪俊,CXJ,1231
崔新江,CXJ,1232
陈旭均,CXJ,1233
陈晓杰,CXJ,1234
陈先敬,CXJ,1235
陈小金,CXJ,1236
崔学静,CXJ,1237
陈西杰,CXJ,1238
陈晓军,CXJ,1239
陈新娟,CXJ,1240
陈小军,CXJ,1241
曹新凯,CXK,1242
陈学奎,CXK,1243
曹小凯,CXK,1244
陈修坤,CXK,1245
陈晓蕾,CXL,1246
陈修丽,CXL,1247
陈晓玲,CXL,1248
陈秀玲,CXL,1249
曾晓兰,CXL,1250
陈晓羚,CXL,1251
程晓莉,CXL,1252
崔学雷,CXL,1253
陈小林,CXL,1254
陈显亮,CXL,1255
柴欣琳,CXL,1256
曾小丽,CXL,1257
曹秀玲,CXL,1258
崔学雷担,CXLD,1259
陈晓明,CXM,1260
程学明,CXM,1261
崔秀闽,CXM,1262
曹雪明,CXM,1263
陈新梅,CXM,1264
陈旭明,CXM,1265
陈祥敏,CXM,1266
陈孝铭,CXM,1267
程熙茗,CXM,1268
陈晓敏,CXM,1269
陈西明,CXM,1270
陈小明,CXM,1271
陈晓鹏,CXP,1272
蔡小平,CXP,1273
陈希鹏,CXP,1274
崔晓鹏,CXP,1275
陈学清,CXQ,1276
楚雪芹,CXQ,1277
陈旭强,CXQ,1278
陈晓倩,CXQ,1279
曹宪强,CXQ,1280
曾宪全,CXQ,1281
曾小勤,CXQ,1282
程显然,CXR,1283
车旭冉,CXR,1284
陈小容,CXR,1285
陈秀儒,CXR,1286
陈锡生,CXS,1287
陈晓胜,CXS,1288
陈香世,CXS,1289
陈小桃,CXT,1290
陈小涛,CXT,1291
程小涛,CXT,1292
陈小武,CXW,1293
储兴旺,CXW,1294
陈希文,CXW,1295
曾学武,CXW,1296
陈祥伟,CXW,1297
程旭文,CXW,1298
储新文,CXW,1299
陈雪雪,CXX,1300
曹熙翔,CXX,1301
曾晓勋,CXX,1302
陈芯芯,CXX,1303
陈晓轩,CXX,1304
储星星,CXX,1305
仇欣欣,CXX,1306
陈晓英,CXY,1307
陈希勇,CXY,1308
曾小育,CXY,1309
陈雄英,CXY,1310
陈晓艳,CXY,1311
曾宪杨,CXY,1312
蔡晓颖,CXY,1313
蔡学英,CXY,1314
程昔原,CXY,1315
陈锌伊,CXY,1316
陈湘元,CXY,1317
柴晓彦,CXY,1318
陈晓云,CXY,1319
曹晓颖,CXY,1320
陈小莺,CXY,1321
陈晓颖,CXY,1322
谌晓宇,CXY,1323
陈晓宇,CXY,1324
曾享政,CXZ,1325
陈小洲,CXZ,1326
陈晓钟,CXZ,1327
陈宪章,CXZ,1328
陈莺,CY,1329
陈曜,CY,1330
曾毅,CY,1331
程羽,CY,1332
陈宇,CY,1333
常颖,CY,1334
陈英,CY,1335
陈岩,CY,1336
陈勇,CY,1337
蔡颜,CY,1338
陈榆,CY,1339
陈雁,CY,1340
曾彦,CY,1341
曾勇,CY,1342
陈瑜,CY,1343
蔡勇,CY,1344
陈友,CY,1345
陈永,CY,1346
陈媛,CY,1347
陈悦,CY,1348
蔡云,CY,1349
陈烟,CY,1350
陈原,CY,1351
陈颖,CY,1352
程渝,CY,1353
陈炎,CY,1354
陈玉,CY,1355
陈昀,CY,1356
崔岩,CY,1357
曹咏,CY,1358
崇阳,CY,1359
曹阳,CY,1360
陈易,CY,1361
曾洋,CY,1362
程颖,CY,1363
陈娅,CY,1364
常祎,CY,1365
陈瑶,CY,1366
陈燕,CY,1367
陈烨,CY,1368
蔡毓,CY,1369
曹燕,CY,1370
曹扬,CY,1371
曹勇,CY,1372
常永,CY,1373
程悦,CY,1374
车岩,CY,1375
池勇,CY,1376
常燕,CY,1377
陈耀,CY,1378
成永,CY,1379
次央,CY,1380
程宇,CY,1381
程英,CY,1382
曹杨,CY,1383
陈野,CY,1384
陈远爱,CYA,1385
陈永骜,CYA,1386
陈毅滨,CYB,1387
陈永斌,CYB,1388
陈愈超,CYC,1389
陈永钏,CYC,1390
陈永昌,CYC,1391
陈友才,CYC,1392
曹亚东,CYD,1393
曾云飞,CYF,1394
崔云峰,CYF,1395
陈叶枫,CYF,1396
常妍芳,CYF,1397
陈亚飞,CYF,1398
陈艳芬,CYF,1399
曹燕飞,CYF,1400
陈艳飞,CYF,1401
查裕富,CYF,1402
丛云峰,CYF,1403
常艳芳,CYF,1404
陈玉芳,CYF,1405
崔云飞,CYF,1406
陈玉峰,CYF,1407
陈永固,CYG,1408
陈英桂,CYG,1409
常银刚,CYG,1410
陈玉官,CYG,1411
蔡耀海,CYH,1412
蔡永红,CYH,1413
程英华,CYH,1414
程远宏,CYH,1415
陈永华,CYH,1416
陈奕红,CYH,1417
陈永辉,CYH,1418
曾亚君,CYJ,1419
曾永军,CYJ,1420
成垚军,CYJ,1421
蔡迎军,CYJ,1422
陈雁军,CYJ,1423
查跃进,CYJ,1424
曾羽巾,CYJ,1425
陈于婧,CYJ,1426
陈永剑,CYJ,1427
程永杰,CYJ,1428
操玉江,CYJ,1429
曹拥军,CYJ,1430
陈勇军,CYJ,1431
崔玉坤,CYK,1432
陈玉兰,CYL,1433
崔艳丽,CYL,1434
陈永玲,CYL,1435
陈叶亮,CYL,1436
常炎丽,CYL,1437
陈彦良,CYL,1438
程艳丽,CYL,1439
陈艳玲,CYL,1440
蔡叶利,CYL,1441
陈玉龙,CYL,1442
蔡玉良,CYL,1443
措雅拉毛,CYLM,1444
陈亚明,CYM,1445
陈燕敏,CYM,1446
陈益明,CYM,1447
陈咏梅,CYM,1448
陈玉明,CYM,1449
蔡艳梅,CYM,1450
陈艳梅,CYM,1451
迟亚囡,CYN,1452
蔡雅妮,CYN,1453
曹永平,CYP,1454
陈益鹏,CYP,1455
陈远平,CYP,1456
曹一平,CYP,1457
陈瑜青,CYQ,1458
车永强,CYQ,1459
曹艳琴,CYQ,1460
蔡艺强,CYQ,1461
常永前,CYQ,1462
陈云青,CYQ,1463
蔡亿庆,CYQ,1464
陈颖谦,CYQ,1465
陈义权,CYQ,1466
曾佑荣,CYR,1467
陈燕茹,CYR,1468
崔耀润,CYR,1469
陈永思,CYS,1470
程延涛,CYT,1471
崔运太,CYT,1472
陈荫亭,CYT,1473
常永涛,CYT,1474
陈玉婷,CYT,1475
寸镱庭,CYT,1476
陈禹廷,CYT,1477
陈有为,CYW,1478
崔有为,CYW,1479
陈应文,CYW,1480
蔡应武,CYW,1481
常月旺,CYW,1482
崔亚文,CYW,1483
曾昀昕,CYX,1484
曹燕霞,CYX,1485
柴永祥,CYX,1486
陈涌新,CYX,1487
曾燕星,CYX,1488
陈永祥,CYX,1489
陈燕霞,CYX,1490
褚亚兴,CYX,1491
蔡媛媛,CYY,1492
陈炎银,CYY,1493
晁永月,CYY,1494
陈乐毅,CYY,1495
陈永哲,CYZ,1496
陈英姿,CYZ,1497
陈卓,CZ,1498
陈政,CZ,1499
崔遵,CZ,1500
曾智,CZ,1501
陈中,CZ,1502
柴喆,CZ,1503
陈珠,CZ,1504
曾志,CZ,1505
曹忠,CZ,1506
蔡众,CZ,1507
陈正,CZ,1508
程舟,CZ,1509
陈志,CZ,1510
陈增,CZ,1511
陈志兵,CZB,1512
曾志斌,CZB,1513
陈正产,CZC,1514
陈贞臣,CZC,1515
陈卓独任,CZDR,1516
陈长福,CZF,1517
陈正刚,CZG,1518
陈长根,CZG,1519
陈正刚担,CZGD,1520
程振华,CZH,1521
陈中华,CZH,1522
曹之华,CZH,1523
陈志红,CZH,1524
陈宗华,CZH,1525
曹治华,CZH,1526
程志和,CZH,1527
柴周鸿,CZH,1528
陈忠俊,CZJ,1529
陈智杰,CZJ,1530
曾志军,CZJ,1531
陈长杰,CZJ,1532
陈智剑,CZJ,1533
常志江,CZJ,1534
陈志坚,CZJ,1535
曹仲康,CZK,1536
陈展葵,CZK,1537
陈载林,CZL,1538
陈宗林,CZL,1539
柴衷路,CZL,1540
曹彰茂,CZM,1541
崔泽民,CZM,1542
曹忠萍,CZP,1543
崔智鹏,CZP,1544
陈正品,CZP,1545
陈仲平,CZP,1546
曹志平,CZP,1547
褚在倩,CZQ,1548
陈正其,CZQ,1549
陈正桥,CZQ,1550
陈志全,CZQ,1551
陈竹强,CZQ,1552
陈泽琴,CZQ,1553
陈长权,CZQ,1554
陈昭强,CZQ,1555
陈之乔,CZQ,1556
陈仲庆,CZQ,1557
崔占强,CZQ,1558
陈志强,CZQ,1559
陈自清,CZQ,1560
崔志强,CZQ,1561
陈正桥担,CZQD,1562
陈忠胜,CZS,1563
陈祖生,CZS,1564
陈志胜,CZS,1565
陈正文,CZW,1566
常忠文,CZW,1567
谌志卫,CZW,1568
陈壮威,CZW,1569
陈忠霞,CZX,1570
陈兆霞,CZX,1571
车志雄,CZX,1572
陈壮雄,CZX,1573
蔡兆祥,CZX,1574
岑中席,CZX,1575
蔡志霞,CZX,1576
陈资赟,CZY,1577
陈智英,CZY,1578
陈志勇,CZY,1579
陈正勇,CZY,1580
成志昀,CZY,1581
陈仲尧,CZY,1582
蔡正尧,CZY,1583
曹志燕,CZY,1584
陈振勇,CZY,1585
陈智勇,CZY,1586
程志远,CZY,1587
陈陟云,CZY,1588
陈紫英,CZY,1589
陈肇毅,CZY,1590
蔡振宇,CZY,1591
陈真真,CZZ,1592
董爱,DA,1593
邓爱君,DAJ,1594
丁爱军,DAJ,1595
董爱敏,DAM,1596
杜冰,DB,1597
邓兵,DB,1598
戴兵,DB,1599
旦巴,DB,1600
董波,DB,1601
董斌,DB,1602
邓彬,DB,1603
丹巴多吉,DBDJ,1604
段必发,DBF,1605
丁宝俊,DBJ,1606
东巴仁青,DBRQ,1607
董翠,DC,1608
丁春,DC,1609
翟超,DC,1610
邓翠,DC,1611
杜翠,DC,1612
杜春宝,DCB,1613
戴传保,DCB,1614
段朝翠,DCC,1615
刀承成,DCC,1616
丁成飞,DCF,1617
董春慧,DCH,1618
杜成海,DCH,1619
但崇军,DCJ,1620
杜成军,DCJ,1621
达措吉,DCJ,1622
杜传杰,DCJ,1623
丁春丽,DCL,1624
董春林,DCL,1625
杜翠蓉,DCR,1626
邓才生,DCS,1627
丁朝松,DCS,1628
党春婷,DCT,1629
段承信,DCX,1630
窦彩霞,DCX,1631
邓成耀,DCY,1632
段成志,DCZ,1633
董昌忠,DCZ,1634
单迪,DD,1635
杜东,DD,1636
丁德,DD,1637
戴大川,DDC,1638
杜东成,DDC,1639
单丹丹,DDD,1640
单冬慧,DDH,1641
邓冬梅,DDM,1642
丁德明,DDM,1643
邓端齐,DDQ,1644
董道山,DDS,1645
段德姝,DDS,1646
董德生,DDS,1647
邓殿熙,DDX,1648
邓东元,DDY,1649
刀达英,DDY,1650
翟大勇,DDY,1651
董恩科,DEK,1652
董凤,DF,1653
段峰,DF,1654
丁峰,DF,1655
翟峰,DF,1656
董飞,DF,1657
邓芳,DF,1658
杜法超,DFC,1659
董芳芳,DFF,1660
段凤皇,DFH,1661
丁风华,DFH,1662
丁凤俭,DFJ,1663
党粉丽,DFL,1664
董凤丽,DFL,1665
单飞鹏,DFP,1666
丁冯旺,DFW,1667
邓凤文,DFW,1668
邓凤文担,DFWD,1669
杜凤祥,DFX,1670
董福印,DFY,1671
邓岗,DG,1672
董果,DG,1673
邓国,DG,1674
德嘎,DG,1675
董革,DG,1676
段桂东,DGD,1677
戴国华,DGH,1678
邓光亮,DGL,1679
邓国清,DGQ,1680
邓国琴,DGQ,1681
董刚谦,DGQ,1682
邓观清,DGQ,1683
段广谦,DGQ,1684
邓光强,DGQ,1685
杜广伟,DGW,1686
翟国玺,DGX,1687
丁桂云,DGY,1688
董高彦,DGY,1689
邓红,DH,1690
丁虹,DH,1691
戴皓,DH,1692
丁辉,DH,1693
邓宏,DH,1694
丁红,DH,1695
董辉,DH,1696
丁煌,DH,1697
邓辉,DH,1698
段晖,DH,1699
段辉,DH,1700
翟红斌,DHB,1701
段宏昌,DHC,1702
单华东,DHD,1703
丁化大,DHD,1704
杜海峰,DHF,1705
董慧芳,DHF,1706
董海峰,DHF,1707
董洪刚,DHG,1708
邓华庚,DHG,1709
翟红果,DHG,1710
邓何岗,DHG,1711
邓河岗,DHG,1712
邓怀军,DHJ,1713
戴洪静,DHJ,1714
杜红江,DHJ,1715
邓慧晶,DHJ,1716
邓红亮,DHL,1717
杜宏雷,DHL,1718
邓怀兰,DHL,1719
董焕明,DHM,1720
董慧敏,DHM,1721
董会民,DHM,1722
党红梅,DHM,1723
邓宏清,DHQ,1724
邓宏清担,DHQD,1725
翟华山,DHS,1726
戴宏威,DHW,1727
邓海燕,DHY,1728
戴惠亚,DHY,1729
杜宏雁,DHY,1730
董海燕,DHY,1731
董慧珍,DHZ,1732
杜君,DJ,1733
董健,DJ,1734
丁炯,DJ,1735
邓军,DJ,1736
戴娟,DJ,1737
翟娟,DJ,1738
杜娟,DJ,1739
邓娟,DJ,1740
邓杰,DJ,1741
董杰,DJ,1742
斗吉,DJ,1743
丁婕,DJ,1744
戴舰,DJ,1745
丁金,DJ,1746
得吉,DJ,1747
顿继昌,DJC,1748
得吉草,DJC,1749
杜家峰,DJF,1750
戴金飞,DJF,1751
段加福,DJF,1752
邓建国,DJG,1753
邓俊华,DJH,1754
杜俊豪,DJH,1755
董娇华,DJH,1756
杜吉华,DJH,1757
杜钧海,DJH,1758
丁姣姣,DJJ,1759
刁俊军,DJJ,1760
邓继军,DJJ,1761
杜建军,DJJ,1762
段金莲,DJL,1763
杜建丽,DJL,1764
丁金亮,DJL,1765
丁继龙,DJL,1766
邓继林,DJL,1767
戴佳琦,DJQ,1768
丁洁蓉,DJR,1769
杜纪挑,DJT,1770
狄俊泰,DJT,1771
丁进万,DJW,1772
单吉伟,DJW,1773
丁建伟,DJW,1774
杜金文,DJW,1775
段锦秀,DJX,1776
邓建新,DJX,1777
董加旭,DJX,1778
杜金星,DJX,1779
董金勇,DJY,1780
董建勇,DJY,1781
邓金勇,DJY,1782
单菊英,DJY,1783
德吉央宗,DJYZ,1784
董菊珍,DJZ,1785
杜金泽,DJZ,1786
戴坤,DK,1787
邓葵,DK,1788
邓葵独任,DKDR,1789
戴凯骏,DKJ,1790
杜开林,DKL,1791
丁凌,DL,1792
戴雷,DL,1793
丁龙,DL,1794
邓丽,DL,1795
党莉,DL,1796
杜立,DL,1797
董磊,DL,1798
杜亮,DL,1799
丁力,DL,1800
丁磊,DL,1801
杜莉,DL,1802
邓玲,DL,1803
董利,DL,1804
段丽,DL,1805
董雷,DL,1806
董玲,DL,1807
段雷,DL,1808
翟陆,DL,1809
丁莉,DL,1810
单亮,DL,1811
邓磊,DL,1812
单鲁超,DLC,1813
董丽臣,DLC,1814
段立昌,DLC,1815
丁立昌,DLC,1816
斗拉才让,DLCR,1817
杜凌飞,DLF,1818
单连红,DLH,1819
段丽红,DLH,1820
董礼贺,DLH,1821
董立贺,DLH,1822
单丽华,DLH,1823
邓立靖,DLJ,1824
杜利军,DLJ,1825
翟苓君,DLJ,1826
戴利君,DLJ,1827
杜玲玲,DLL,1828
丁露露,DLL,1829
单玲玲,DLL,1830
翟立龙,DLL,1831
杜利民,DLM,1832
堵利敏,DLM,1833
丁利民,DLM,1834
邓丽娜,DLN,1835
邓陆平,DLP,1836
董莉平,DLP,1837
董龙涛,DLT,1838
邓莲香,DLX,1839
戴丽英,DLY,1840
段兰英,DLY,1841
杜良璋,DLZ,1842
段丽珍,DLZ,1843
董敏,DM,1844
丁敏,DM,1845
董明安,DMA,1846
邓明聪,DMC,1847
达玛草,DMC,1848
邓明德,DMD,1849
杜明君,DMJ,1850
段美玲,DML,1851
戴美丽,DML,1852
段梦野,DMY,1853
段梅彦,DMY,1854
董美云,DMY,1855
戴辇,DN,1856
邓南,DN,1857
丁宁,DN,1858
邓南华,DNH,1859
丁宁宁,DNN,1860
董宁生,DNS,1861
邓南阳,DNY,1862
董萍,DP,1863
杜鹏,DP,1864
邓鹏,DP,1865
董品斌,DPB,1866
杜鹏程,DPC,1867
杜鹏飞,DPF,1868
党培江,DPJ,1869
段培林,DPL,1870
刁品源,DPY,1871
段培哲,DPZ,1872
邓鹏哲,DPZ,1873
段培政,DPZ,1874
丁培增,DPZ,1875
戴巧,DQ,1876
戴权,DQ,1877
段奇,DQ,1878
董强,DQ,1879
杜骐,DQ,1880
达青,DQ,1881
杜青,DQ,1882
杜倩,DQ,1883
段琼,DQ,1884
邓琼,DQ,1885
旦却,DQ,1886
党强,DQ,1887
狄启骋,DQC,1888
董全成,DQC,1889
戴启华,DQH,1890
段青海,DQH,1891
戴清娟,DQJ,1892
董庆杰,DQJ,1893
杜庆杰,DQJ,1894
单青林,DQL,1895
邓群丽,DQL,1896
段琼梅,DQM,1897
董琪璞,DQP,1898
丁琼琼,DQQ,1899
段倩倩,DQQ,1900
杜庆文,DQW,1901
独任,DR,1902
邓睿,DR,1903
杜锐,DR,1904
董润波,DRB,1905
翟仁华,DRH,1906
杜瑞丽,DRL,1907
狄瑞亚,DRY,1908
杜绍斌,DSB,1909
邓胜果,DSG,1910
董少刚,DSG,1911
段绍罡,DSG,1912
杜绍贵,DSG,1913
邓绍江,DSJ,1914
董树康,DSK,1915
段生良,DSL,1916
狄生禄,DSL,1917
丁善珉,DSM,1918
戴世强,DSQ,1919
邓松桥,DSQ,1920
丁世琴,DSQ,1921
翟淑荣,DSR,1922
董石山,DSS,1923
邓双双,DSS,1924
邓素文,DSW,1925
邓少宇,DSY,1926
戴天,DT,1927
邓婷,DT,1928
邓同华,DTH,1929
杜同金,DTJ,1930
戴婷岚,DTL,1931
翟同林,DTL,1932
段天妹,DTM,1933
杜天鹏,DTP,1934
董婷婷,DTT,1935
邓玮,DW,1936
董文,DW,1937
段文,DW,1938
董伟,DW,1939
段伟,DW,1940
杜为,DW,1941
段炜,DW,1942
杜伟,DW,1943
丁文,DW,1944
董万,DW,1945
邓文,DW,1946
达娃,DW,1947
董玮,DW,1948
达哇,DW,1949
段文彪,DWB,1950
丁文灿,DWC,1951
达瓦次仁,DWCR,1952
达哇才仁,DWCR,1953
杜万峰,DWF,1954
丁伟芳,DWF,1955
戴卫国,DWG,1956
杜卫根,DWG,1957
丁卫红,DWH,1958
丁文豪,DWH,1959
董文宏,DWH,1960
邓文辉,DWH,1961
杜文娟,DWJ,1962
戴文剑,DWJ,1963
董文宽,DWK,1964
邓文科,DWK,1965
翟伟坤,DWK,1966
邓维丽,DWL,1967
杜文隆,DWL,1968
杜文龙,DWL,1969
杜维山,DWS,1970
段文生,DWS,1971
段文文,DWW,1972
单湾湾,DWW,1973
丁薇薇,DWW,1974
段文新,DWX,1975
丁无异,DWY,1976
达娃卓嘎,DWZG,1977
达哇卓玛,DWZM,1978
邓小,DX,1979
戴翔,DX,1980
董小,DX,1981
杜西,DX,1982
戴昕,DX,1983
丁旭,DX,1984
邓雪,DX,1985
丁贤,DX,1986
董啸,DX,1987
窦秀兵,DXB,1988
董晓超,DXC,1989
杜新春,DXC,1990
邓小成,DXC,1991
董晓春,DXC,1992
邓学财,DXC,1993
丁向东,DXD,1994
董兴东,DXD,1995
端学锋,DXF,1996
段晓光,DXG,1997
邓杏华,DXH,1998
窦晓红,DXH,1999
翟相海,DXH,2000
董小红,DXH,2001
丁筱海,DXH,2002
丁新红,DXH,2003
董晓华,DXH,2004
戴兴华,DXH,2005
丁晓晖,DXH,2006
董小晋,DXJ,2007
邓小健,DXJ,2008
邓秀娟,DXJ,2009
董学军,DXJ,2010
段修军,DXJ,2011
戴先军,DXJ,2012
董晓军,DXJ,2013
邓小健独,DXJD,2014
邓小零,DXL,2015
段喜林,DXL,2016
杜学禄,DXL,2017
杜晓良,DXL,2018
董雪美,DXM,2019
都学敏,DXM,2020
段晓梅,DXM,2021
段晓明,DXM,2022
单兴宁,DXN,2023
丁晓鹏,DXP,2024
董小萍,DXP,2025
丁晓青,DXQ,2026
刁寻清,DXQ,2027
杜许群,DXQ,2028
丁晓倩,DXQ,2029
邸晓琴,DXQ,2030
邓雪蓉,DXR,2031
杜希荣,DXR,2032
杜旭松,DXS,2033
翟雄文,DXW,2034
刁学伟,DXW,2035
丁祥雄,DXX,2036
邓小燕,DXY,2037
杜晓艳,DXY,2038
董晓宇,DXY,2039
刁向怡,DXY,2040
段学忠,DXZ,2041
单学忠,DXZ,2042
董雪照,DXZ,2043
邓勇,DY,2044
邓昱,DY,2045
董艳,DY,2046
丁莹,DY,2047
董允,DY,2048
杜钰,DY,2049
丁一,DY,2050
翟羽,DY,2051
董岩,DY,2052
杜云,DY,2053
党琰,DY,2054
董云,DY,2055
邓艳,DY,2056
邓妍,DY,2057
邓阳,DY,2058
邓颖,DY,2059
董燕,DY,2060
邓元,DY,2061
杜以标,DYB,2062
邓远标,DYB,2063
邓亚波,DYB,2064
丁友才,DYC,2065
董燕独任,DYDR,2066
邓永富,DYF,2067
单玉芳,DYF,2068
董屹红,DYH,2069
董延洪,DYH,2070
邓友华,DYH,2071
邓永花,DYH,2072
段永华,DYH,2073
董玉娟,DYJ,2074
董轶军,DYJ,2075
丁拥军,DYJ,2076
党琰君,DYJ,2077
邓跃宽,DYK,2078
翟亚坤,DYK,2079
邓玉林,DYL,2080
董永亮,DYL,2081
丁银良,DYL,2082
杜玉明,DYM,2083
邓延敏,DYM,2084
党英明,DYM,2085
戴咏梅,DYM,2086
邓渊楠,DYN,2087
翟一平,DYP,2088
丁艳平,DYP,2089
邓亚萍,DYP,2090
杜蕴青,DYQ,2091
邓扬泉,DYQ,2092
邓怡强,DYQ,2093
董允瑞,DYR,2094
段玉生,DYS,2095
邓永生,DYS,2096
丁言生,DYS,2097
丁艺深,DYS,2098
段云松,DYS,2099
丁延生,DYS,2100
丁永胜,DYS,2101
段永桃,DYT,2102
邓彦文,DYW,2103
杜渊文,DYW,2104
邓彦威,DYW,2105
邓彦文任,DYWR,2106
董月霞,DYX,2107
邓艳霞,DYX,2108
段艳晓,DYX,2109
董雁翔,DYX,2110
邓月云,DYY,2111
邓元元,DYY,2112
邓元元担,DYYD,2113
戴永忠,DYZ,2114
邓珍,DZ,2115
旦增,DZ,2116
董征,DZ,2117
邓泽,DZ,2118
达珍,DZ,2119
董忠波,DZB,2120
丹增赤列,DZCL,2121
旦增德吉,DZDJ,2122
邓珍独任,DZDR,2123
道知东珠,DZDZ,2124
丁志芳,DZF,2125
窦志刚,DZG,2126
丁正高,DZG,2127
邓中华,DZH,2128
董泽涵,DZH,2129
杜展鸿,DZH,2130
邓泽华,DZH,2131
邓震宏,DZH,2132
段志坚,DZJ,2133
董芝婧,DZJ,2134
当增吉,DZJ,2135
东智加,DZJ,2136
董昭君,DZJ,2137
丹增吉宗,DZJZ,2138
翟振宽,DZK,2139
邓自禄,DZL,2140
戴智明,DZM,2141
段智敏,DZM,2142
董照南,DZN,2143
段竹琼,DZQ,2144
窦在强,DZQ,2145
董自强,DZQ,2146
旦增曲宗,DZQZ,2147
戴峥嵘,DZR,2148
丁樟仁,DZR,2149
董振亭,DZT,2150
董志伟,DZW,2151
都正伟,DZW,2152
刁政文,DZW,2153
旦增旺姆,DZWM,2154
丁正新,DZX,2155
丁志翔,DZX,2156
邓志祥,DZX,2157
杜竹馨,DZX,2158
杜志霞,DZX,2159
邓志尧,DZY,2160
但振亚,DZY,2161
杜子洋,DZY,2162
邓长志,DZZ,2163
丁增卓某,DZZM,2164
丁真泽仁,DZZR,2165
鄂焕斌,EHB,2166
鄂义飞,EYF,2167
范爱礼,FAL,2168
付安平,FAP,2169
樊斌,FB,2170
范斌,FB,2171
冯波,FB,2172
付冰,FB,2173
冯兵,FB,2174
方波波,FBB,2175
冯宝琛,FBC,2176
方冰峰,FBF,2177
范斌慧,FBH,2178
范博见,FBJ,2179
付柏林,FBL,2180
范波涛,FBT,2181
方伯文,FBW,2182
傅本希,FBX,2183
范超,FC,2184
傅超,FC,2185
樊传,FC,2186
冯成,FC,2187
冯超,FC,2188
傅成保,FCB,2189
冯传兵,FCB,2190
冯传庚,FCG,2191
冯春光,FCG,2192
付春红,FCH,2193
方朝军,FCJ,2194
付传捷,FCJ,2195
方成军,FCJ,2196
付春雷,FCL,2197
付长青,FCQ,2198
范成然,FCR,2199
冯朝松,FCS,2200
付春生,FCS,2201
方成文,FCW,2202
方春晓,FCX,2203
付晨熙,FCX,2204
樊朝勇,FCY,2205
付翠云,FCY,2206
樊传祝,FCZ,2207
付德,FD,2208
范典,FD,2209
付冬,FD,2210
傅东辉,FDH,2211
付德恒,FDH,2212
房殿军,FDJ,2213
方丹林,FDL,2214
付冬梅,FDM,2215
范德学,FDX,2216
付芬,FF,2217
方芳,FF,2218
封峰,FF,2219
冯芳,FF,2220
冯方,FF,2221
樊富,FF,2222
范芳,FF,2223
樊逢春,FFC,2224
冯发顶,FFD,2225
付芬独任,FFDR,2226
范甫娟,FFJ,2227
付福临,FFL,2228
冯凤琼,FFQ,2229
樊富全,FFQ,2230
方飞权,FFQ,2231
冯刚,FG,2232
冯国安,FGA,2233
符桂光,FGG,2234
房国华,FGH,2235
冯共军,FGJ,2236
方光璞,FGP,2237
樊冠青,FGQ,2238
冯国星,FGX,2239
冯革新,FGX,2240
方光远,FGY,2241
冯光英,FGY,2242
樊浩,FH,2243
冯鹤,FH,2244
范虹,FH,2245
付华,FH,2246
付洪,FH,2247
范华,FH,2248
范红,FH,2249
方华,FH,2250
富豪,FH,2251
方红,FH,2252
符虎,FH,2253
范红兵,FHB,2254
范红彬,FHB,2255
范红达,FHD,2256
冯红干,FHG,2257
范红海,FHH,2258
冯浩洁,FHJ,2259
冯华江,FHJ,2260
方洪立,FHL,2261
方海明,FHM,2262
范和平,FHP,2263
冯海欠,FHQ,2264
伏宏伟,FHW,2265
冯辉霞,FHX,2266
冯和秀,FHX,2267
付海英,FHY,2268
付海艳,FHY,2269
范宏英,FHY,2270
费洁,FJ,2271
冯静,FJ,2272
冯健,FJ,2273
方晋,FJ,2274
付景,FJ,2275
福津,FJ,2276
冯军,FJ,2277
冯捷,FJ,2278
傅军,FJ,2279
费君,FJ,2280
方俊,FJ,2281
冯洁,FJ,2282
范建,FJ,2283
房静,FJ,2284
范静,FJ,2285
冯进,FJ,2286
范军,FJ,2287
冯建,FJ,2288
冯井斌,FJB,2289
冯建东,FJD,2290
傅家顶,FJD,2291
冯进干,FJG,2292
冯建国,FJG,2293
冯继红,FJH,2294
冯剑辉,FJH,2295
冯际宏,FJH,2296
符建华,FJH,2297
冯建华,FJH,2298
扶建华,FJH,2299
房静静,FJJ,2300
冯晶晶,FJJ,2301
冯继烈,FJL,2302
房剑立,FJL,2303
范建琳,FJL,2304
范佳玲,FJL,2305
方炯明,FJM,2306
付俊民,FJM,2307
冯建明,FJM,2308
付建梅,FJM,2309
方季萍,FJP,2310
付璟平,FJP,2311
范家强,FJQ,2312
范纪强,FJQ,2313
范建文,FJW,2314
付晶霞,FJX,2315
方军义,FJY,2316
冯井艳,FJY,2317
方晋晔,FJY,2318
范建阳,FJY,2319
符继耀,FJY,2320
冯娟珍,FJZ,2321
范建忠,FJZ,2322
付康,FK,2323
范凯,FK,2324
冯凯,FK,2325
冯凯捷,FKJ,2326
付康林,FKL,2327
方匡能,FKN,2328
冯磊,FL,2329
冯莉,FL,2330
范莉,FL,2331
方丽,FL,2332
付蕾,FL,2333
费磊,FL,2334
范立斌,FLB,2335
冯林彬,FLB,2336
付礼彬,FLB,2337
费良德,FLD,2338
樊利芳,FLF,2339
付立广,FLG,2340
范丽红,FLH,2341
付利红,FLH,2342
冯林华,FLH,2343
冯丽娟,FLJ,2344
方丽君,FLJ,2345
房立坤,FLK,2346
丰玲玲,FLL,2347
范丽萍,FLP,2348
范利权,FLQ,2349
樊丽琴,FLQ,2350
冯立强,FLQ,2351
冯丽荣,FLR,2352
傅立新,FLX,2353
付丽霞,FLX,2354
范凌云,FLY,2355
冯丽燕,FLY,2356
冯明,FM,2357
奉梅,FM,2358
冯美芬,FMF,2359
范梅君,FMJ,2360
范闽杰,FMJ,2361
付鸣剑,FMJ,2362
方明良,FML,2363
傅美兰,FML,2364
冯敏敏,FMM,2365
方美玉,FMY,2366
冯南,FN,2367
冯楠,FN,2368
冯楠楠,FNN,2369
冯南茜,FNQ,2370
冯凭,FP,2371
方平,FP,2372
范平,FP,2373
方鹏,FP,2374
范萍,FP,2375
樊平,FP,2376
方品能,FPN,2377
符强,FQ,2378
樊强,FQ,2379
付强,FQ,2380
冯庆,FQ,2381
范茜,FQ,2382
樊启城,FQC,2383
冯庆平,FQP,2384
樊秋屏,FQP,2385
范启勇,FQY,2386
冯全镇,FQZ,2387
冯瑞林,FRL,2388
方热烈,FRL,2389
范瑞敏,FRM,2390
傅蓉蓉,FRR,2391
冯润香,FRX,2392
方世刚,FSG,2393
傅少华,FSH,2394
付三红,FSH,2395
冯少华,FSH,2396
方世宏,FSH,2397
冯少杰,FSJ,2398
范世静,FSJ,2399
冯四建,FSJ,2400
冯帅克,FSK,2401
冯韶林,FSL,2402
冯世联,FSL,2403
房素平,FSP,2404
付素芹,FSQ,2405
付素琴,FSQ,2406
冯珊珊,FSS,2407
方时惕,FST,2408
付思雨,FSY,2409
范涛,FT,2410
付涛,FT,2411
樊涛,FT,2412
方田,FT,2413
方涛,FT,2414
房涛,FT,2415
冯泰昆,FTK,2416
范铁良,FTL,2417
付天林,FTL,2418
范天全,FTQ,2419
方文,FW,2420
冯伟,FW,2421
费维斌,FWB,2422
冯卫东,FWD,2423
冯文辉,FWH,2424
范文浩,FWH,2425
方文丽,FWL,2426
范卫清,FWQ,2427
冯伟强,FWQ,2428
方文生,FWS,2429
方蔚文,FWW,2430
付文忠,FWZ,2431
傅文忠,FWZ,2432
冯欣,FX,2433
方斅,FX,2434
方璇,FX,2435
方旭,FX,2436
范兴,FX,2437
冯霞,FX,2438
冯晞,FX,2439
付霞,FX,2440
费旭,FX,2441
范晓,FX,2442
付想兵,FXB,2443
方希春,FXC,2444
冯旭东,FXD,2445
冯晓芳,FXF,2446
冯旭芳,FXF,2447
樊晓光,FXG,2448
范旭光,FXG,2449
方向红,FXH,2450
冯新建,FXJ,2451
范晓娟,FXJ,2452
方笑金,FXJ,2453
樊新兰,FXL,2454
范晓玲,FXL,2455
范秀丽,FXL,2456
付鲜莉,FXL,2457
付相莉,FXL,2458
范小曼,FXM,2459
符锡梅,FXM,2460
冯向宁,FXN,2461
冯相庆,FXQ,2462
范小群,FXQ,2463
冯晓荣,FXR,2464
樊晓儒,FXR,2465
冯雪松,FXS,2466
冯小涛,FXT,2467
费雄雄,FXX,2468
范献献,FXX,2469
范锡祥,FXX,2470
冯晓雪,FXX,2471
傅晓燕,FXY,2472
房晓宇,FXY,2473
付锡勇,FXY,2474
傅筱云,FXY,2475
方晓奕,FXY,2476
范醒毅,FXY,2477
范雪莹,FXY,2478
范学忠,FXZ,2479
范小朱,FXZ,2480
冯毅,FY,2481
符英,FY,2482
封燚,FY,2483
方勇,FY,2484
冯月,FY,2485
范悦,FY,2486
符扬,FY,2487
范毅,FY,2488
冯茵,FY,2489
付熠,FY,2490
冯艳,FY,2491
封永安,FYA,2492
付言波,FYB,2493
冯玉超,FYC,2494
范一辰,FYC,2495
冯玉成,FYC,2496
方燕儿,FYE,2497
方一飞,FYF,2498
傅云峰,FYF,2499
付仰刚,FYG,2500
范映晖,FYH,2501
付永红,FYH,2502
付云浩,FYH,2503
樊英华,FYH,2504
范业宏,FYH,2505
冯奕君,FYJ,2506
樊艳菊,FYJ,2507
符殷娇,FYJ,2508
樊英杰,FYJ,2509
封玉洁,FYJ,2510
范彦军,FYJ,2511
付永俊,FYJ,2512
傅玉杰,FYJ,2513
冯亚静,FYJ,2514
封颖洁,FYJ,2515
冯云龙,FYL,2516
冯月莉,FYL,2517
樊瑜兰,FYL,2518
符英兰,FYL,2519
范宜民,FYM,2520
方永梅,FYM,2521
房元平,FYP,2522
冯煜庆,FYQ,2523
房耀庆,FYQ,2524
方义清,FYQ,2525
傅艳蔷,FYQ,2526
冯玉荣,FYR,2527
冯尧土,FYT,2528
方雨亭,FYT,2529
付雅婷,FYT,2530
傅曜天,FYT,2531
付熠玮,FYW,2532
冯艳文,FYW,2533
冯耀武,FYW,2534
范越伟,FYW,2535
范银燕,FYY,2536
付艳艳,FYY,2537
方燕燕,FYY,2538
付艳宇,FYY,2539
樊宇智,FYZ,2540
范有珍,FYZ,2541
符战,FZ,2542
冯桢,FZ,2543
范志飞,FZF,2544
凡振峰,FZF,2545
傅增光,FZG,2546
范志国,FZG,2547
奉志辉,FZH,2548
符仲欢,FZH,2549
方泽坚,FZJ,2550
傅卓君,FZJ,2551
符致俊,FZJ,2552
冯治坤,FZK,2553
费彰乐,FZL,2554
房志鹏,FZP,2555
范增群,FZQ,2556
付志清,FZQ,2557
范正婷,FZT,2558
冯中婷,FZT,2559
付振涛,FZT,2560
方仲伟,FZW,2561
付宗学,FZX,2562
冯泽新,FZX,2563
方兆新,FZX,2564
范珍珍,FZZ,2565
郭爱,GA,2566
高安,GA,2567
高昂,GA,2568
郭爱波,GAB,2569
高爱东,GAD,2570
高爱军,GAJ,2571
郭爱杰,GAJ,2572
宫爱萍,GAP,2573
高爱平,GAP,2574
高爱平陪,GAPP,2575
郭安琪,GAQ,2576
高安英,GAY,2577
郭兵,GB,2578
高波,GB,2579
管波,GB,2580
顾标,GB,2581
高彬,GB,2582
郭斌,GB,2583
关兵,GB,2584
郭滨,GB,2585
高兵,GB,2586
郭保吉,GBJ,2587
葛柏林,GBL,2588
高卜强,GBQ,2589
高碧青,GBQ,2590
葛宝琴,GBQ,2591
盖柏先,GBX,2592
高辰,GC,2593
郭城,GC,2594
郭超,GC,2595
光彩,GC,2596
郭川,GC,2597
郭成,GC,2598
顾春,GC,2599
龚辰,GC,2600
高春芳,GCF,2601
桂春风,GCF,2602
高长河,GCH,2603
顾春晖,GCH,2604
关成吉,GCJ,2605
耿传兰,GCL,2606
耿曹力,GCL,2607
管常庆,GCQ,2608
郭超群,GCQ,2609
郭澄清,GCQ,2610
高崇淞,GCS,2611
葛传伟,GCW,2612
龚成霞,GCX,2613
高春燕,GCY,2614
郭长征,GCZ,2615
高春柱,GCZ,2616
关长征,GCZ,2617
顾狄,GD,2618
郭雕,GD,2619
高登,GD,2620
勾德超,GDC,2621
辜大纯,GDC,2622
郭德峰,GDF,2623
郭冬根,GDG,2624
郭丹华,GDH,2625
桂东辉,GDH,2626
高登丽,GDL,2627
顾德利,GDL,2628
龚殿明,GDM,2629
郭冬梅,GDM,2630
郭栋敏,GDM,2631
虢德茜,GDQ,2632
高道田,GDT,2633
甘多文,GDW,2634
郭德勇,GDY,2635
郭德远,GDY,2636
郭定勇,GDY,2637
高殿章,GDZ,2638
格尔,GE,2639
郭二兴,GEX,2640
郭飞,GF,2641
关峰,GF,2642
高峰,GF,2643
甘飞,GF,2644
高芳,GF,2645
高凡,GF,2646
苟峰,GF,2647
郭峰,GF,2648
关芳,GF,2649
官锋,GF,2650
郭方,GF,2651
高飞,GF,2652
高斐,GF,2653
郭富,GF,2654
甘峰,GF,2655
郭方冰,GFB,2656
顾峰峰,GFF,2657
顾凤凤,GFF,2658
郭付林,GFL,2659
龚凤平,GFP,2660
郜凤强,GFQ,2661
古锋胜,GFS,2662
谷凤松,GFS,2663
高光,GG,2664
郭岗,GG,2665
郭国斌,GGB,2666
高广超,GGC,2667
甘国飞,GGF,2668
龚高峰,GGF,2669
顾广浩,GGH,2670
顾国华,GGH,2671
高国健,GGJ,2672
郭庚亮,GGL,2673
龚光明,GGM,2674
桂国权,GGQ,2675
高国拴,GGS,2676
高国拴陪,GGSP,2677
郭桂学,GGX,2678
耿贵贤,GGX,2679
郭冠勋,GGX,2680
高贯玺,GGX,2681
关高原,GGY,2682
郭慧,GH,2683
高辉,GH,2684
郭辉,GH,2685
高虹,GH,2686
高华,GH,2687
高红,GH,2688
郭红,GH,2689
高欢,GH,2690
跟胡,GH,2691
龚浩,GH,2692
甘怀,GH,2693
古红斌,GHB,2694
郭洪波,GHB,2695
高怀宝,GHB,2696
高洪超,GHC,2697
郭洪椿,GHC,2698
葛怀东,GHD,2699
古宏锋,GHF,2700
郭焕海,GHH,2701
郭焕华,GHH,2702
高慧娟,GHJ,2703
郭豪杰,GHJ,2704
高贺亮,GHL,2705
郭汉隆,GHL,2706
郭红利,GHL,2707
耿红丽,GHL,2708
管洪丽,GHL,2709
龚浩鸣,GHM,2710
高虎平,GHP,2711
甘怀强,GHQ,2712
高会山,GHS,2713
郭洪涛,GHT,2714
高宏伟,GHW,2715
关红霞,GHX,2716
耿洪贤,GHX,2717
龚后行,GHX,2718
管海霞,GHX,2719
耿红岩,GHY,2720
郭海洋,GHY,2721
郭华阳,GHY,2722
高华育,GHY,2723
高洪忠,GHZ,2724
郭洪志,GHZ,2725
郭华珍,GHZ,2726
龚静,GJ,2727
郭嘉,GJ,2728
果健,GJ,2729
耿健,GJ,2730
刚洁,GJ,2731
高建,GJ,2732
高见,GJ,2733
郭杰,GJ,2734
高键,GJ,2735
龚军,GJ,2736
高江,GJ,2737
郭军,GJ,2738
龚姣,GJ,2739
高健,GJ,2740
郭瑾,GJ,2741
高君,GJ,2742
郭娟,GJ,2743
葛进,GJ,2744
冮佳,GJ,2745
更吉,GJ,2746
高静,GJ,2747
高继,GJ,2748
郭建,GJ,2749
高军,GJ,2750
郭剑,GJ,2751
高军彩,GJC,2752
高金初,GJC,2753
顾建方,GJF,2754
巩建刚,GJG,2755
高俊果,GJG,2756
高剑光,GJG,2757
郭建辉,GJH,2758
高金海,GJH,2759
顾军红,GJH,2760
高健辉,GJH,2761
郭俊杰,GJJ,2762
郭建军,GJJ,2763
龚健建,GJJ,2764
戈金梁,GJL,2765
高建明,GJM,2766
高俊梅,GJM,2767
郭建蒙,GJM,2768
郭俊梅,GJM,2769
龚建平,GJP,2770
龚景泉,GJQ,2771
高吉荣,GJR,2772
管俊山,GJS,2773
顾建亭,GJT,2774
郭建威,GJW,2775
杲建伟,GJW,2776
龚建文,GJW,2777
郭建伟,GJW,2778
关继伟,GJW,2779
郭锦昕,GJX,2780
甘锦雄,GJX,2781
宫继新,GJX,2782
郭建勇,GJY,2783
管纪跃,GJY,2784
高魁,GK,2785
甘康,GK,2786
郭奎,GK,2787
谷堃,GK,2788
苟坤,GK,2789
高坤,GK,2790
郭坎,GK,2791
顾坤平,GKP,2792
郭凯世,GKS,2793
甘克岁,GKS,2794
高克文,GKW,2795
高磊,GL,2796
龚凌,GL,2797
谷玲,GL,2798
龚雷,GL,2799
甘露,GL,2800
桂莉,GL,2801
郭黎,GL,2802
高凌,GL,2803
高乐,GL,2804
葛莉,GL,2805
高琳,GL,2806
古灵,GL,2807
谷璐,GL,2808
高丽,GL,2809
关立兵,GLB,2810
葛莉丹,GLD,2811
高龙峰,GLF,2812
官礼芳,GLF,2813
葛立刚,GLG,2814
郭乐华,GLH,2815
郭丽君,GLJ,2816
郜留剑,GLJ,2817
高丽娟,GLJ,2818
甘丽丽,GLL,2819
郭丽丽,GLL,2820
葛伶俐,GLL,2821
高莉莉,GLL,2822
郭丽明,GLM,2823
高琳娜,GLN,2824
郭丽萍,GLP,2825
耿丽萍,GLP,2826
郭丽清,GLQ,2827
龚莉莎,GLS,2828
高立伟,GLW,2829
顾丽霞,GLX,2830
顾凌晓,GLX,2831
郭立鑫,GLX,2832
郭立远,GLY,2833
耿凌燕,GLY,2834
宫凌云,GLY,2835
高林源,GLY,2836
郭丽娅,GLY,2837
郭凌云,GLY,2838
高立志,GLZ,2839
葛玫,GM,2840
郭敏,GM,2841
郭孟,GM,2842
高敏,GM,2843
苟铭,GM,2844
格玛,GM,2845
郭萌,GM,2846
管敏,GM,2847
葛梅安,GMA,2848
郭明光,GMG,2849
耿梅红,GMH,2850
谷敏佳,GMJ,2851
郭明均,GMJ,2852
郭明礼,GML,2853
谷曼青,GMQ,2854
高明献,GMX,2855
郭满雄,GMX,2856
郭明学,GMX,2857
郭美玉,GMY,2858
甘美英,GMY,2859
郭梅珍,GMZ,2860
郭娜,GN,2861
高娜,GN,2862
郭宁,GN,2863
甘耐芬,GNF,2864
郭平,GP,2865
高平,GP,2866
郭萍,GP,2867
高萍,GP,2868
谷鹏,GP,2869
郭澎,GP,2870
郭鹏,GP,2871
高盼,GP,2872
顾平,GP,2873
高朋安,GPA,2874
郭朋春,GPC,2875
郭朋程,GPC,2876
郭朋程担,GPCD,2877
郭鹏飞,GPF,2878
郭丕亮,GPL,2879
高平平,GPP,2880
缑培强,GPQ,2881
贵琴,GQ,2882
耿乾,GQ,2883
桂强,GQ,2884
龚琼,GQ,2885
高强,GQ,2886
高乾,GQ,2887
郭琼,GQ,2888
更求,GQ,2889
郭启斌,GQB,2890
顾启东,GQD,2891
苟清峨,GQE,2892
盖秋海,GQH,2893
郭琼华,GQH,2894
顾庆华,GQH,2895
郭启辉,GQH,2896
郭庆龙,GQL,2897
甘其辽,GQL,2898
高清良,GQL,2899
郭庆林,GQL,2900
高全明,GQM,2901
郭庆茂,GQM,2902
更求培,GQP,2903
高秋顺,GQS,2904
甘青松,GQS,2905
郭庆玺,GQX,2906
郭庆霞,GQX,2907
郭秋香,GQX,2908
葛庆艳,GQY,2909
郭庆勇,GQY,2910
郭秋阳,GQY,2911
葛庆忠,GQZ,2912
更却周加,GQZJ,2913
郭蓉,GR,2914
郭芮,GR,2915
格绒初,GRC,2916
龚荣飞,GRF,2917
高荣贵,GRG,2918
高润钢,GRG,2919
甘荣慧,GRH,2920
谷若怀,GRH,2921
郭荣辉,GRH,2922
甘茹兰,GRL,2923
格日乐,GRL,2924
顾溶熔,GRR,2925
高如心,GRX,2926
尕让卓玛,GRZM,2927
耿圣,GS,2928
格桑,GS,2929
高山,GS,2930
高昇,GS,2931
盖士,GS,2932
葛松彬,GSB,2933
格桑多吉,GSDJ,2934
高淑芬,GSF,2935
管仕芳,GSF,2936
郭绍革,GSG,2937
郭素刚,GSG,2938
高守国,GSG,2939
葛顺华,GSH,2940
郭声华,GSH,2941
高圣军,GSJ,2942
关树君,GSJ,2943
关树军,GSJ,2944
郭世锟,GSK,2945
郭胜利,GSL,2946
格桑罗布,GSLB,2947
葛胜楠,GSN,2948
高水琴,GSQ,2949
郭士骞,GSQ,2950
郭胜强,GSQ,2951
格桑曲珍,GSQZ,2952
过水生,GSS,2953
高素文,GSW,2954
郭善伟,GSW,2955
郭松伟,GSW,2956
盖士贤,GSX,2957
郭树雄,GSX,2958
高淑英,GSY,2959
龚少英,GSY,2960
高世阳,GSY,2961
关韬,GT,2962
桂彤,GT,2963
高泰,GT,2964
高天飞,GTF,2965
关天国,GTG,2966
关铁华,GTH,2967
高铁军,GTJ,2968
龚太阔,GTK,2969
高田生,GTS,2970
高同伟,GTW,2971
郭同忠,GTZ,2972
郭炜,GW,2973
龚文,GW,2974
高伟,GW,2975
高文,GW,2976
龚雯,GW,2977
郭文,GW,2978
高威,GW,2979
郭文波,GWB,2980
郜万斌,GWB,2981
高卫兵,GWB,2982
高文斌,GWB,2983
龚文兵,GWB,2984
郭卫东,GWD,2985
甘卫东,GWD,2986
郭为国,GWG,2987
甘为华,GWH,2988
顾文杰,GWJ,2989
高维杰,GWJ,2990
郭文凯,GWK,2991
龚文莉,GWL,2992
高万丽,GWL,2993
龚维民,GWM,2994
高文明,GWM,2995
甘蔚萍,GWP,2996
甘文萍,GWP,2997
顾炜青,GWQ,2998
甘文婷,GWT,2999
郭文伟,GWW,3000
郭文卫,GWW,3001
郭威位,GWW,3002
龚文中,GWZ,3003
高欣,GX,3004
郭新,GX,3005
龚祥,GX,3006
龚讯,GX,3007
高翔,GX,3008
耿新,GX,3009
郭雄,GX,3010
过霞,GX,3011
郭翔,GX,3012
葛宣,GX,3013
郭旭,GX,3014
甘祥,GX,3015
宫小,GX,3016
郭雪,GX,3017
龚雪,GX,3018
古晓,GX,3019
甘鲜,GX,3020
郭霞,GX,3021
高先,GX,3022
管晓东,GXD,3023
龚秀甫,GXF,3024
高先峰,GXF,3025
葛学峰,GXF,3026
高晓光,GXG,3027
郭晓华,GXH,3028
管晓慧,GXH,3029
郭小红,GXH,3030
高晓娟,GXJ,3031
高效吉,GXJ,3032
郭晓军,GXJ,3033
龚秀娟,GXJ,3034
高秀君,GXJ,3035
郭小娟,GXJ,3036
高晓军,GXJ,3037
郭晓堃,GXK,3038
公绪龙,GXL,3039
郭曦霖,GXL,3040
龚西岭,GXL,3041
关晓利,GXL,3042
葛新亮,GXL,3043
顾小丽,GXL,3044
高晓玲,GXL,3045
关雪莲,GXL,3046
龚新连,GXL,3047
谷雪莲,GXL,3048
顾薛磊,GXL,3049
顾旭玫,GXM,3050
高孝明,GXM,3051
郭晓玫,GXM,3052
高小明,GXM,3053
葛雪媚,GXM,3054
顾新楠,GXN,3055
高雪宁,GXN,3056
郭晓萍,GXP,3057
郭晓琴,GXQ,3058
葛秀群,GXQ,3059
巩晓清,GXQ,3060
郭选让,GXR,3061
郭晓瑞,GXR,3062
龚雪瑞,GXR,3063
宫小汀,GXT,3064
龚笑笑,GXX,3065
古晓曦,GXX,3066
郭小霞,GXX,3067
郭兴益,GXY,3068
甘祥杨,GXY,3069
郭晓玉,GXY,3070
郭晓寅,GXY,3071
甘锡忠,GXZ,3072
龚兴忠,GXZ,3073
顾瑜,GY,3074
顾杨,GY,3075
苟永,GY,3076
郭瑶,GY,3077
高毅,GY,3078
甘英,GY,3079
郭玉,GY,3080
郭郁,GY,3081
龚亚,GY,3082
耿莹,GY,3083
郭莹,GY,3084
郭艳,GY,3085
耿玉,GY,3086
龚瑜,GY,3087
关勇,GY,3088
高永,GY,3089
高源,GY,3090
郜源,GY,3091
高燕,GY,3092
郭勇,GY,3093
郭毅,GY,3094
高扬,GY,3095
高银,GY,3096
桂勇,GY,3097
高原,GY,3098
谷月,GY,3099
高岩,GY,3100
高勇,GY,3101
郭寅,GY,3102
高云,GY,3103
高雨,GY,3104
盖燕,GY,3105
关媛,GY,3106
龚琰,GY,3107
顾勇,GY,3108
郜源安,GYA,3109
郭云波,GYB,3110
龚永博,GYB,3111
郭彦彬,GYB,3112
耿亚斌,GYB,3113
宫元达,GYD,3114
龚月恩,GYE,3115
郭延风,GYF,3116
葛云飞,GYF,3117
郭永革,GYG,3118
甘永洪,GYH,3119
龚亚红,GYH,3120
高玉和,GYH,3121
郭跃华,GYH,3122
高玉红,GYH,3123
高沿江,GYJ,3124
龚拥军,GYJ,3125
郭延景,GYJ,3126
管玉洁,GYJ,3127
耿宇剑,GYJ,3128
高艳丽,GYL,3129
管义龙,GYL,3130
高永林,GYL,3131
郭艳美,GYM,3132
巩一鸣,GYM,3133
顾雅男,GYN,3134
高亚男,GYN,3135
顾亚平,GYP,3136
郭越群,GYQ,3137
桂映清,GYQ,3138
管友樵,GYQ,3139
关永强,GYQ,3140
郭泳岐,GYQ,3141
耿艳荣,GYR,3142
顾元生,GYS,3143
郭玉婷,GYT,3144
郭永堂,GYT,3145
耿彦伟,GYW,3146
关燕霞,GYX,3147
高亚香,GYX,3148
高玉贤,GYX,3149
高永颖,GYY,3150
耿媛媛,GYY,3151
高玉英,GYY,3152
郭袁媛,GYY,3153
桂云燕,GYY,3154
郭云云,GYY,3155
郭彦宇,GYY,3156
郭勇致,GYZ,3157
古英智,GYZ,3158
郭永智,GYZ,3159
郭玉珠,GYZ,3160
郭震,GZ,3161
郭正安,GZA,3162
葛照博,GZB,3163
巩子兵,GZB,3164
谷志传,GZC,3165
郭自成,GZC,3166
高正纲,GZG,3167
郭朝晖,GZH,3168
谷忠海,GZH,3169
龚占辉,GZH,3170
龚长华,GZH,3171
高智辉,GZH,3172
郭祚辉,GZH,3173
郭章辉,GZH,3174
顾智娟,GZJ,3175
宫兆军,GZJ,3176
郭子靓,GZJ,3177
高中杰,GZJ,3178
郭振军,GZJ,3179
郭兆林,GZL,3180
高兆利,GZL,3181
郜志龙,GZL,3182
盖志凌,GZL,3183
高振礼,GZL,3184
高宗敏,GZM,3185
郭志梅,GZM,3186
高忠明,GZM,3187
郭志平,GZP,3188
郭振强,GZQ,3189
郭志强,GZQ,3190
郭忠仁,GZR,3191
郭昭容,GZR,3192
公振山,GZS,3193
郭正武,GZW,3194
高中祥,GZX,3195
高志新,GZX,3196
郭增相,GZX,3197
郭周勇,GZY,3198
高志远,GZY,3199
葛子燕,GZY,3200
郭宗耀,GZY,3201
顾正仰,GZY,3202
高泽言,GZY,3203
何爱,HA,3204
胡安,HA,3205
黄爱,HA,3206
何爱东,HAD,3207
黄爱娣,HAD,3208
何爱军,HAJ,3209
郝爱良,HAL,3210
黄爱玲,HAL,3211
韩安民,HAM,3212
何爱民,HAM,3213
黄爱妮,HAN,3214
胡安泉,HAQ,3215
黄斌,HB,3216
韩彬,HB,3217
霍彪,HB,3218
华兵,HB,3219
何斌,HB,3220
韩彪,HB,3221
胡斌,HB,3222
郝滨,HB,3223
黄镔,HB,3224
黄波,HB,3225
胡兵,HB,3226
韩波,HB,3227
黄彬,HB,3228
胡斌兵,HBB,3229
郝斌斌,HBB,3230
黄镔独任,HBDR,3231
黄碧辉,HBH,3232
黄碧莲,HBL,3233
黄宝亮,HBL,3234
胡白浪,HBL,3235
何宝明,HBM,3236
黄伯青,HBQ,3237
贺炳仁,HBR,3238
黄碧燕,HBY,3239
韩宝玉,HBY,3240
黄炳炎,HBY,3241
何川,HC,3242
黄朝,HC,3243
黄澄,HC,3244
郝春,HC,3245
黄春,HC,3246
黄晨,HC,3247
黄聪,HC,3248
何春,HC,3249
胡超,HC,3250
胡纯,HC,3251
黄崇彬,HCB,3252
胡长春,HCC,3253
黄常春,HCC,3254
何陈灿,HCC,3255
黄长春,HCC,3256
胡春芳,HCF,3257
洪翠凤,HCF,3258
户传飞,HCF,3259
洪春风,HCF,3260
贺春辉,HCH,3261
何春华,HCH,3262
郝春虹,HCH,3263
黄常菊,HCJ,3264
黄川江,HCJ,3265
扈朝杰,HCJ,3266
洪超兰,HCL,3267
韩春龙,HCL,3268
黄聪利,HCL,3269
海春莲,HCL,3270
贺春梅,HCM,3271
黄聪敏,HCM,3272
何春梅,HCM,3273
何郴敏,HCM,3274
黄超敏,HCM,3275
胡朝梅,HCM,3276
何才宁,HCN,3277
侯春平,HCP,3278
胡春鹏,HCP,3279
黄成儒,HCR,3280
何春荣,HCR,3281
黄春水,HCS,3282
胡春生,HCS,3283
胡才生,HCS,3284
黄崇涛,HCT,3285
洪成武,HCW,3286
胡春炜,HCW,3287
郝春香,HCX,3288
黄春新,HCX,3289
韩彩霞,HCX,3290
胡才喜,HCX,3291
黄丛西,HCX,3292
郝春祥,HCX,3293
黄陈玉,HCY,3294
韩承友,HCY,3295
黄春艳,HCY,3296
黄朝映,HCY,3297
黄春宇,HCY,3298
何春芽,HCY,3299
黄纯玉,HCY,3300
韩朝增,HCZ,3301
何春竹,HCZ,3302
贺滴,HD,3303
华栋,HD,3304
黄丹,HD,3305
赫东,HD,3306
胡丹,HD,3307
韩栋,HD,3308
黄德斌,HDB,3309
黄殿波,HDB,3310
黄德波,HDB,3311
黄德才,HDC,3312
黄登岱,HDD,3313
胡丹独任,HDDR,3314
黄东风,HDF,3315
胡东福,HDF,3316
韩德贵,HDG,3317
胡德红,HDH,3318
黄大华,HDH,3319
胡东豪,HDH,3320
韩东杰,HDJ,3321
黄大健,HDJ,3322
胡栋梁,HDL,3323
韩冬丽,HDL,3324
杭德领,HDL,3325
胡冬明,HDM,3326
胡端梅,HDM,3327
胡德明,HDM,3328
黄道强,HDQ,3329
胡东荣,HDR,3330
胡东山,HDS,3331
侯德顺,HDS,3332
黄丹涛,HDT,3333
侯冬霞,HDX,3334
黄德雄,HDX,3335
侯东祥,HDX,3336
黄登远,HDY,3337
黄丹媛,HDY,3338
何道云,HDY,3339
何定云,HDY,3340
火东燕,HDY,3341
韩当子,HDZ,3342
黄恩,HE,3343
华尔丹,HED,3344
侯二伟,HEW,3345
合峰,HF,3346
侯风,HF,3347
胡芳,HF,3348
黄芳,HF,3349
韩锋,HF,3350
黄飞,HF,3351
何锋,HF,3352
韩飞,HF,3353
何峰,HF,3354
何福,HF,3355
侯凤,HF,3356
韩芳,HF,3357
韩福臣,HFC,3358
胡福东,HFD,3359
合峰独任,HFDR,3360
黄芳独任,HFDR,3361
侯风独任,HFDR,3362
黄斐斐,HFF,3363
何甫峰,HFF,3364
何凤华,HFH,3365
黄凤军,HFJ,3366
黄福林,HFL,3367
何发林,HFL,3368
韩凤明,HFM,3369
胡烽明,HFM,3370
黄凤琴,HFQ,3371
胡方权,HFQ,3372
黄富强,HFQ,3373
皇甫权,HFQ,3374
和凤生,HFS,3375
和风生,HFS,3376
何凤祥,HFX,3377
何富鑫,HFX,3378
韩反修,HFX,3379
郝福秀,HFX,3380
胡凤霞,HFX,3381
黄福营,HFY,3382
胡风云,HFY,3383
黄刚,HG,3384
何刚,HG,3385
黄戈,HG,3386
胡耿,HG,3387
胡国标,HGB,3388
胡国标担,HGBD,3389
黄桂春,HGC,3390
黄桂芬,HGF,3391
贺国华,HGH,3392
虎桂花,HGH,3393
胡国华,HGH,3394
黄冠婕,HGJ,3395
郝桂菊,HGJ,3396
胡国杰,HGJ,3397
何国林,HGL,3398
何国利,HGL,3399
黄桂宁,HGN,3400
胡桂琴,HGQ,3401
黄光前,HGQ,3402
韩国强,HGQ,3403
何干祥,HGX,3404
郝改霞,HGX,3405
黄冠毅,HGY,3406
胡国艳,HGY,3407
胡公益,HGY,3408
黄光忠,HGZ,3409
黄涵,HH,3410
胡虹,HH,3411
黄璜,HH,3412
胡慧,HH,3413
胡湖,HH,3414
韩宏,HH,3415
胡浩,HH,3416
黄晖,HH,3417
胡洪,HH,3418
黄海,HH,3419
韩辉,HH,3420
黄华,HH,3421
黄河,HH,3422
韩慧,HH,3423
黄慧,HH,3424
呼和,HH,3425
贺恒,HH,3426
慧慧,HH,3427
黄宏,HH,3428
韩欢,HH,3429
黄欢,HH,3430
黄鹤,HH,3431
何徽,HH,3432
胡欢,HH,3433
洪沪,HH,3434
何辉,HH,3435
胡华,HH,3436
韩海斌,HHB,3437
胡洪彬,HHB,3438
何海滨,HHB,3439
黄洪彬,HHB,3440
胡洪春,HHC,3441
阚怀春,HHC,3442
洪欢东,HHD,3443
胡慧独任,HHDR,3444
黄惠芳,HHF,3445
何恒飞,HHF,3446
和蕙芳,HHF,3447
贺海辉,HHH,3448
黄红红,HHH,3449
胡红军,HHJ,3450
何华娟,HHJ,3451
黄海健,HHJ,3452
胡红林,HHL,3453
侯洪林,HHL,3454
胡宏林,HHL,3455
郝宏亮,HHL,3456
黄河龙,HHL,3457
黄海林,HHL,3458
韩会丽,HHL,3459
胡汉明,HHM,3460
胡火明,HHM,3461
黄惠敏,HHM,3462
胡红梅,HHM,3463
郝红梅,HHM,3464
黄慧敏,HHM,3465
侯红梅,HHM,3466
胡红密,HHM,3467
胡会平,HHP,3468
贺海平,HHP,3469
黄海钦,HHQ,3470
黄汉球,HHQ,3471
郝海荣,HHR,3472
洪沪淞,HHS,3473
黄慧珊,HHS,3474
黄海涛,HHT,3475
黄海文,HHW,3476
韩宏伟,HHW,3477
扈宏武,HHW,3478
黄会银,HHY,3479
黄海燕,HHY,3480
韩恒印,HHY,3481
黄华莹,HHY,3482
何泓屿,HHY,3483
何慧颖,HHY,3484
韩会元,HHY,3485
何海瑛,HHY,3486
何辉英,HHY,3487
韩洪艳,HHY,3488
韩宏哲,HHZ,3489
黄慧珍,HHZ,3490
黄鸿志,HHZ,3491
黄坚,HJ,3492
何娇,HJ,3493
胡江,HJ,3494
何晶,HJ,3495
侯江,HJ,3496
黄剑,HJ,3497
韩军,HJ,3498
黄建,HJ,3499
黄键,HJ,3500
胡静,HJ,3501
黄娟,HJ,3502
黄江,HJ,3503
何健,HJ,3504
黄敬,HJ,3505
何继,HJ,3506
黄锦,HJ,3507
韩骏,HJ,3508
洪军,HJ,3509
黄静,HJ,3510
黄景,HJ,3511
花洁,HJ,3512
胡健,HJ,3513
贺洁,HJ,3514
韩晶,HJ,3515
胡炬,HJ,3516
韩健,HJ,3517
胡锦,HJ,3518
黄捷,HJ,3519
何骏,HJ,3520
黄婧,HJ,3521
韩杰,HJ,3522
洪珏,HJ,3523
洪锦,HJ,3524
何静,HJ,3525
胡继,HJ,3526
黄佳,HJ,3527
何静波,HJB,3528
黄杰斌,HJB,3529
黄静波,HJB,3530
何锦彬,HJB,3531
何俊斌,HJB,3532
黄家才,HJC,3533
胡敬春,HJC,3534
韩金辰,HJC,3535
胡进冲,HJC,3536
胡锦超,HJC,3537
黄集德,HJD,3538
韩建东,HJD,3539
黄静独任,HJDR,3540
郝建峰,HJF,3541
惠金福,HJF,3542
何剑峰,HJF,3543
黄剑烽,HJF,3544
郝建锋,HJF,3545
胡金发,HJF,3546
贺剑锋,HJF,3547
韩娟峰,HJF,3548
黄江凤,HJF,3549
黄建峰,HJF,3550
胡家根,HJG,3551
贺建国,HJG,3552
黄建高,HJG,3553
黄建红,HJH,3554
黄俊慧,HJH,3555
侯敬华,HJH,3556
胡建华,HJH,3557
胡精华,HJH,3558
胡金和,HJH,3559
何建华,HJH,3560
胡锦辉,HJH,3561
胡金华,HJH,3562
韩建辉,HJH,3563
胡菁菁,HJJ,3564
黄建军,HJJ,3565
胡金江,HJJ,3566
何基吉,HJJ,3567
黄建烈,HJL,3568
黄建龙,HJL,3569
胡健蕾,HJL,3570
韩建林,HJL,3571
黄菊兰,HJL,3572
何建良,HJL,3573
侯军丽,HJL,3574
黄杰梅,HJM,3575
韩建民,HJM,3576
侯金明,HJM,3577
黄建年,HJN,3578
侯金鹏,HJP,3579
何建平,HJP,3580
何晶平,HJP,3581
何俊强,HJQ,3582
胡景奇,HJQ,3583
胡建强,HJQ,3584
胡洁茜,HJQ,3585
黄剑清,HJQ,3586
何菊荣,HJR,3587
胡建生,HJS,3588
何劲松,HJS,3589
黄建涛,HJT,3590
胡健涛,HJT,3591
何建通,HJT,3592
黄基伟,HJW,3593
贺进武,HJW,3594
何嘉武,HJW,3595
何君武,HJW,3596
何金渭,HJW,3597
何静雯,HJW,3598
胡家旭,HJX,3599
何锦祥,HJX,3600
黄建兴,HJX,3601
韩继欣,HJX,3602
黄君校,HJX,3603
和金秀,HJX,3604
何建雄,HJX,3605
胡继源,HJY,3606
黄家银,HJY,3607
黄进元,HJY,3608
胡建英,HJY,3609
洪建英,HJY,3610
黄居英,HJY,3611
胡冀宇,HJY,3612
黄婕莹,HJY,3613
何建钰,HJY,3614
郝敬尧,HJY,3615
韩进义,HJY,3616
贺家政,HJZ,3617
黄佶喆,HJZ,3618
韩景芝,HJZ,3619
黄奎,HK,3620
黄凯,HK,3621
胡珂,HK,3622
何科,HK,3623
黄恺,HK,3624
胡锟,HK,3625
胡克海,HKH,3626
洪珂珂,HKK,3627
黄坤生,HKS,3628
洪克涛,HKT,3629
胡凯欣,HKX,3630
胡开艳,HKY,3631
黄开芝,HKZ,3632
何丽,HL,3633
黄莉,HL,3634
黄琳,HL,3635
胡亮,HL,3636
黄璐,HL,3637
黄霖,HL,3638
韩磊,HL,3639
黄亮,HL,3640
胡龙,HL,3641
胡丽,HL,3642
华璐,HL,3643
侯玲,HL,3644
侯良,HL,3645
何利,HL,3646
黄丽,HL,3647
黄玲,HL,3648
何力,HL,3649
黄凌,HL,3650
黄雷,HL,3651
何玲,HL,3652
何露,HL,3653
花丽,HL,3654
韩立,HL,3655
韩莉,HL,3656
何林,HL,3657
洪磊,HL,3658
黄伦斌,HLB,3659
何良彬,HLB,3660
何龙潮,HLC,3661
黄琳独任,HLDR,3662
何丽独任,HLDR,3663
贺丽凤,HLF,3664
黄龙飞,HLF,3665
胡丽芳,HLF,3666
黄连庚,HLG,3667
韩立广,HLG,3668
侯连果,HLG,3669
何利华,HLH,3670
何罗宏,HLH,3671
黄利华,HLH,3672
贺林海,HLH,3673
胡龙汉,HLH,3674
侯丽娟,HLJ,3675
胡连钧,HLJ,3676
侯立军,HLJ,3677
何丽洁,HLJ,3678
侯蔺桔,HLJ,3679
黄丽坤,HLK,3680
胡玲玲,HLL,3681
何露露,HLL,3682
何丽丽,HLL,3683
贺黎黎,HLL,3684
胡利民,HLM,3685
胡黎明,HLM,3686
胡林娜,HLN,3687
黄丽娜,HLN,3688
惠丽娜,HLN,3689
韩立宁,HLN,3690
韩莉萍,HLP,3691
贺良平,HLP,3692
韩亮平,HLP,3693
侯良清,HLQ,3694
和利强,HLQ,3695
和丽琼,HLQ,3696
胡丽群,HLQ,3697
侯良石,HLS,3698
黄烈生,HLS,3699
黄兰蔚,HLW,3700
侯立伟,HLW,3701
黄亮锡,HLX,3702
黄柳霞,HLX,3703
黄丽艳,HLY,3704
洪羚燕,HLY,3705
胡灵艳,HLY,3706
胡录耀,HLY,3707
黄娄莹,HLY,3708
华丽瑛,HLY,3709
何莉珍,HLZ,3710
韩丽珍,HLZ,3711
花明,HM,3712
黄敏,HM,3713
何敏,HM,3714
黄明,HM,3715
胡敏,HM,3716
侯鸣,HM,3717
黄梅,HM,3718
韩闽,HM,3719
侯猛,HM,3720
洪敏,HM,3721
韩梅,HM,3722
胡明,HM,3723
洪明,HM,3724
胡明波,HMB,3725
黄明策,HMC,3726
何明光,HMG,3727
何敏华,HMH,3728
何明宏,HMH,3729
黄明辉,HMH,3730
郝明红,HMH,3731
黄明军,HMJ,3732
侯麦菊,HMJ,3733
韩萌萌,HMM,3734
黄明鸣,HMM,3735
黄敏琼,HMQ,3736
黄明琪,HMQ,3737
胡明生,HMS,3738
和木生,HMS,3739
胡名态,HMT,3740
黄明晓,HMX,3741
黄明鑫,HMX,3742
侯明霞,HMX,3743
黄宁,HN,3744
黄娜,HN,3745
黄妮,HN,3746
黄妮独任,HNDR,3747
郝宁宁,HNN,3748
韩宁宁,HNN,3749
贺宁泊,HNP,3750
胡南数三,HNSS,3751
黄宁幸,HNX,3752
黄怒雄,HNX,3753
胡频,HP,3754
何平,HP,3755
侯沛,HP,3756
胡鹏,HP,3757
黄萍,HP,3758
侯培栋,HPD,3759
韩鹏飞,HPF,3760
黄平杰,HPJ,3761
郝平平,HPP,3762
黄佩贤,HPX,3763
黄品雁,HPY,3764
黄勤,HQ,3765
黄琪,HQ,3766
黄强,HQ,3767
何茜,HQ,3768
韩秋,HQ,3769
黄勍,HQ,3770
胡奇,HQ,3771
胡勤,HQ,3772
黄倩,HQ,3773
黄前,HQ,3774
贺琼,HQ,3775
何庆,HQ,3776
贺群,HQ,3777
胡琼,HQ,3778
洪桥,HQ,3779
胡前程,HQC,3780
胡乾锋,HQF,3781
胡乔斐,HQF,3782
和秋凤,HQF,3783
黄庆华,HQH,3784
华青加布,HQJB,3785
何强宽,HQK,3786
何齐礼,HQL,3787
洪琪琳,HQL,3788
黄秋玲,HQL,3789
黄俏莉,HQL,3790
贺庆梅,HQM,3791
黄强强,HQQ,3792
胡欠欠,HQQ,3793
胡启旺,HQW,3794
黄庆孝,HQX,3795
黄勤鑫,HQX,3796
黄奇新,HQX,3797
郝巧仙,HQX,3798
胡琴仙,HQX,3799
惠钦贤,HQX,3800
何秋月,HQY,3801
黄秋燕,HQY,3802
黄琼懿,HQY,3803
黄起早,HQZ,3804
和桥柱,HQZ,3805
何嵘,HR,3806
胡荣,HR,3807
黄荣,HR,3808
和蓉,HR,3809
胡燃,HR,3810
韩睿,HR,3811
黄锐斌,HRB,3812
呼日查,HRC,3813
韩任畴,HRC,3814
何儒盾,HRD,3815
韩瑞锋,HRF,3816
何任国,HRG,3817
何日宏,HRH,3818
郝睿鸿,HRH,3819
韩如龙,HRL,3820
胡溶溶,HRR,3821
黄荣松,HRS,3822
何荣双担,HRSD,3823
何荣添,HRT,3824
胡芮芯,HRX,3825
黄恕,HS,3826
黄生,HS,3827
黄绍,HS,3828
韩善,HS,3829
黄爽,HS,3830
胡适,HS,3831
黄帅,HS,3832
黄盛,HS,3833
韩霜,HS,3834
黄少斌,HSB,3835
胡顺彪,HSB,3836
和顺才,HSC,3837
胡胜春,HSC,3838
何世冬,HSD,3839
黄盛东,HSD,3840
胡少峰,HSF,3841
胡淑锋,HSF,3842
华社光,HSG,3843
何曙光,HSG,3844
胡圣华,HSH,3845
黄绍红,HSH,3846
黄石慧,HSH,3847
侯诗海,HSH,3848
胡世俊,HSJ,3849
黄素俭,HSJ,3850
黄绍杰,HSJ,3851
黄生计,HSJ,3852
黄绍阶,HSJ,3853
黄树杰,HSJ,3854
韩素坤,HSK,3855
胡少魁,HSK,3856
郝树楷,HSK,3857
侯树丽,HSL,3858
何少良,HSL,3859
胡淑玲,HSL,3860
黄少兰,HSL,3861
胡少林,HSL,3862
韩石磊,HSL,3863
黄诗梅,HSM,3864
何世木盛,HSMS,3865
哈少朋,HSP,3866
黄山平,HSP,3867
黄生全,HSQ,3868
黄胜强,HSQ,3869
何诗琼,HSQ,3870
何世全,HSQ,3871
黄盛青,HSQ,3872
黄盛全,HSQ,3873
胡世前,HSQ,3874
黄淑荣,HSR,3875
洪绍荣,HSR,3876
何世盛,HSS,3877
贺生胜,HSS,3878
虎世森,HSS,3879
黄少文,HSW,3880
黄绍文,HSW,3881
郝诗卫,HSW,3882
何述雄,HSX,3883
胡世雄,HSX,3884
黄深源,HSY,3885
韩世渊,HSY,3886
黄士英,HSY,3887
韩淑珍,HSZ,3888
何夙志,HSZ,3889
何声章,HSZ,3890
洪涛,HT,3891
贺涛,HT,3892
黄桐,HT,3893
黄涛,HT,3894
华涛,HT,3895
胡涛,HT,3896
贺婷,HT,3897
韩涛,HT,3898
何涛,HT,3899
海涛,HT,3900
胡婷,HT,3901
黄婷,HT,3902
胡通贵,HTG,3903
黄田火,HTH,3904
黄天娇,HTJ,3905
黄淘涛,HTT,3906
郝田田,HTT,3907
黄婷婷,HTT,3908
胡廷霞,HTX,3909
韩天宇,HTY,3910
黄婷玉,HTY,3911
何腾英,HTY,3912
黄天勇,HTY,3913
黄天宇,HTY,3914
胡泰忠,HTZ,3915
胡伟,HW,3916
黄伟,HW,3917
何卫,HW,3918
韩为,HW,3919
何为,HW,3920
贺维,HW,3921
韩薇,HW,3922
何吾,HW,3923
侯文,HW,3924
黄巍,HW,3925
黄威,HW,3926
惠文,HW,3927
黄文彬,HWB,3928
黄文兵,HWB,3929
何文波,HWB,3930
胡卫东,HWD,3931
胡伟东,HWD,3932
何为独任,HWDR,3933
黄万飞,HWF,3934
黄伟高,HWG,3935
黄文贵,HWG,3936
黄文辉,HWH,3937
韩卫红,HWH,3938
何卫华,HWH,3939
黄为华,HWH,3940
黄卫红,HWH,3941
胡文娟,HWJ,3942
侯文君,HWJ,3943
胡文君,HWJ,3944
郝文军,HWJ,3945
胡雯杰,HWJ,3946
黄伟佳,HWJ,3947
何文娟,HWJ,3948
胡文佳,HWJ,3949
惠文娟,HWJ,3950
黄文丽,HWL,3951
黄文龙,HWL,3952
何伟丽,HWL,3953
贺维民,HWM,3954
黄伟民,HWM,3955
洪完明,HWM,3956
侯维平,HWP,3957
黄文琼,HWQ,3958
黄伟群,HWQ,3959
黄伟强,HWQ,3960
何汶芮,HWR,3961
黄文寿,HWS,3962
何万廷,HWT,3963
胡薇薇,HWW,3964
郝文祥,HWX,3965
黄武雄,HWX,3966
黄文新,HWX,3967
黄未贤,HWX,3968
胡武雄,HWX,3969
何维欣,HWX,3970
何文仪,HWY,3971
何吾勇,HWY,3972
黄文勇,HWY,3973
何汶洋,HWY,3974
黄伟忠,HWZ,3975
何晓,HX,3976
胡潇,HX,3977
胡献,HX,3978
何雄,HX,3979
侯新,HX,3980
黄鑫,HX,3981
侯勋,HX,3982
胡晓,HX,3983
洪侠,HX,3984
黄旭,HX,3985
黄新,HX,3986
黄翔,HX,3987
胡曦,HX,3988
胡许,HX,3989
侯迅,HX,3990
胡翔,HX,3991
侯向,HX,3992
黄雄,HX,3993
胡新,HX,3994
惠昕,HX,3995
黄谢,HX,3996
胡轩,HX,3997
韩鑫,HX,3998
何香,HX,3999
何湘波,HXB,4000
黄汐滨,HXB,4001
韩晓波,HXB,4002
何小春,HXC,4003
黄学成,HXC,4004
胡学成,HXC,4005
黄晓丹,HXD,4006
胡向东,HXD,4007
侯晓东,HXD,4008
胡旭东,HXD,4009
韩旭东,HXD,4010
郝晓东,HXD,4011
黄先锋,HXF,4012
黄秀芬,HXF,4013
黄锡芳,HXF,4014
黄晓芬,HXF,4015
何肖飞,HXF,4016
胡旭芬,HXF,4017
何晓芳,HXF,4018
韩雪峰,HXF,4019
黄仙方,HXF,4020
和雪芬,HXF,4021
黄小锋,HXF,4022
黄香港,HXG,4023
韩晓光,HXG,4024
黄晓虹,HXH,4025
胡秀华,HXH,4026
侯秀华,HXH,4027
黄兴晖,HXH,4028
惠晓华,HXH,4029
胡新华,HXH,4030
黄晓慧,HXH,4031
胡晓虹,HXH,4032
黄晓华,HXH,4033
黄锡辉,HXH,4034
黄晓辉,HXH,4035
贺湘华,HXH,4036
韩希慧,HXH,4037
贺晓华,HXH,4038
胡晓晖,HXH,4039
胡晓红,HXH,4040
黄新江,HXJ,4041
韩秀军,HXJ,4042
韩效军,HXJ,4043
花秀骏,HXJ,4044
胡小晶,HXJ,4045
韩晓将,HXJ,4046
胡先科,HXK,4047
贺宪奎,HXK,4048
韩旭康,HXK,4049
郝小丽,HXL,4050
胡小林,HXL,4051
韩小亮,HXL,4052
黄雪玲,HXL,4053
韩笑莲,HXL,4054
侯晓莉,HXL,4055
韩祥龙,HXL,4056
黄雪梅,HXM,4057
胡雪梅,HXM,4058
侯晓明,HXM,4059
何鑫敏,HXM,4060
胡选民,HXM,4061
贺晓梅,HXM,4062
黄晓梅,HXM,4063
胡晓宁,HXN,4064
郝星男,HXN,4065
黄欣平,HXP,4066
胡秀萍,HXP,4067
黄夏萍,HXP,4068
和晓璞,HXP,4069
何晓青,HXQ,4070
何相庆,HXQ,4071
韩秀岐,HXQ,4072
胡晓青,HXQ,4073
黄秀琴,HXQ,4074
胡许晴,HXQ,4075
胡小强,HXQ,4076
黄秀琼,HXQ,4077
胡小青,HXQ,4078
胡绪庆,HXQ,4079
侯兴荣,HXR,4080
胡欣荣,HXR,4081
胡孝松,HXS,4082
郝祥森,HXS,4083
郝学廷,HXT,4084
胡小卫,HXW,4085
黄晓雯,HXW,4086
胡学文,HXW,4087
何祥文,HXW,4088
郝喜喜,HXX,4089
胡祥新,HXX,4090
胡晓艳,HXY,4091
何向阳,HXY,4092
黄小益,HXY,4093
黄小燕,HXY,4094
胡旭阳,HXY,4095
何锡勇,HXY,4096
贺学赟,HXY,4097
霍晓宇,HXY,4098
胡歆怡,HXY,4099
胡馨月,HXY,4100
胡向阳,HXY,4101
黄新友,HXY,4102
黄兴重,HXZ,4103
洪秀珍,HXZ,4104
侯先志,HXZ,4105
黄亚,HY,4106
何燕,HY,4107
郝燕,HY,4108
韩奕,HY,4109
韩英,HY,4110
胡益,HY,4111
胡勇,HY,4112
黄艳,HY,4113
黄英,HY,4114
黄燕,HY,4115
韩宇,HY,4116
胡燕,HY,4117
韩燕,HY,4118
胡筠,HY,4119
胡媛,HY,4120
花艳,HY,4121
何渊,HY,4122
胡佑,HY,4123
华艳,HY,4124
胡漪,HY,4125
韩野,HY,4126
何莹,HY,4127
何艳,HY,4128
黄毅,HY,4129
黄颖,HY,4130
洪英,HY,4131
洪叶,HY,4132
黄云,HY,4133
何彦,HY,4134
胡永,HY,4135
郝袁,HY,4136
黄莹,HY,4137
黄耀,HY,4138
华瑜,HY,4139
何煜,HY,4140
黄勇,HY,4141
胡艳,HY,4142
胡洋,HY,4143
胡阳,HY,4144
黄永,HY,4145
红英,HY,4146
胡岳,HY,4147
韩跃,HY,4148
侯洋,HY,4149
胡毅,HY,4150
韩勇,HY,4151
黄渝,HY,4152
黄烨,HY,4153
何远,HY,4154
韩艳,HY,4155
侯艳,HY,4156
胡亚斌,HYB,4157
何玉斌,HYB,4158
韩义波,HYB,4159
何云波,HYB,4160
韩耀臣,HYC,4161
韩艳春,HYC,4162
胡宇澄,HYC,4163
何应昌,HYC,4164
郝宜春,HYC,4165
黄友春,HYC,4166
何云娣,HYD,4167
侯宇得,HYD,4168
胡屹东,HYD,4169
韩玉东,HYD,4170
何远东,HYD,4171
华益峰,HYF,4172
贺岩峰,HYF,4173
黄跃发,HYF,4174
胡燕芳,HYF,4175
贺雁飞,HYF,4176
郝阳光,HYG,4177
侯宇光,HYG,4178
黄永花,HYH,4179
何亚辉,HYH,4180
黄永红,HYH,4181
胡永恒,HYH,4182
何炎辉,HYH,4183
黄颖宏,HYH,4184
胡元洪,HYH,4185
胡亚辉,HYH,4186
胡云慧,HYH,4187
胡园辉,HYH,4188
黄云海,HYH,4189
何义和,HYH,4190
黄跃海,HYH,4191
贺银华,HYH,4192
侯宇虹,HYH,4193
黄艳华,HYH,4194
胡瑜军,HYJ,4195
黄跃建,HYJ,4196
何玉杰,HYJ,4197
贺永坚,HYJ,4198
胡跃建,HYJ,4199
韩艳杰,HYJ,4200
黄艳姣,HYJ,4201
黄玉杰,HYJ,4202
韩用交,HYJ,4203
霍玉君,HYJ,4204
胡玉洁,HYJ,4205
胡毅杰,HYJ,4206
何衍举,HYJ,4207
惠延军,HYJ,4208
华永凯,HYK,4209
韩玉林,HYL,4210
黄有亮,HYL,4211
胡佑亮,HYL,4212
黄艳丽,HYL,4213
洪艳丽,HYL,4214
胡业林,HYL,4215
黄瑛玲,HYL,4216
黄奕亮,HYL,4217
黄玉莲,HYL,4218
黄玉玲,HYL,4219
黄扬林,HYL,4220
惠艳琳,HYL,4221
黄玉亮,HYL,4222
洪彦民,HYM,4223
胡艳梅,HYM,4224
韩亚敏,HYM,4225
胡跃明,HYM,4226
侯永猛,HYM,4227
黄延梅,HYM,4228
黄艳淼,HYM,4229
胡元明,HYM,4230
韩颍南,HYN,4231
黄跃平,HYP,4232
黄亚平,HYP,4233
黄毅平,HYP,4234
郝炎平,HYP,4235
郝永平,HYP,4236
黄银平,HYP,4237
胡亚钦,HYQ,4238
黄云庆,HYQ,4239
何轶群,HYQ,4240
韩悦秋,HYQ,4241
黄远庆,HYQ,4242
黄勇琦,HYQ,4243
韩有强,HYQ,4244
贺远琴,HYQ,4245
何永泉,HYQ,4246
黄永庆,HYQ,4247
黄玉荣,HYR,4248
黄玉蓉,HYR,4249
黄炎松,HYS,4250
黄燕珊,HYS,4251
韩雨石,HYS,4252
胡永生,HYS,4253
杭延生,HYS,4254
何永生,HYS,4255
槐彦生,HYS,4256
胡永涛,HYT,4257
黄彦韬,HYT,4258
黄应文,HYW,4259
黄跃伟,HYW,4260
何玉武,HYW,4261
胡亚伟,HYW,4262
胡优先,HYX,4263
韩玉新,HYX,4264
洪永喜,HYX,4265
黄有星,HYX,4266
胡艳阳,HYY,4267
何跃燕,HYY,4268
胡远扬,HYY,4269
洪永洋,HYY,4270
胡玉艳,HYY,4271
黄运祎,HYY,4272
胡英耀,HYY,4273
黄杨玉,HYY,4274
黄元毅,HYY,4275
何颜宇,HYY,4276
胡悠悠,HYY,4277
郇迎迎,HYY,4278
洪玉颜,HYY,4279
胡英耀担,HYYD,4280
黄亚洲,HYZ,4281
黄亚州,HYZ,4282
黄正,HZ,4283
韩志,HZ,4284
何志,HZ,4285
胡振,HZ,4286
侯哲,HZ,4287
黄征,HZ,4288
韩振,HZ,4289
黄志斌,HZB,4290
何中斌,HZB,4291
黄振才,HZC,4292
何正昌,HZC,4293
韩振铖,HZC,4294
韩振栋,HZD,4295
胡忠岱,HZD,4296
何志东,HZD,4297
黄哲锋,HZF,4298
黄志光,HZG,4299
胡征光,HZG,4300
何珠国,HZG,4301
后宗刚,HZG,4302
何志刚,HZG,4303
黄振海,HZH,4304
黄长鹤,HZH,4305
韩志华,HZH,4306
何志宏,HZH,4307
贺志宏,HZH,4308
黄朝晖,HZH,4309
胡泽华,HZH,4310
何志杰,HZJ,4311
黄志坚,HZJ,4312
胡中建,HZJ,4313
胡志军,HZJ,4314
黄志君,HZJ,4315
何在江,HZJ,4316
黄祖娟,HZJ,4317
黄子娟,HZJ,4318
洪志坚,HZJ,4319
黄长林,HZL,4320
何忠林,HZL,4321
何昭莲,HZL,4322
何正玲,HZL,4323
红卓玛,HZM,4324
何忠平,HZP,4325
赫志平,HZP,4326
郝振萍,HZP,4327
胡治平,HZP,4328
何志平,HZP,4329
韩宗强,HZQ,4330
蒿泽群,HZQ,4331
黄正齐,HZQ,4332
韩自强,HZQ,4333
侯周全,HZQ,4334
郝振生,HZS,4335
韩志胜,HZS,4336
黄泽思,HZS,4337
黄志顺,HZS,4338
胡震四,HZS,4339
黄贞涛,HZT,4340
韩志彤,HZT,4341
韩召卫,HZW,4342
胡志伟,HZW,4343
贺志伟,HZW,4344
何著文,HZW,4345
黄祖伟,HZW,4346
黄振伟,HZW,4347
韩忠霞,HZX,4348
黄振贤,HZX,4349
黄忠信,HZX,4350
黄泽贤,HZX,4351
韩占贤,HZX,4352
黄忠新,HZX,4353
侯召星,HZX,4354
韩占霞,HZX,4355
胡忠宪,HZX,4356
黄志勇,HZY,4357
郝章勇,HZY,4358
韩正元,HZY,4359
胡振宇,HZY,4360
贺振营,HZY,4361
胡智远,HZY,4362
黄泽宇,HZY,4363
胡志勇,HZY,4364
何志勇,HZY,4365
何智勇,HZY,4366
侯占争,HZZ,4367
黄中州,HZZ,4368
何中正,HZZ,4369
黄兆针,HZZ,4370
晋爱红,JAH,4371
纪阿林,JAL,4372
姜爱民,JAM,4373
纪斌,JB,4374
纪冰,JB,4375
姜斌,JB,4376
姜冰,JB,4377
江波,JB,4378
蒋蓓,JB,4379
姜冰冰,JBB,4380
隽保东,JBD,4381
金宝华,JBH,4382
解柏林,JBL,4383
金本永,JBY,4384
贾柏岩,JBY,4385
蒋兵艳,JBY,4386
贾超,JC,4387
江超,JC,4388
简成,JC,4389
姜超,JC,4390
金川,JC,4391
季诚,JC,4392
靳晨,JC,4393
焦春爱,JCA,4394
蒋纯赤,JCC,4395
鞠成东,JCD,4396
金传会,JCH,4397
江春建,JCJ,4398
贾存锦,JCJ,4399
荆聪敏,JCM,4400
贾翠梅,JCM,4401
蒋才茂,JCM,4402
蒋才茂担,JCMD,4403
金陈乾,JCQ,4404
金成锐,JCR,4405
井长生,JCS,4406
金成武,JCW,4407
蒋翠霞,JCX,4408
解朝兴,JCX,4409
姜朝勇,JCY,4410
贾成宇,JCY,4411
金翠燕,JCY,4412
蒋春艳,JCY,4413
蒋朝周,JCZ,4414
解丹,JD,4415
金东弼,JDB,4416
江敦斌,JDB,4417
解东芳,JDF,4418
姜大赋,JDF,4419
金东华,JDH,4420
姜的久,JDJ,4421
简大清,JDQ,4422
蒋达奇,JDQ,4423
蒋东英,JDY,4424
江棣枝,JDZ,4425
姜枫,JF,4426
金锋,JF,4427
靳峰,JF,4428
金峰,JF,4429
纪付,JF,4430
江飞,JF,4431
纪付刚,JFG,4432
蒋发奎,JFK,4433
蒋风雷,JFL,4434
金富钦,JFQ,4435
姬凤云,JFY,4436
季光,JG,4437
金果,JG,4438
蒋公查,JGC,4439
季国才,JGC,4440
解国峰,JGF,4441
姜国峰,JGF,4442
蒋贵良,JGL,4443
姜跟礼,JGL,4444
蒋国立,JGL,4445
姜功仁,JGR,4446
蒋国森,JGS,4447
贾改嵩,JGS,4448
姬广胜,JGS,4449
姜国卫,JGW,4450
江国伟,JGW,4451
焦光旭,JGX,4452
金贵秀,JGX,4453
贾高远,JGY,4454
蒋光勇,JGY,4455
靳皓,JH,4456
金华,JH,4457
蒋煌,JH,4458
蒋晖,JH,4459
姜辉,JH,4460
蒋华,JH,4461
蒋洪,JH,4462
季红,JH,4463
姜华,JH,4464
江虹,JH,4465
江辉,JH,4466
蒋虎,JH,4467
姜菡,JH,4468
金红,JH,4469
贾虹,JH,4470
金辉,JH,4471
蒋骅,JH,4472
江华,JH,4473
贾浩,JH,4474
靳宏,JH,4475
贾皓,JH,4476
蒋浩,JH,4477
金鹤,JH,4478
姜皓,JH,4479
贾虹勃,JHB,4480
蒋寒冰,JHB,4481
蒋华锋,JHF,4482
贾华斐,JHF,4483
季会会,JHH,4484
姜慧军,JHJ,4485
贾慧娟,JHJ,4486
姜慧娇,JHJ,4487
蒋厚军,JHJ,4488
焦焕利,JHL,4489
简宏麟,JHL,4490
姜洪亮,JHL,4491
蒋慧敏,JHM,4492
姜红梅,JHM,4493
蒋红萍,JHP,4494
金华萍,JHP,4495
蒋海清,JHQ,4496
金华锵,JHQ,4497
江海涛,JHT,4498
江洪涛,JHT,4499
靖红涛,JHT,4500
吉洪文,JHW,4501
蒋红玮,JHW,4502
姜红伟,JHW,4503
姜宏勋,JHX,4504
蒋洪源,JHY,4505
姬鸿雁,JHY,4506
金海婴,JHY,4507
蒋海燕,JHY,4508
贾会妍,JHY,4509
蒋铧毅,JHY,4510
贾怀勇,JHY,4511
江汉泽,JHZ,4512
金虎哲,JHZ,4513
贾杰,JJ,4514
景俊,JJ,4515
焦健,JJ,4516
金军,JJ,4517
金建,JJ,4518
贾继,JJ,4519
靳近,JJ,4520
江静,JJ,4521
纪静,JJ,4522
金晶,JJ,4523
鞠俊,JJ,4524
金娟,JJ,4525
纪杰,JJ,4526
蒋晶,JJ,4527
江瑾,JJ,4528
金江博,JJB,4529
江居才,JJC,4530
贾军超,JJC,4531
鞠俊东,JJD,4532
靳加伏,JJF,4533
季峻峰,JJF,4534
金济斐,JJF,4535
贾继华,JJH,4536
蒋井辉,JJH,4537
靖杰华,JJH,4538
焦继军,JJJ,4539
姜菁菁,JJJ,4540
纪家进,JJJ,4541
解静静,JJJ,4542
解静静担,JJJD,4543
贾敬科,JJK,4544
蒋建民,JJM,4545
金建民,JJM,4546
吉建平,JJP,4547
蒋建平,JJP,4548
焦建升,JJS,4549
姬金学,JJX,4550
蒋继业,JJY,4551
姜建云,JJY,4552
金济勇,JJY,4553
姜建芸,JJY,4554
晋京豫,JJY,4555
蒋开,JK,4556
蒋开航,JKH,4557
吉克拉一,JKLY,4558
蒋科宇,JKY,4559
姜开植,JKZ,4560
金玲,JL,4561
姜雷,JL,4562
姜丽,JL,4563
姜玲,JL,4564
江岚,JL,4565
吉兰,JL,4566
江璐,JL,4567
靳莉,JL,4568
鞠琳,JL,4569
蒋林,JL,4570
江琳,JL,4571
江黎,JL,4572
贾莉,JL,4573
季龙斌,JLB,4574
井丽纯,JLC,4575
蒋玲芳,JLF,4576
金林桂,JLG,4577
姜丽华,JLH,4578
蒋莉红,JLH,4579
姜丽娟,JLJ,4580
贾丽君,JLJ,4581
金亮君,JLJ,4582
靳利君,JLJ,4583
季玲玲,JLL,4584
姜莉莉,JLL,4585
蒋丽娜,JLN,4586
蒋丽萍,JLP,4587
冀来平,JLP,4588
季丽清,JLQ,4589
贾立荣,JLR,4590
纪兰生,JLS,4591
吉拉拾格,JLSG,4592
金连涛,JLT,4593
金淋云,JLY,4594
金立寅,JLY,4595
角丽媛,JLY,4596
解凌云,JLY,4597
景连柱,JLZ,4598
靳林忠,JLZ,4599
姜龙柱,JLZ,4600
蒋立赞,JLZ,4601
贾立志,JLZ,4602
姜敏,JM,4603
季明,JM,4604
金梅,JM,4605
加毛,JM,4606
靳梦,JM,4607
蒋敏,JM,4608
吉木,JM,4609
纪敏,JM,4610
解梅娥,JME,4611
吉明飞,JMF,4612
蒋孟俊,JMJ,4613
贾曼莉,JML,4614
蒋蒙蒙,JMM,4615
贾敏敏,JMM,4616
金美淑,JMS,4617
蒋明文,JMW,4618
金明文,JMW,4619
蒋明霞,JMX,4620
姬茂义,JMY,4621
荆梦瑜,JMY,4622
金明哲,JMZ,4623
贾明珍,JMZ,4624
姜楠,JN,4625
贾怒,JN,4626
姜娜,JN,4627
季念勇,JNY,4628
蒋萍,JP,4629
江萍,JP,4630
姜平,JP,4631
颉平,JP,4632
金平沧,JPC,4633
冀鹏翀,JPC,4634
姜朋飞,JPF,4635
解普刚,JPG,4636
纪鹏辉,JPH,4637
蒋攀云,JPY,4638
江权,JQ,4639
吉强,JQ,4640
蒋茜,JQ,4641
蒋琴,JQ,4642
贾琪,JQ,4643
蒋权,JQ,4644
季强,JQ,4645
蒋琴独任,JQDR,4646
纪庆华,JQH,4647
井庆淼,JQM,4648
靳庆霞,JQX,4649
姜琪砚,JQY,4650
金锐,JR,4651
季锐,JR,4652
金仁法,JRF,4653
姜瑞丰,JRF,4654
姜如明,JRM,4655
贾若男,JRN,4656
蒋荣荣,JRR,4657
贾瑞雪,JRX,4658
蒋荣志,JRZ,4659
姜仁中,JRZ,4660
金仁洙,JRZ,4661
金松,JS,4662
金莎,JS,4663
姜珊,JS,4664
焦世,JS,4665
江思聪,JSC,4666
姜盛春,JSC,4667
蒋生凤,JSF,4668
季守方,JSF,4669
金素芳,JSF,4670
蒋石峰,JSF,4671
季士方,JSF,4672
金绍国,JSG,4673
金思含,JSH,4674
靳少红,JSH,4675
蒋少华,JSH,4676
吉首军,JSJ,4677
贾胜君,JSJ,4678
季顺江,JSJ,4679
蒋思杰,JSJ,4680
金尚杰,JSJ,4681
江韶立,JSL,4682
吉史刘牛,JSLN,4683
贾树梅,JSM,4684
鞠盛楠,JSN,4685
姜思朋,JSP,4686
焦世全,JSQ,4687
纪树生,JSS,4688
姜树山,JSS,4689
蒋少文,JSW,4690
江胜中,JSZ,4691
金尚哲,JSZ,4692
江涛,JT,4693
姜涛,JT,4694
鞠涛,JT,4695
贾婷,JT,4696
蒋涛,JT,4697
金腾超,JTC,4698
金婷婷,JTT,4699
贾堂政,JTZ,4700
蒋武,JW,4701
姜伟,JW,4702
蒋伟,JW,4703
金雯,JW,4704
江伟,JW,4705
姜巍,JW,4706
姜维安,JWA,4707
季维常,JWC,4708
贾卫东,JWD,4709
蒋文光,JWG,4710
解文海,JWH,4711
简卫华,JWH,4712
简伟杰,JWJ,4713
蒋为杰,JWJ,4714
贾文杰,JWJ,4715
蒋文林,JWL,4716
贾维亮,JWL,4717
姜维娜,JWN,4718
靳文强,JWQ,4719
贾无琦,JWQ,4720
姜卫群,JWQ,4721
蒋伟强,JWQ,4722
蒋伟生,JWS,4723
焦文韬,JWT,4724
金万万,JWW,4725
鞠文尧,JWY,4726
靳文忠,JWZ,4727
金星,JX,4728
静欣,JX,4729
吉晓,JX,4730
蒋旭,JX,4731
蒋潇,JX,4732
江学宾,JXB,4733
江秀斌,JXB,4734
计兴东,JXD,4735
贾雪峰,JXF,4736
贾兴国,JXG,4737
吉晓红,JXH,4738
贾晓辉,JXH,4739
蒋宪军,JXJ,4740
靳相军,JXJ,4741
靳晓娟,JXJ,4742
蒋相立,JXL,4743
金晓丽,JXL,4744
焦旭林,JXL,4745
江兴亮,JXL,4746
解旭明,JXM,4747
金学强,JXQ,4748
贾喜庆,JXQ,4749
贾晓秋,JXQ,4750
蒋向青,JXQ,4751
纪向前,JXQ,4752
贾新生,JXS,4753
江幸生,JXS,4754
金雄文,JXW,4755
姜向文,JXW,4756
蒋新彦,JXY,4757
蒋晓云,JXY,4758
蒋晓瑜,JXY,4759
江显蕴,JXY,4760
蒋小勇,JXY,4761
江小勇,JXY,4762
琚晓阳,JXY,4763
蒋晓蕴,JXY,4764
蒋晓勇,JXY,4765
金秀哲,JXZ,4766
姬瑛,JY,4767
江艳,JY,4768
金艺,JY,4769
姜赟,JY,4770
姜毅,JY,4771
靳岩,JY,4772
金颖,JY,4773
姜燕,JY,4774
金煜,JY,4775
蒋云,JY,4776
焦艳,JY,4777
蒋勇,JY,4778
季友,JY,4779
蒋毅,JY,4780
蒋意,JY,4781
焦阳,JY,4782
焦芸,JY,4783
计野,JY,4784
江盈,JY,4785
贾悦,JY,4786
姜艳,JY,4787
姜勇,JY,4788
纪云,JY,4789
季艳,JY,4790
金一,JY,4791
季延彪,JYB,4792
江云崇,JYC,4793
靳雨辰,JYC,4794
姜永超,JYC,4795
蒋亚东,JYD,4796
江云丰,JYF,4797
贾云峰,JYF,4798
纪银凤,JYF,4799
贾运法,JYF,4800
蒋友根,JYG,4801
贾云光,JYG,4802
姜允国,JYG,4803
蒋耀华,JYH,4804
简云洪,JYH,4805
姬艳华,JYH,4806
蒋艳红,JYH,4807
焦亚辉,JYH,4808
江元晖,JYH,4809
金银花,JYH,4810
金玉姬,JYJ,4811
蒋毅君,JYJ,4812
郏义嘉,JYJ,4813
蒋彦江,JYJ,4814
季益岭,JYL,4815
金雅林,JYL,4816
姜亚玲,JYL,4817
井云亮,JYL,4818
姜玉林,JYL,4819
姜玉民,JYM,4820
蒋以明,JYM,4821
金永南,JYN,4822
焦一宁,JYN,4823
季蕴芹,JYQ,4824
姜应涛,JYT,4825
姜业涛,JYT,4826
蒋英伟,JYW,4827
贾延武,JYW,4828
姜玉文,JYW,4829
靳跃勋,JYX,4830
蒋莹莹,JYY,4831
金永毅,JYY,4832
晋艳影,JYY,4833
姜云英,JYY,4834
贾永增,JYZ,4835
蒋元章,JYZ,4836
蒋彦增,JYZ,4837
金银珠,JYZ,4838
贾玉振,JYZ,4839
纪忠,JZ,4840
贾震,JZ,4841
蒋忠,JZ,4842
荆钊,JZ,4843
蒋忠彬,JZB,4844
简正波,JZB,4845
姜忠春,JZC,4846
金自仿,JZF,4847
金哲锋,JZF,4848
贾在峰,JZF,4849
蒋振飞,JZF,4850
金自仿担,JZFD,4851
蒋志国,JZG,4852
蒋正光,JZG,4853
焦朝晖,JZH,4854
敬志恒,JZH,4855
江泽金,JZJ,4856
季志康,JZK,4857
蒋枝良,JZL,4858
蒋忠令,JZL,4859
蒋召朗,JZL,4860
姜增民,JZM,4861
焦仲明,JZM,4862
缴治民,JZM,4863
纪泽平,JZP,4864
蒋竹青,JZQ,4865
贾长山,JZS,4866
蒋中山,JZS,4867
贾泽升,JZS,4868
贾增岁,JZS,4869
姜自祥,JZX,4870
金忠兴,JZX,4871
金智远,JZY,4872
蒋长永,JZY,4873
蹇泽勇,JZY,4874
蒋杂云,JZY,4875
蒋征宇,JZY,4876
柯彬,KB,4877
柯斌,KB,4878
康宝祯,KBZ,4879
康诚,KC,4880
柯曾峰,KCF,4881
寇春蕊,KCR,4882
寇国君,KGJ,4883
孔夯,KH,4884
柯慧彬,KHB,4885
康火星,KHX,4886
寇虹霞,KHX,4887
邝坚,KJ,4888
康进,KJ,4889
旷洁,KJ,4890
康婕,KJ,4891
康继芳,KJF,4892
康建茂,KJM,4893
孔金山,KJS,4894
亢建新,KJX,4895
柯坤荣,KKR,4896
康泸,KL,4897
康磊,KL,4898
孔磊,KL,4899
邝莉,KL,4900
孔琳,KL,4901
康林,KL,4902
康力,KL,4903
亢蕾,KL,4904
孔令超,KLC,4905
孔令红,KLH,4906
孔令江,KLJ,4907
孔令武,KLW,4908
康刘伟,KLW,4909
康兰玉,KLY,4910
柯莉珍,KLZ,4911
孔敏,KM,4912
郐美娜,KMN,4913
孔能飞,KNF,4914
康娜萍,KNP,4915
柯南雄,KNX,4916
康倩,KQ,4917
孔庆春,KQC,4918
柯清廉,KQL,4919
况青梅,KQM,4920
况任成,KRC,4921
康莎,KS,4922
柯素华,KSH,4923
柯绍和,KSH,4924
孔素林,KSL,4925
孔珊珊,KSS,4926
克体新,KTX,4927
况文静,KWJ,4928
柯维林,KWL,4929
孔卫映,KWY,4930
柯旭,KX,4931
孔旭,KX,4932
阔晓晖,KXH,4933
柯旭华,KXH,4934
柯学军,KXJ,4935
孔祥来,KXL,4936
孔小梅,KXM,4937
康晓燕,KXY,4938
孔祥卓,KXZ,4939
况燕,KY,4940
康英,KY,4941
柯雅,KY,4942
康彦波,KYB,4943
康迎春,KYC,4944
康艳堃,KYK,4945
康艳丽,KYL,4946
康艳秋,KYQ,4947
孔亚伟,KYW,4948
孔源源,KYY,4949
柯媛媛,KYY,4950
孔招道,KZD,4951
柯志同,KZT,4952
邝占雄,KZX,4953
孔占元,KZY,4954
刘爱,LA,4955
李爱,LA,4956
李昂,LA,4957
卢爱彬,LAB,4958
李爱波,LAB,4959
梁爱东,LAD,4960
刘阿东,LAD,4961
刘爱国,LAG,4962
梁霭华,LAH,4963
李安洪,LAH,4964
林安华,LAH,4965
刘爱华,LAH,4966
刘安鸿,LAH,4967
卢爱华,LAH,4968
刘安健,LAJ,4969
李爱军,LAJ,4970
刘安琳,LAL,4971
卢爱琳,LAL,4972
鲁爱龙,LAL,4973
廉爱玲,LAL,4974
廖爱珉,LAM,4975
廖爱民,LAM,4976
刘安民,LAM,4977
刘安宁,LAN,4978
李爱平,LAP,4979
罗爱萍,LAP,4980
李庵齐,LAQ,4981
刘艾薇,LAW,4982
刘爱学,LAX,4983
刘爱英,LAY,4984
李爱忠,LAZ,4985
罗兵,LB,4986
刘斌,LB,4987
李冰,LB,4988
刘彬,LB,4989
李斌,LB,4990
李波,LB,4991
李博,LB,4992
李飚,LB,4993
廖帮,LB,4994
林波,LB,4995
刘宾,LB,4996
李蓓,LB,4997
刘波,LB,4998
罗布,LB,4999
蓝波,LB,5000
李彬,LB,5001
李豹,LB,5002
刘冰,LB,5003
李滨,LB,5004
刘碧,LB,5005
李兵,LB,5006
凌波,LB,5007
林兵,LB,5008
刘彪,LB,5009
连镔,LB,5010
李彬彬,LBB,5011
李冰冰,LBB,5012
李波独任,LBDR,5013
赖柏富,LBF,5014
李波峰,LBF,5015
楼冰峰,LBF,5016
李宝丰,LBF,5017
李宾果,LBG,5018
陆伯光,LBG,5019
廖冰寒,LBH,5020
梁宝宏,LBH,5021
李宝华,LBH,5022
刘碧华,LBH,5023
李本浩,LBH,5024
林宝华,LBH,5025
刘伯军,LBJ,5026
李保军,LBJ,5027
李炳杰,LBJ,5028
卢炳奎,LBK,5029
龙本坤,LBK,5030
刘柏良,LBL,5031
李保林,LBL,5032
罗宝龙,LBL,5033
李宝林,LBL,5034
李保利,LBL,5035
廖秉廉,LBL,5036
李宝明,LBM,5037
廖帮明,LBM,5038
刘伯梅,LBM,5039
林保南,LBN,5040
李炳南,LBN,5041
刘保权,LBQ,5042
李宝乾,LBQ,5043
吕宝青,LBQ,5044
蓝碧清,LBQ,5045
梁百胜,LBS,5046
陆保胜,LBS,5047
娄本升,LBS,5048
刘保森,LBS,5049
刘宝胜,LBS,5050
卢丙伟,LBW,5051
乐炳雄,LBX,5052
李斌霞,LBX,5053
刘北勇,LBY,5054
李丙寅,LBY,5055
利本毅,LBY,5056
雷宝印,LBY,5057
刘邦胤,LBY,5058
李宝柱,LBZ,5059
罗布战斗,LBZD,5060
拉巴卓玛,LBZM,5061
拉巴扎西,LBZX,5062
刘超,LC,5063
栾冲,LC,5064
李昌,LC,5065
李忱,LC,5066
李成,LC,5067
卢川,LC,5068
赖臣,LC,5069
林晨,LC,5070
陆超,LC,5071
罗聪,LC,5072
梁聪,LC,5073
罗成,LC,5074
李春,LC,5075
李超,LC,5076
罗超,LC,5077
梁才,LC,5078
李畅,LC,5079
刘澄,LC,5080
李昌安,LCA,5081
梁春安,LCA,5082
刘长波,LCB,5083
李春波,LCB,5084
卢翠班,LCB,5085
罗朝碧,LCB,5086
罗春翠,LCC,5087
李长城,LCC,5088
李超成,LCC,5089
刘昌昌,LCC,5090
李成栋,LCD,5091
刘翠党,LCD,5092
李传芳,LCF,5093
刘崇飞,LCF,5094
李成富,LCF,5095
李陈峰,LCF,5096
林呈凤,LCF,5097
林春芳,LCF,5098
李春芬,LCF,5099
刘彩凤,LCF,5100
李春芳,LCF,5101
李成刚,LCG,5102
李晨光,LCG,5103
林灿岗,LCG,5104
刘茶花,LCH,5105
李成海,LCH,5106
刘长虹,LCH,5107
梁成虎,LCH,5108
陆才辉,LCH,5109
李春辉,LCH,5110
李彩虹,LCH,5111
李才红,LCH,5112
梁春海,LCH,5113
李灿辉,LCH,5114
李春红,LCH,5115
鲁朝华,LCH,5116
刘春红,LCH,5117
李昌豪,LCH,5118
李春宏,LCH,5119
李婵娟,LCJ,5120
李苍劲,LCJ,5121
李春杰,LCJ,5122
林春江,LCJ,5123
李昌进,LCJ,5124
刘成军,LCJ,5125
李长江,LCJ,5126
刘朝娟,LCJ,5127
罗传继,LCJ,5128
李才坤,LCK,5129
刘存玲,LCL,5130
李朝龙,LCL,5131
李朝林,LCL,5132
李春雷,LCL,5133
李朝龙担,LCLD,5134
刘楚明,LCM,5135
冷春美,LCM,5136
李春梅,LCM,5137
龙春梅,LCM,5138
刘聪明,LCM,5139
连春梅,LCM,5140
练川南,LCN,5141
罗彩萍,LCP,5142
刘昌鹏,LCP,5143
龙春平,LCP,5144
李春萍,LCP,5145
李朝平,LCP,5146
李长青,LCQ,5147
李常青,LCQ,5148
罗朝清,LCQ,5149
刘曾庆,LCQ,5150
李春泉,LCQ,5151
李昌琴,LCQ,5152
楼常青,LCQ,5153
梁成锐,LCR,5154
雷春荣,LCR,5155
李长生,LCS,5156
刘长生,LCS,5157
李春亭,LCT,5158
李成涛,LCT,5159
刘春涛,LCT,5160
李成维,LCW,5161
刘传勋,LCX,5162
李彩霞,LCX,5163
李承勋,LCX,5164
李春霞,LCX,5165
梁昌学,LCX,5166
刘彩霞,LCX,5167
李春颖,LCY,5168
李春燕,LCY,5169
刘纯元,LCY,5170
刘春妍,LCY,5171
刘春燕,LCY,5172
吕春雨,LCY,5173
李春雨,LCY,5174
廖聪有,LCY,5175
李春勇,LCY,5176
李晨勇,LCY,5177
黎灿运,LCY,5178
林储焰,LCY,5179
雷长远,LCY,5180
刘潮滟,LCY,5181
吕超玉,LCY,5182
兰逞彦,LCY,5183
陆春燕,LCY,5184
兰池英,LCY,5185
李春阳,LCY,5186
李草原,LCY,5187
梁朝正,LCZ,5188
李常增,LCZ,5189
李丹,LD,5190
李杜,LD,5191
刘丹,LD,5192
刘东,LD,5193
吕盾,LD,5194
梁东,LD,5195
李德,LD,5196
李东,LD,5197
逯登,LD,5198
李冬,LD,5199
罗丁,LD,5200
刘冬,LD,5201
廖德,LD,5202
李到,LD,5203
卢玎,LD,5204
廖洞波,LDB,5205
李大川,LDC,5206
李东川,LDC,5207
路东昌,LDC,5208
李冬冬,LDD,5209
卢丹丹,LDD,5210
刘丹丹,LDD,5211
刘丹独任,LDDR,5212
李到福,LDF,5213
刘德鸿,LDH,5214
李丹辉,LDH,5215
卢殿华,LDH,5216
李东华,LDH,5217
林鼎恒,LDH,5218
刘东海,LDH,5219
刘东红,LDH,5220
逯登军,LDJ,5221
李德家,LDJ,5222
李德建,LDJ,5223
刘东杰,LDJ,5224
李殿基,LDJ,5225
刘东立,LDL,5226
梁东丽,LDL,5227
刘大龙,LDL,5228
赖定琳,LDL,5229
刘东亮,LDL,5230
李德林,LDL,5231
李大良,LDL,5232
李栋林,LDL,5233
罗东明,LDM,5234
罗大毛,LDM,5235
李冬梅,LDM,5236
吕殿梅,LDM,5237
卢道明,LDM,5238
李大明,LDM,5239
刘东民,LDM,5240
刘登平,LDP,5241
李大鹏,LDP,5242
李德清,LDQ,5243
李冬青,LDQ,5244
李佃芹,LDQ,5245
吕德钦,LDQ,5246
刘冬琼,LDQ,5247
廖德荣,LDR,5248
李德如,LDR,5249
林冬生,LDS,5250
刘冬生,LDS,5251
黎德升,LDS,5252
刘东升,LDS,5253
李东帅,LDS,5254
刘大威,LDW,5255
刘定伟,LDW,5256
李大伟,LDW,5257
刘典武,LDW,5258
吕大伟,LDW,5259
刘东旭,LDX,5260
李德新,LDX,5261
柳德新,LDX,5262
李迪雄,LDX,5263
林东雄,LDX,5264
骆东秀,LDX,5265
刘大兴,LDX,5266
廖冬瑜,LDY,5267
李冬云,LDY,5268
林德育,LDY,5269
鲁殿印,LDY,5270
李东阳,LDY,5271
吕大勇,LDY,5272
林德悦,LDY,5273
刘冬郁,LDY,5274
卢大勇,LDY,5275
刘大勇,LDY,5276
罗冬毅,LDY,5277
刘敦云,LDY,5278
李定远,LDY,5279
廖德智,LDZ,5280
李定舟,LDZ,5281
刘恩栋,LED,5282
刘尔华,LEH,5283
廖恩平,LEP,5284
雷恩仲,LEZ,5285
龙恩志,LEZ,5286
罗飞,LF,5287
李丰,LF,5288
刘锋,LF,5289
黎方,LF,5290
刘芳,LF,5291
李峰,LF,5292
李菲,LF,5293
梁锋,LF,5294
路芳,LF,5295
林芳,LF,5296
李锋,LF,5297
李芳,LF,5298
刘峰,LF,5299
李芬,LF,5300
李凤,LF,5301
刘发,LF,5302
卢芬,LF,5303
刘方,LF,5304
梁凤,LF,5305
李斐,LF,5306
廉峰,LF,5307
梁枫,LF,5308
黎璠,LF,5309
刘芬,LF,5310
林凤,LF,5311
吕峰,LF,5312
蔺富,LF,5313
李飞,LF,5314
罗福彪,LFB,5315
刘付斌,LFB,5316
李凤波,LFB,5317
李非白,LFB,5318
刘福成,LFC,5319
刘法成,LFC,5320
李飞达,LFD,5321
刘锋独任,LFDR,5322
李粉粉,LFF,5323
刘芬芬,LFF,5324
李菲菲,LFF,5325
梁凤凤,LFF,5326
吕发富,LFF,5327
梁法贵,LFG,5328
李发国,LFG,5329
李飞鸿,LFH,5330
李福航,LFH,5331
李峰海,LFH,5332
李凤华,LFH,5333
鲁福浩,LFH,5334
李方华,LFH,5335
李凤娇,LFJ,5336
刘福龙,LFL,5337
罗凤龙,LFL,5338
龙凤鸣,LFM,5339
李方明,LFM,5340
刘繁茂,LFM,5341
李芳明,LFM,5342
来凤鸣,LFM,5343
林凤明,LFM,5344
赖凤鸣,LFM,5345
林凤宁,LFN,5346
李法宁,LFN,5347
李方萍,LFP,5348
李飞朋,LFP,5349
李发启,LFQ,5350
蔺富强,LFQ,5351
吕凤山,LFS,5352
李福山,LFS,5353
刘伏生,LFS,5354
卢凤生,LFS,5355
刘福升,LFS,5356
梁凤堂,LFT,5357
林发文,LFW,5358
刘凤祥,LFX,5359
李方勇,LFY,5360
梁芳瑜,LFY,5361
刘福友,LFY,5362
罗凤影,LFY,5363
李凤勇,LFY,5364
刘非燕,LFY,5365
刘刚,LG,5366
刘舸,LG,5367
兰桂,LG,5368
李赣,LG,5369
林刚,LG,5370
刘歌,LG,5371
路刚,LG,5372
林高,LG,5373
李钢,LG,5374
刘国,LG,5375
梁钢,LG,5376
刘光,LG,5377
雷刚,LG,5378
李刚,LG,5379
刘钢,LG,5380
李皋彬,LGB,5381
李国臣,LGC,5382
罗光灿,LGC,5383
李国创,LGC,5384
罗桂东,LGD,5385
罗国栋,LGD,5386
廖高飞,LGF,5387
刘贵锋,LGF,5388
龙根贵,LGG,5389
刘国华,LGH,5390
梁广辉,LGH,5391
李桂红,LGH,5392
练光红,LGH,5393
刘光辉,LGH,5394
李国辉,LGH,5395
刘国宏,LGH,5396
李冠华,LGH,5397
刘光华,LGH,5398
李国华,LGH,5399
刘冠宏,LGH,5400
刘国会,LGH,5401
黎国坚,LGJ,5402
李国军,LGJ,5403
刘贵娇,LGJ,5404
卢国君,LGJ,5405
林桂军,LGJ,5406
李国俊,LGJ,5407
李广健,LGJ,5408
李国宽,LGK,5409
李攻科,LGK,5410
李国良,LGL,5411
林国龙,LGL,5412
李国令,LGL,5413
陆贵亮,LGL,5414
罗国伦,LGL,5415
林高良,LGL,5416
刘广林,LGL,5417
罗冠龙,LGL,5418
刘桂明,LGM,5419
梁光明,LGM,5420
李国明,LGM,5421
柳国民,LGM,5422
刘光能,LGN,5423
刘革平,LGP,5424
卢国平,LGP,5425
梁贵平,LGP,5426
罗桂萍,LGP,5427
赖国清,LGQ,5428
刘功群,LGQ,5429
林国清,LGQ,5430
梁国强,LGQ,5431
罗国卿,LGQ,5432
刘国庆,LGQ,5433
梁光强,LGQ,5434
李光清,LGQ,5435
李国群,LGQ,5436
李贵群,LGQ,5437
李桂荣,LGR,5438
刘桂然,LGR,5439
刘桂森,LGS,5440
刘光生,LGS,5441
李更生,LGS,5442
李国顺,LGS,5443
刘贵生,LGS,5444
罗国诵,LGS,5445
卢国棠,LGT,5446
李国文,LGW,5447
雷光武,LGW,5448
赖国雄,LGX,5449
刘光星,LGX,5450
林光义,LGY,5451
林桂燕,LGY,5452
罗国勇,LGY,5453
刘高云,LGY,5454
刘光颖,LGY,5455
李戈云,LGY,5456
李国珍,LGZ,5457
李国增,LGZ,5458
李光泽,LGZ,5459
刘桂占,LGZ,5460
龙国忠,LGZ,5461
李冠正,LGZ,5462
吕晗,LH,5463
刘红,LH,5464
罗宏,LH,5465
吕辉,LH,5466
刘虹,LH,5467
陆红,LH,5468
李虎,LH,5469
凌鸿,LH,5470
李浩,LH,5471
李辉,LH,5472
刘辉,LH,5473
骆红,LH,5474
赖红,LH,5475
梁皓,LH,5476
李恒,LH,5477
卢煌,LH,5478
李红,LH,5479
李慧,LH,5480
梁宏,LH,5481
罗华,LH,5482
李海,LH,5483
李洪,LH,5484
刘宏,LH,5485
林珲,LH,5486
罗晖,LH,5487
林辉,LH,5488
李晖,LH,5489
李贺,LH,5490
刘华,LH,5491
李华,LH,5492
刘欢,LH,5493
路红,LH,5494
李挥,LH,5495
罗辉,LH,5496
梁浩,LH,5497
梁海,LH,5498
李璜,LH,5499
刘昊,LH,5500
刘慧,LH,5501
罗红,LH,5502
林昊,LH,5503
赖海,LH,5504
李珩,LH,5505
李惠,LH,5506
柳豪,LH,5507
林华,LH,5508
李宏,LH,5509
吕海,LH,5510
廖洪艾,LHA,5511
李寒冰,LHB,5512
刘海波,LHB,5513
罗海冰,LHB,5514
李慧斌,LHB,5515
李鸿波,LHB,5516
罗红兵,LHB,5517
李海波,LHB,5518
赖海波,LHB,5519
刘洪波,LHB,5520
李皓博,LHB,5521
兰胡波,LHB,5522
李海兵,LHB,5523
李洪波,LHB,5524
刘红兵,LHB,5525
娄宏春,LHC,5526
雷鸿春,LHC,5527
刘红春,LHC,5528
李洪川,LHC,5529
李浩东,LHD,5530
廖华东,LHD,5531
李洪东,LHD,5532
刘辉独任,LHDR,5533
刘华锋,LHF,5534
廖焕发,LHF,5535
李贺锋,LHF,5536
梁恒斐,LHF,5537
李海峰,LHF,5538
梁红峰,LHF,5539
罗鸿飞,LHF,5540
吕海菲,LHF,5541
李海锋,LHF,5542
李华峰,LHF,5543
陆海烽,LHF,5544
李鸿飞,LHF,5545
李宏光,LHG,5546
李红光,LHG,5547
罗洪光,LHG,5548
梁汉根,LHG,5549
吕海刚,LHG,5550
李海港,LHG,5551
李辉钢,LHG,5552
刘红光,LHG,5553
吕华红,LHH,5554
赖怀鸿,LHH,5555
林辉辉,LHH,5556
刘洪海,LHH,5557
罗洪华,LHH,5558
李慧慧,LHH,5559
李红华,LHH,5560
廖洪火,LHH,5561
刘海红,LHH,5562
廖红辉,LHH,5563
李红京,LHJ,5564
林华景,LHJ,5565
刘红军,LHJ,5566
李辉江,LHJ,5567
刘海娟,LHJ,5568
雷洪江,LHJ,5569
李慧杰,LHJ,5570
林黄娟,LHJ,5571
刘海军,LHJ,5572
刘红姣,LHJ,5573
李恒江,LHJ,5574
林慧君,LHJ,5575
梁红江,LHJ,5576
李汉加,LHJ,5577
罗红军,LHJ,5578
李惠菊,LHJ,5579
廖辉凯,LHK,5580
李怀林,LHL,5581
刘海林,LHL,5582
李虎亮,LHL,5583
李海岭,LHL,5584
李洪亮,LHL,5585
梁海兰,LHL,5586
刘洪利,LHL,5587
李洪良,LHL,5588
刘宏利,LHL,5589
梁红柳,LHL,5590
李海龙,LHL,5591
林和利,LHL,5592
雷华龙,LHL,5593
李红丽,LHL,5594
刘红玲,LHL,5595
李航路,LHL,5596
刘慧玲,LHL,5597
刘华蕾,LHL,5598
李洪磊,LHL,5599
李华明,LHM,5600
李华敏,LHM,5601
李红梅,LHM,5602
刘红梅,LHM,5603
刘厚满,LHM,5604
李红敏,LHM,5605
李海民,LHM,5606
刘慧敏,LHM,5607
刘海鹏,LHP,5608
林会平,LHP,5609
李竑朴,LHP,5610
刘海萍,LHP,5611
李惠萍,LHP,5612
黎焕萍,LHP,5613
李洪平,LHP,5614
路红青,LHQ,5615
鲁华强,LHQ,5616
李红庆,LHQ,5617
李海青,LHQ,5618
李虹桥,LHQ,5619
刘海泉,LHQ,5620
林惠卿,LHQ,5621
李海庆,LHQ,5622
吕海潜,LHQ,5623
罗红荣,LHR,5624
李海水,LHS,5625
李洪水,LHS,5626
李厚胜,LHS,5627
林海生,LHS,5628
李惠松,LHS,5629
李好生,LHS,5630
李华生,LHS,5631
李海涛,LHT,5632
李焕庭,LHT,5633
李洪涛,LHT,5634
刘洪天,LHT,5635
刘海涛,LHT,5636
卢红堂,LHT,5637
栾海涛,LHT,5638
李洪文,LHW,5639
刘宏伟,LHW,5640
李红伟,LHW,5641
刘红卫,LHW,5642
李华文,LHW,5643
刘会伟,LHW,5644
雷宏伟,LHW,5645
李红兴,LHX,5646
李海霞,LHX,5647
罗惠香,LHX,5648
李鸿兴,LHX,5649
刘惠霞,LHX,5650
刘红霞,LHX,5651
娄焕晓,LHX,5652
李慧英,LHY,5653
陆红源,LHY,5654
李红艳,LHY,5655
赖红宇,LHY,5656
刘鸿艳,LHY,5657
梁慧仪,LHY,5658
吕红艳,LHY,5659
冷红月,LHY,5660
李恒圆,LHY,5661
李海燕,LHY,5662
林凰英,LHY,5663
刘红英,LHY,5664
刘海玉,LHY,5665
刘红颖,LHY,5666
李海英,LHY,5667
刘浩宇,LHY,5668
李鸿雁,LHY,5669
李海洋,LHY,5670
李海运,LHY,5671
刘海源,LHY,5672
李洪艳,LHY,5673
林航宇,LHY,5674
李红云,LHY,5675
陆红一,LHY,5676
刘红艳,LHY,5677
林海英,LHY,5678
梁海燕,LHY,5679
李红英,LHY,5680
刘海英,LHY,5681
李洪岩,LHY,5682
林宏宇,LHY,5683
刘红姿,LHZ,5684
李宏政,LHZ,5685
李慧至,LHZ,5686
刘惠珠,LHZ,5687
李宏志,LHZ,5688
罗洪泽,LHZ,5689
刘会珍,LHZ,5690
刘红忠,LHZ,5691
李宏珍,LHZ,5692
李俊,LJ,5693
梁进,LJ,5694
李军,LJ,5695
路婧,LJ,5696
李进,LJ,5697
刘俭,LJ,5698
李钧,LJ,5699
刘军,LJ,5700
雷嘉,LJ,5701
卢洁,LJ,5702
李娟,LJ,5703
龙剑,LJ,5704
李静,LJ,5705
李君,LJ,5706
刘静,LJ,5707
刘娟,LJ,5708
刘俊,LJ,5709
李京,LJ,5710
刘杰,LJ,5711
林俊,LJ,5712
李婧,LJ,5713
刘婧,LJ,5714
李洁,LJ,5715
李吉,LJ,5716
林洁,LJ,5717
龙杰,LJ,5718
刘佳,LJ,5719
林劼,LJ,5720
刘建,LJ,5721
李晶,LJ,5722
梁娟,LJ,5723
李姣,LJ,5724
刘晶,LJ,5725
刘君,LJ,5726
罗杰,LJ,5727
吕晶,LJ,5728
罗军,LJ,5729
吕军,LJ,5730
卢姣,LJ,5731
李江,LJ,5732
李靓,LJ,5733
卢军,LJ,5734
李杰,LJ,5735
廖珺,LJ,5736
黎金,LJ,5737
刘江,LJ,5738
李瑾,LJ,5739
李加,LJ,5740
李剑,LJ,5741
林杰,LJ,5742
柳健,LJ,5743
骆军,LJ,5744
赖景,LJ,5745
刘峻,LJ,5746
龙捷,LJ,5747
李经,LJ,5748
刘进,LJ,5749
罗教,LJ,5750
刘婕,LJ,5751
罗吉,LJ,5752
刘鹃,LJ,5753
梁江,LJ,5754
罗佳,LJ,5755
李精,LJ,5756
李靖,LJ,5757
李健,LJ,5758
林坚,LJ,5759
黎军,LJ,5760
林静,LJ,5761
刘娇,LJ,5762
陆军,LJ,5763
洛吉,LJ,5764
李晋,LJ,5765
卢进,LJ,5766
刘坚,LJ,5767
刘京,LJ,5768
刘健,LJ,5769
罗钧,LJ,5770
黎婧,LJ,5771
李建,LJ,5772
罗婕,LJ,5773
李菁,LJ,5774
雷健,LJ,5775
吕建,LJ,5776
赖家,LJ,5777
卢君,LJ,5778
林剑,LJ,5779
刘洁,LJ,5780
梁健,LJ,5781
冷静,LJ,5782
卢剑波,LJB,5783
李金波,LJB,5784
林剑波,LJB,5785
刘剑波,LJB,5786
刘建标,LJB,5787
李舰波,LJB,5788
罗建斌,LJB,5789
卢建斌,LJB,5790
刘俊波,LJB,5791
梁江波,LJB,5792
梁建聪,LJC,5793
李敬超,LJC,5794
李精才,LJC,5795
李纪存,LJC,5796
梁甲晨,LJC,5797
卢建春,LJC,5798
刘景春,LJC,5799
李纪昌,LJC,5800
柳家才,LJC,5801
罗洁娣,LJD,5802
李计多,LJD,5803
刘建东,LJD,5804
李杰独任,LJDR,5805
李军独任,LJDR,5806
龙捷独任,LJDR,5807
刘静峰,LJF,5808
卢金峰,LJF,5809
刘建芳,LJF,5810
李建锋,LJF,5811
李俊峰,LJF,5812
李建峰,LJF,5813
刘金凤,LJF,5814
刘菊芳,LJF,5815
林捷锋,LJF,5816
刘建锋,LJF,5817
李静芳,LJF,5818
刘建钢,LJG,5819
李金光,LJG,5820
刘晶功,LJG,5821
刘景刚,LJG,5822
李建刚,LJG,5823
刘金刚,LJG,5824
刘建光,LJG,5825
李君刚,LJG,5826
吕军红,LJH,5827
李建华,LJH,5828
卢建辉,LJH,5829
李俊红,LJH,5830
李捷辉,LJH,5831
李江慧,LJH,5832
梁晶辉,LJH,5833
罗景昊,LJH,5834
柳俊海,LJH,5835
李冀洪,LJH,5836
刘金和,LJH,5837
梁健辉,LJH,5838
李金华,LJH,5839
刘建华,LJH,5840
罗金虎,LJH,5841
李间欢,LJH,5842
李江红,LJH,5843
罗建红,LJH,5844
李金花,LJH,5845
梁津晃,LJH,5846
刘俊宏,LJH,5847
刘建辉,LJH,5848
李金宏,LJH,5849
罗静辉,LJH,5850
李军辉,LJH,5851
罗剑华,LJH,5852
罗家慧陪,LJHP,5853
赖俊杰,LJJ,5854
刘建军,LJJ,5855
廖仅就,LJJ,5856
厉建军,LJJ,5857
刘娟娟,LJJ,5858
刘俊杰,LJJ,5859
刘锦军,LJJ,5860
卢建军,LJJ,5861
李晶晶,LJJ,5862
林菁菁,LJJ,5863
李俊杰,LJJ,5864
梁建军,LJJ,5865
乐剑军,LJJ,5866
刘建江,LJJ,5867
李江婧,LJJ,5868
雷健君,LJJ,5869
吕建军,LJJ,5870
廖家极,LJJ,5871
刘建菊,LJJ,5872
李建军,LJJ,5873
刘晶晶,LJJ,5874
雷姣姣,LJJ,5875
陆菁菁,LJJ,5876
刘金可,LJK,5877
刘景凯,LJK,5878
刘佳玲,LJL,5879
李建利,LJL,5880
李江龙,LJL,5881
陆军亮,LJL,5882
李景林,LJL,5883
李金良,LJL,5884
李嘉龙,LJL,5885
罗建玲,LJL,5886
卢俊莲,LJL,5887
李建立,LJL,5888
李进林,LJL,5889
梁进联,LJL,5890
陆剑兰,LJL,5891
李佳丽,LJL,5892
李佳霖,LJL,5893
李继林,LJL,5894
李节利,LJL,5895
李佳林,LJL,5896
林建乐,LJL,5897
梁加灵,LJL,5898
刘景林,LJL,5899
赖健良,LJL,5900
刘金良,LJL,5901
刘建礼,LJL,5902
李景莲,LJL,5903
刘江蕾,LJL,5904
李静敏,LJM,5905
赖家懋,LJM,5906
李金明,LJM,5907
罗金梅,LJM,5908
赖景明,LJM,5909
李敬明,LJM,5910
刘建明,LJM,5911
栾经梅,LJM,5912
楼军民,LJM,5913
李剑铭,LJM,5914
刘继民,LJM,5915
罗嘉明,LJM,5916
隆健明,LJM,5917
陆决谋,LJM,5918
林建敏,LJM,5919
李金衲,LJN,5920
李君男,LJN,5921
卢吉宁,LJN,5922
刘嘉凝,LJN,5923
李建平,LJP,5924
李建萍,LJP,5925
刘军鹏,LJP,5926
龙建平,LJP,5927
刘军平,LJP,5928
刘建平,LJP,5929
刘继萍,LJP,5930
梁洁萍,LJP,5931
李金平,LJP,5932
刘杰平,LJP,5933
李晋平,LJP,5934
陆建奇,LJQ,5935
李吉庆,LJQ,5936
李俊泉,LJQ,5937
李建强,LJQ,5938
刘君琦,LJQ,5939
吕劲强,LJQ,5940
梁锦荣,LJR,5941
林家荣,LJR,5942
梁家荣,LJR,5943
罗家荣,LJR,5944
雷敬日,LJR,5945
李景锐,LJR,5946
李继松,LJS,5947
李健生,LJS,5948
梁建生,LJS,5949
林俊圣,LJS,5950
刘金松,LJS,5951
李俊生,LJS,5952
李金双,LJS,5953
刘金生,LJS,5954
凌劲松,LJS,5955
李进生,LJS,5956
李建胜,LJS,5957
罗建生,LJS,5958
李剑涛,LJT,5959
刘靖涛,LJT,5960
梁景棠,LJT,5961
李惊涛,LJT,5962
刘江涛,LJT,5963
李嘉玮,LJW,5964
廖健薇,LJW,5965
刘俊文,LJW,5966
林继五,LJW,5967
刘继武,LJW,5968
李建文,LJW,5969
刘俊炜,LJW,5970
李景文,LJW,5971
刘景文,LJW,5972
李俊文,LJW,5973
李建勋,LJX,5974
黎俊秀,LJX,5975
李建湘,LJX,5976
李君霄,LJX,5977
刘剑鑫,LJX,5978
李建新,LJX,5979
李军霞,LJX,5980
刘菊霞,LJX,5981
鲁久贤,LJX,5982
罗吉湘,LJX,5983
李俊祥,LJX,5984
吕金秀,LJX,5985
李进学,LJX,5986
梁建学,LJX,5987
刘建轩,LJX,5988
刘建兴,LJX,5989
雷俊勋,LJX,5990
李江贤,LJX,5991
刘剑云,LJY,5992
林菁优,LJY,5993
廖晶莹,LJY,5994
楼炯燕,LJY,5995
李金印,LJY,5996
廖建炎,LJY,5997
刘建燕,LJY,5998
刘佳媛,LJY,5999
刘锦云,LJY,6000
李俊英,LJY,6001
骆锦勇,LJY,6002
刘靖宇,LJY,6003
林骄阳,LJY,6004
骆静怡,LJY,6005
李建亿,LJY,6006
刘金艳,LJY,6007
罗金玉,LJY,6008
卢建娅,LJY,6009
李姣燕,LJY,6010
吕俊智,LJZ,6011
李家治,LJZ,6012
刘建中,LJZ,6013
陆建忠,LJZ,6014
刘金洲,LJZ,6015
李金珠,LJZ,6016
梁建中,LJZ,6017
郎吉泽里,LJZL,6018
刘科,LK,6019
李凯,LK,6020
罗廓,LK,6021
刘可,LK,6022
梁奎,LK,6023
李柯,LK,6024
李珂,LK,6025
梁康,LK,6026
刘侃,LK,6027
李康,LK,6028
卢昆,LK,6029
李开,LK,6030
刘凯,LK,6031
刘康,LK,6032
李坤宾,LKB,6033
李开江,LKJ,6034
李孔俊,LKJ,6035
刘康军,LKJ,6036
楼柯柯,LKK,6037
李奎奎,LKK,6038
林孔亮,LKL,6039
林康乐,LKL,6040
李魁亮,LKL,6041
罗克林,LKL,6042
刘康民,LKM,6043
梁昆鹏,LKP,6044
刘鲲鹏,LKP,6045
刘可清,LKQ,6046
刘康奇,LKQ,6047
刘克强,LKQ,6048
李克清,LKQ,6049
刘凯蓉,LKR,6050
林克生,LKS,6051
林葵生,LKS,6052
李开鲜,LKX,6053
刘康学,LKX,6054
龙克应,LKY,6055
刘克柱,LKZ,6056
李可众,LKZ,6057
李可专,LKZ,6058
李玲,LL,6059
林琳,LL,6060
凌琳,LL,6061
李磊,LL,6062
刘丽,LL,6063
李莉,LL,6064
李廉,LL,6065
刘蕾,LL,6066
刘玲,LL,6067
卢璐,LL,6068
李力,LL,6069
刘林,LL,6070
陆琳,LL,6071
李丽,LL,6072
刘磊,LL,6073
李雷,LL,6074
李琳,LL,6075
梁乐,LL,6076
罗莉,LL,6077
林樑,LL,6078
李凌,LL,6079
赖琳,LL,6080
栗利,LL,6081
林蕾,LL,6082
林磊,LL,6083
罗磊,LL,6084
雷略,LL,6085
李亮,LL,6086
雷蕾,LL,6087
兰垒,LL,6088
李璐,LL,6089
李黎,LL,6090
李林,LL,6091
梁亮,LL,6092
黎丽,LL,6093
刘莉,LL,6094
李利,LL,6095
兰莉,LL,6096
卢亮,LL,6097
卢林,LL,6098
李兰,LL,6099
梁丽,LL,6100
李莲,LL,6101
李论,LL,6102
娄磊,LL,6103
梁林,LL,6104
廖凌,LL,6105
洛洛,LL,6106
林莉,LL,6107
郎玲,LL,6108
连亮,LL,6109
罗兰,LL,6110
林雳,LL,6111
林玲,LL,6112
李莅,LL,6113
李立,LL,6114
刘雷,LL,6115
黎黎,LL,6116
雷林,LL,6117
刘亮,LL,6118
李伶,LL,6119
廖玲,LL,6120
龙隆,LL,6121
刘璐,LL,6122
李俐,LL,6123
栾鸾,LL,6124
兰柳,LL,6125
林丽,LL,6126
李乐,LL,6127
卢莉,LL,6128
刘力,LL,6129
刘利彬,LLB,6130
刘砺兵,LLB,6131
刘鲁滨,LLB,6132
刘礼斌,LLB,6133
梁丽波,LLB,6134
刘凌斌,LLB,6135
刘罗波,LLB,6136
陆兰春,LLC,6137
乐良成,LLC,6138
李乐川,LLC,6139
李立冬,LLD,6140
李连地,LLD,6141
雷丽独任,LLDR,6142
李琳独任,LLDR,6143
郎玲独任,LLDR,6144
李亮独任,LLDR,6145
刘利娥,LLE,6146
骆丽芳,LLF,6147
林龙法,LLF,6148
李丽芬,LLF,6149
蓝兰芳,LLF,6150
罗凌方,LLF,6151
罗利芳,LLF,6152
刘连方,LLF,6153
李另飞,LLF,6154
刘利国,LLG,6155
刘来刚,LLG,6156
林丽虹,LLH,6157
刘良海,LLH,6158
刘丽华,LLH,6159
刘利红,LLH,6160
李立宏,LLH,6161
李丽欢,LLH,6162
刘力华,LLH,6163
罗陆海,LLH,6164
梁立辉,LLH,6165
李林虹,LLH,6166
骆丽华,LLH,6167
李李翃,LLH,6168
刘丽娟,LLJ,6169
李丽军,LLJ,6170
龙利娟,LLJ,6171
李丽娟,LLJ,6172
李丽君,LLJ,6173
刘丽疆,LLJ,6174
李利娟,LLJ,6175
刘来军,LLJ,6176
黎柳君,LLJ,6177
刘林建,LLJ,6178
鲁丽君,LLJ,6179
龙兰军,LLJ,6180
刘丽杰,LLJ,6181
林丽丽,LLL,6182
罗伶俐,LLL,6183
李丽丽,LLL,6184
刘磊磊,LLL,6185
李丽莉,LLL,6186
李恋恋,LLL,6187
兰柳林,LLL,6188
刘玲玲,LLL,6189
李丽明,LLM,6190
赖丽梅,LLM,6191
刘琳梅,LLM,6192
刘琳娜,LLN,6193
李龙娜,LLN,6194
李琳平,LLP,6195
刘丽萍,LLP,6196
刘丽鹏,LLP,6197
李丽萍,LLP,6198
刘丽平,LLP,6199
连丽萍,LLP,6200
罗丽群,LLQ,6201
李来清,LLQ,6202
卢丽琴,LLQ,6203
刘利荣,LLR,6204
梁丽容,LLR,6205
李凌松,LLS,6206
刘丽爽,LLS,6207
赖力生,LLS,6208
林良生,LLS,6209
刘来双,LLS,6210
李连升,LLS,6211
李凌嵩,LLS,6212
李良盛,LLS,6213
刘良士,LLS,6214
李麟善,LLS,6215
李林森,LLS,6216
李力伟,LLW,6217
李丽薪,LLX,6218
李亮星,LLX,6219
李立新,LLX,6220
凌立新,LLX,6221
林立新,LLX,6222
廖林雄,LLX,6223
李丽霞,LLX,6224
刘立新,LLX,6225
李陆云,LLY,6226
李连毅,LLY,6227
刘莉艳,LLY,6228
李丽媛,LLY,6229
卢立勇,LLY,6230
路琳艳,LLY,6231
厉澜泳,LLY,6232
罗兰瑛,LLY,6233
陆磊勇,LLY,6234
罗良宇,LLY,6235
黎兰英,LLY,6236
刘林英,LLY,6237
李联友,LLY,6238
吕良勇,LLY,6239
林丽贞,LLZ,6240
刘立长,LLZ,6241
廖敏,LM,6242
李梅,LM,6243
路淼,LM,6244
李敏,LM,6245
林敏,LM,6246
梁敏,LM,6247
刘梅,LM,6248
凌敏,LM,6249
兰梅,LM,6250
李密,LM,6251
卢铭,LM,6252
李明,LM,6253
刘敏,LM,6254
李茂,LM,6255
罗敏,LM,6256
李闽,LM,6257
林明,LM,6258
柳茂,LM,6259
李萌,LM,6260
柳明,LM,6261
林牧,LM,6262
李玫,LM,6263
李明琮,LMC,6264
李梦晨,LMC,6265
罗满仓,LMC,6266
刘明镝,LMD,6267
刘某二影,LMEY,6268
刘敏峰,LMF,6269
鲁明放,LMF,6270
廖梦菲,LMF,6271
梁明国,LMG,6272
刘明华,LMH,6273
廖名洪,LMH,6274
刘明慧,LMH,6275
吕明华,LMH,6276
龙明浩,LMH,6277
廖茂九,LMJ,6278
刘美菊,LMJ,6279
凌闵江,LMJ,6280
梁明坚,LMJ,6281
吕明键,LMJ,6282
李明军,LMJ,6283
刘宓佳,LMJ,6284
伦铭健,LMJ,6285
廖美君,LMJ,6286
刘茂科,LMK,6287
罗明利,LML,6288
刘美兰,LML,6289
卢明利,LML,6290
林美兰,LML,6291
刘民利,LML,6292
刘美玲,LML,6293
李美玲,LML,6294
廖美兰,LML,6295
林美玲,LML,6296
李明敏,LMM,6297
卢明明,LMM,6298
林梅梅,LMM,6299
兰苗苗,LMM,6300
李明明,LMM,6301
罗蒙楠,LMN,6302
刘满平,LMP,6303
刘某平,LMP,6304
蓝敏强,LMQ,6305
李民强,LMQ,6306
李梦蓉,LMR,6307
李美荣,LMR,6308
李梅生,LMS,6309
林满山,LMS,6310
林木森,LMS,6311
李美善,LMS,6312
李明生,LMS,6313
刘满堂,LMT,6314
李铭泰,LMT,6315
莲梅塔,LMT,6316
刘明伟,LMW,6317
李萌欣,LMX,6318
林美霞,LMX,6319
刘明鑫,LMX,6320
刘明香,LMX,6321
李美孝,LMX,6322
柳明旭,LMX,6323
李敏星,LMX,6324
李梅香,LMX,6325
李明月,LMY,6326
李梦雅,LMY,6327
刘某影,LMY,6328
李茗媛,LMY,6329
雷明月,LMY,6330
林木英,LMY,6331
李明岩,LMY,6332
李孟媛,LMY,6333
李铭艳,LMY,6334
雷明月担,LMYD,6335
李茂枝,LMZ,6336
李明忠,LMZ,6337
刘茂忠,LMZ,6338
陆孟珍,LMZ,6339
李楠,LN,6340
梁宁,LN,6341
李娜,LN,6342
刘念,LN,6343
李宁,LN,6344
刘宁,LN,6345
赖宁,LN,6346
陆宁,LN,6347
刘娜,LN,6348
刘宁独任,LNDR,6349
李年富,LNF,6350
李宁峰,LNF,6351
刘宁华,LNH,6352
刘乃文,LNW,6353
李萍,LP,6354
廖鹏,LP,6355
刘萍,LP,6356
李平,LP,6357
李沛,LP,6358
李鹏,LP,6359
赖鹏,LP,6360
郎萍,LP,6361
梁平,LP,6362
雷飘,LP,6363
吕品,LP,6364
黎鹏,LP,6365
林萍,LP,6366
罗萍,LP,6367
李培,LP,6368
陆平,LP,6369
刘鹏,LP,6370
刘培,LP,6371
刘平,LP,6372
罗鹏,LP,6373
梁蓬勃,LPB,6374
吕鹏程,LPC,6375
雷普昌,LPC,6376
林鹏飞,LPF,6377
李鹏飞,LPF,6378
刘鹏飞,LPF,6379
梁平惠,LPH,6380
李平海,LPH,6381
吕培含,LPH,6382
李鹏鲲,LPK,6383
刘平岭,LPL,6384
李培垒,LPL,6385
李佩隶,LPL,6386
刘萍丽,LPL,6387
李鹏鸣,LPM,6388
廖培清,LPQ,6389
李培森,LPS,6390
林鹏生,LPS,6391
林碰狮,LPS,6392
罗培生,LPS,6393
刘平韬,LPT,6394
刘佩文,LPW,6395
陆沛雯,LPW,6396
赖鹏秀,LPX,6397
李萍秀,LPX,6398
李沛雄,LPX,6399
陆丕易,LPY,6400
李平章,LPZ,6401
李培忠,LPZ,6402
黎清,LQ,6403
李群,LQ,6404
李强,LQ,6405
李骞,LQ,6406
李琴,LQ,6407
刘琦,LQ,6408
龙琼,LQ,6409
刘琴,LQ,6410
林琦,LQ,6411
李茜,LQ,6412
刘清,LQ,6413
刘群,LQ,6414
李琼,LQ,6415
李奇,LQ,6416
刘琼,LQ,6417
刘庆,LQ,6418
刘期,LQ,6419
李黔,LQ,6420
卢倩,LQ,6421
刘倩,LQ,6422
刘青,LQ,6423
吕青,LQ,6424
李泉,LQ,6425
雷琴,LQ,6426
李倩,LQ,6427
刘强,LQ,6428
李庆,LQ,6429
李巧,LQ,6430
罗庆,LQ,6431
刘茜,LQ,6432
林乔,LQ,6433
吕强,LQ,6434
罗俏,LQ,6435
刘前,LQ,6436
李荃,LQ,6437
李清,LQ,6438
梁清,LQ,6439
李芹,LQ,6440
刘庆波,LQB,6441
李钦波,LQB,6442
李前兵,LQB,6443
刘庆斌,LQB,6444
刘期波,LQB,6445
李清才,LQC,6446
柳启东,LQD,6447
李庆东,LQD,6448
李荃独任,LQDR,6449
鲁琴芳,LQF,6450
李庆峰,LQF,6451
刘秋芳,LQF,6452
李启概,LQG,6453
李强国,LQG,6454
李全国,LQG,6455
刘启洪,LQH,6456
李庆华,LQH,6457
芦庆华,LQH,6458
栾启虎,LQH,6459
李全辉,LQH,6460
刘庆华,LQH,6461
李其宏,LQH,6462
李气红,LQH,6463
刘奇俊,LQJ,6464
刘前进,LQJ,6465
林其俊,LQJ,6466
陆前进,LQJ,6467
李其靖,LQJ,6468
林秋洁,LQJ,6469
刘庆杰,LQJ,6470
李清君,LQJ,6471
梁琼娇,LQJ,6472
李秋菊,LQJ,6473
卢清江,LQJ,6474
李清坤,LQK,6475
李清龙,LQL,6476
李倩岚,LQL,6477
李谦林,LQL,6478
鲁勤练,LQL,6479
刘清林,LQL,6480
罗启龙,LQL,6481
刘清梅,LQM,6482
罗庆明,LQM,6483
刘倩南,LQN,6484
廖秋平,LQP,6485
龙巧萍,LQP,6486
罗青青,LQQ,6487
吕清泉,LQQ,6488
李倩倩,LQQ,6489
卢庆前,LQQ,6490
刘青琴,LQQ,6491
吕泉清,LQQ,6492
刘琴琴,LQQ,6493
刘青松,LQS,6494
刘强生,LQS,6495
林青松,LQS,6496
罗庆生,LQS,6497
吕泉生,LQS,6498
李秋婷,LQT,6499
林侵稳,LQW,6500
芦清伟,LQW,6501
梁棋文,LQW,6502
刘谦伟,LQW,6503
林啟文,LQW,6504
刘清学,LQX,6505
刘庆新,LQX,6506
罗庆勇,LQY,6507
李全毅,LQY,6508
罗俏艳,LQY,6509
李庆尧,LQY,6510
刘庆义,LQY,6511
赖青元,LQY,6512
李群燕,LQY,6513
李琴玉,LQY,6514
李全义,LQY,6515
连青竹,LQZ,6516
李奇志,LQZ,6517
廖奇志,LQZ,6518
罗全忠,LQZ,6519
刘蓉,LR,6520
雷让,LR,6521
刘嵘,LR,6522
罗锐,LR,6523
刘荣,LR,6524
李瑞,LR,6525
李锐,LR,6526
罗荣,LR,6527
李蓉,LR,6528
喇睿,LR,6529
林蕤,LR,6530
刘睿,LR,6531
卢柔辰,LRC,6532
梁日东,LRD,6533
罗锐锋,LRF,6534
李瑞丰,LRF,6535
李锐锋,LRF,6536
李若斐,LRF,6537
李润刚,LRG,6538
李如海,LRH,6539
刘如辉,LRH,6540
李仁华,LRH,6541
李荣海,LRH,6542
刘荣辉,LRH,6543
李荣华,LRH,6544
刘仁海,LRH,6545
梁容坚,LRJ,6546
刘仁杰,LRJ,6547
蓝日皎,LRJ,6548
李若兰,LRL,6549
李儒莲,LRL,6550
罗如丽,LRL,6551
鲁茸尼玛,LRNM,6552
刘日凭,LRP,6553
吕瑞萍,LRP,6554
凌蕊苹,LRP,6555
雒润平,LRP,6556
廖润强,LRQ,6557
赖荣清,LRQ,6558
卢荣旗,LRQ,6559
罗仁清,LRQ,6560
李如省,LRS,6561
李荣胜,LRS,6562
林荣卫,LRW,6563
赖瑞文,LRW,6564
李瑞晓,LRX,6565
李瑞新,LRX,6566
李瑞英,LRY,6567
芦瑞愈,LRY,6568
李睿媛,LRY,6569
李仁州,LRZ,6570
刘瑞章,LRZ,6571
罗仁昭,LRZ,6572
林珊,LS,6573
李盛,LS,6574
赖桑,LS,6575
刘莎,LS,6576
刘胜,LS,6577
李抒,LS,6578
罗莎,LS,6579
李淑,LS,6580
李树,LS,6581
罗盛,LS,6582
李双,LS,6583
林爽,LS,6584
梁莎,LS,6585
刘树,LS,6586
梁蜀,LS,6587
李森,LS,6588
李舒,LS,6589
林颂,LS,6590
李珊,LS,6591
刘森,LS,6592
李颂,LS,6593
李松,LS,6594
李淞,LS,6595
罗胜,LS,6596
陆嵩,LS,6597
李生,LS,6598
骆素,LS,6599
龙烁,LS,6600
李萨,LS,6601
李凇,LS,6602
冷尚,LS,6603
罗桑,LS,6604
刘双爱,LSA,6605
吕世滨,LSB,6606
李少波,LSB,6607
刘绍彬,LSB,6608
罗尚春,LSC,6609
李水成,LSC,6610
李世超,LSC,6611
刘树朝,LSC,6612
刘赛春,LSC,6613
卢寿臣,LSC,6614
路生才,LSC,6615
郎素娣,LSD,6616
李士得,LSD,6617
林素芳,LSF,6618
罗世锋,LSF,6619
刘少丰,LSF,6620
李淑芬,LSF,6621
吕守方,LSF,6622
刘素仿,LSF,6623
卢胜富担,LSFD,6624
李松光,LSG,6625
李森高,LSG,6626
梁绍刚,LSG,6627
刘世红,LSH,6628
雷少华,LSH,6629
李双华,LSH,6630
鲁少华,LSH,6631
黎斯惠,LSH,6632
李素华,LSH,6633
罗淑慧,LSH,6634
卢颂辉,LSH,6635
刘顺河,LSH,6636
吕少宏,LSH,6637
李少鸿,LSH,6638
刘少华,LSH,6639
林述静,LSJ,6640
刘世界,LSJ,6641
李抒璟,LSJ,6642
刘士军,LSJ,6643
刘少军,LSJ,6644
李世俊,LSJ,6645
刘尚军,LSJ,6646
梁少菁,LSJ,6647
刘善金,LSJ,6648
廖世健,LSJ,6649
李世杰,LSJ,6650
梁世军,LSJ,6651
刘时杰,LSJ,6652
林少坤,LSK,6653
李双利,LSL,6654
赖声亮,LSL,6655
李盛林,LSL,6656
罗绍伦,LSL,6657
刘水莲,LSL,6658
刘世龙,LSL,6659
李松林,LSL,6660
李双来,LSL,6661
李淑玲,LSL,6662
罗胜利,LSL,6663
刘胜利,LSL,6664
梁社明,LSM,6665
李淑梅,LSM,6666
李圣梅,LSM,6667
李素梅,LSM,6668
李树美,LSM,6669
罗曙梅,LSM,6670
卢师明,LSM,6671
李曙明,LSM,6672
刘世明,LSM,6673
刘姝娜,LSN,6674
刘胜男,LSN,6675
刘舒凝,LSN,6676
刘淑萍,LSP,6677
李少平,LSP,6678
罗淑萍,LSP,6679
李少鹏,LSP,6680
刘树平,LSP,6681
路盛平,LSP,6682
刘士平,LSP,6683
乐胜平,LSP,6684
李树强,LSQ,6685
刘树群,LSQ,6686
林上庆,LSQ,6687
李沈岐,LSQ,6688
林双全,LSQ,6689
刘石青,LSQ,6690
李森强,LSQ,6691
李双庆,LSQ,6692
廖淑琴,LSQ,6693
李少琴,LSQ,6694
刘思琴,LSQ,6695
廖思谦,LSQ,6696
洛松曲西,LSQX,6697
刘双荣,LSR,6698
林少如,LSR,6699
凌圣荣,LSR,6700
蓝思荣,LSR,6701
李萨如拉,LSRL,6702
李树松,LSS,6703
吕珊珊,LSS,6704
罗珊珊,LSS,6705
李树生,LSS,6706
李莎莎,LSS,6707
刘绍山,LSS,6708
李沙沙,LSS,6709
李善仕,LSS,6710
李双双,LSS,6711
娄闪闪,LSS,6712
李姗姗,LSS,6713
李士胜,LSS,6714
李珊珊,LSS,6715
刘绍山陪,LSSP,6716
刘树棠,LST,6717
罗曙廷,LST,6718
刘舒婷,LST,6719
刘松涛,LST,6720
刘善维,LSW,6721
李绍伟,LSW,6722
李树文,LSW,6723
刘仕雯,LSW,6724
李少武,LSW,6725
刘士文,LSW,6726
李社武,LSW,6727
李树伟,LSW,6728
李双武,LSW,6729
李斯武,LSW,6730
李世伟,LSW,6731
刘舒霞,LSX,6732
李顺祥,LSX,6733
刘顺仙,LSX,6734
刘双秀,LSX,6735
刘韶兴,LSX,6736
卢少瑜,LSY,6737
罗世燕,LSY,6738
李生勇,LSY,6739
李淑亚,LSY,6740
刘少义,LSY,6741
刘思阳,LSY,6742
李世勇,LSY,6743
李升云,LSY,6744
刘世宇,LSY,6745
李素昱,LSY,6746
刘圣远,LSY,6747
李术尤,LSY,6748
吕少阳,LSY,6749
李思遥,LSY,6750
李淑英,LSY,6751
陆淑芸,LSY,6752
刘珊瑛,LSY,6753
李少英,LSY,6754
雷申宴,LSY,6755
李素志,LSZ,6756
李淑贞,LSZ,6757
刘胜芝,LSZ,6758
吕述智,LSZ,6759
李士忠,LSZ,6760
李婷,LT,6761
刘涛,LT,6762
梁统,LT,6763
李韬,LT,6764
陆涛,LT,6765
李涛,LT,6766
罗涛,LT,6767
李棠,LT,6768
逯涛,LT,6769
李亭,LT,6770
骆统,LT,6771
李泰,LT,6772
梁婷,LT,6773
骆涛,LT,6774
林涛,LT,6775
李桃,LT,6776
李天,LT,6777
李廷安,LTA,6778
刘涛独任,LTDR,6779
李婷独任,LTDR,6780
李庭富,LTF,6781
刘铁军,LTJ,6782
李天军,LTJ,6783
李天龙,LTL,6784
李天伦,LTL,6785
李统礼,LTL,6786
李陶梅,LTM,6787
李天茂,LTM,6788
李铁民,LTM,6789
卢泰铭,LTM,6790
刘铁铭,LTM,6791
罗太平,LTP,6792
罗廷强,LTQ,6793
龙廷荣,LTR,6794
李体申,LTS,6795
林婷婷,LTT,6796
李涛涛,LTT,6797
李天伟,LTW,6798
李太星,LTX,6799
刘廷轩,LTX,6800
柳桃喜,LTX,6801
栾天翔,LTX,6802
刘彤燕,LTY,6803
卢天勇,LTY,6804
林廷耀,LTY,6805
刘天宇,LTY,6806
李铁铮,LTZ,6807
刘天柱,LTZ,6808
吕铁哲,LTZ,6809
罗铁真,LTZ,6810
鲁廷振,LTZ,6811
刘伟,LW,6812
李文,LW,6813
李伟,LW,6814
梁伟,LW,6815
刘文,LW,6816
李雯,LW,6817
罗伟,LW,6818
罗文,LW,6819
李维,LW,6820
林伟,LW,6821
罗炜,LW,6822
刘薇,LW,6823
李巍,LW,6824
李卫,LW,6825
刘玮,LW,6826
陆玮,LW,6827
龙伟,LW,6828
兰文,LW,6829
李玮,LW,6830
刘蔚,LW,6831
吕伟,LW,6832
刘巍,LW,6833
李唯,LW,6834
刘万,LW,6835
刘卫滨,LWB,6836
刘文彬,LWB,6837
罗文碧,LWB,6838
梁文博,LWB,6839
李文波,LWB,6840
廖文斌,LWB,6841
李文斌,LWB,6842
刘伟诚,LWC,6843
李伟才,LWC,6844
刘万成,LWC,6845
刘卫东,LWD,6846
李文东,LWD,6847
李卫东,LWD,6848
陆卫东,LWD,6849
罗卫东,LWD,6850
刘文锋,LWF,6851
雷武锋,LWF,6852
李温芳,LWF,6853
刘文福,LWF,6854
赖万锋,LWF,6855
林卫国,LWG,6856
罗卫国,LWG,6857
刘万国,LWG,6858
刘伟果,LWG,6859
赖伟宏,LWH,6860
厉文华,LWH,6861
廖卫华,LWH,6862
刘文辉,LWH,6863
刘文慧,LWH,6864
吕文红,LWH,6865
李文华,LWH,6866
黎文华,LWH,6867
李维海,LWH,6868
李文慧,LWH,6869
刘文洪,LWH,6870
李万海,LWH,6871
李文娟,LWJ,6872
林文俊,LWJ,6873
林文将,LWJ,6874
李伟军,LWJ,6875
林我坚,LWJ,6876
李文菁,LWJ,6877
李文君,LWJ,6878
刘文举,LWJ,6879
林文姬,LWJ,6880
刘文军,LWJ,6881
罗卫军,LWJ,6882
刘文娟,LWJ,6883
林文静,LWJ,6884
李伟杰,LWJ,6885
刘伟罗,LWL,6886
蓝韦丽,LWL,6887
李文莉,LWL,6888
刘文龙,LWL,6889
刘维亮,LWL,6890
梁万里,LWL,6891
李文利,LWL,6892
刘伟良,LWL,6893
李文龙,LWL,6894
卢为明,LWM,6895
刘万能,LWN,6896
刘文娜,LWN,6897
李卫平,LWP,6898
李文萍,LWP,6899
刘伟培,LWP,6900
刘伟平,LWP,6901
刘卫平,LWP,6902
林文清,LWQ,6903
罗卫琴,LWQ,6904
刘万全,LWQ,6905
李伟强,LWQ,6906
廖温全,LWQ,6907
李文泉,LWQ,6908
李文强,LWQ,6909
娄文琪,LWQ,6910
林文权,LWQ,6911
梁伟强,LWQ,6912
刘伟双,LWS,6913
柳文思,LWS,6914
刘伟思,LWS,6915
刘伟胜,LWS,6916
罗维斯,LWS,6917
李文生,LWS,6918
梁文升,LWS,6919
刘万胜,LWS,6920
林文涛,LWT,6921
李万涛,LWT,6922
梁文涛,LWT,6923
卢文伟,LWW,6924
李伟文,LWW,6925
刘文望,LWW,6926
陆炜炜,LWW,6927
刘旺喜,LWX,6928
刘文祥,LWX,6929
李温鑫,LWX,6930
梁维新,LWX,6931
李吴霞,LWX,6932
李文欣,LWX,6933
李文孝,LWX,6934
林文兴,LWX,6935
李文有,LWY,6936
李维阳,LWY,6937
林文英,LWY,6938
梁伟艳,LWY,6939
李文颖,LWY,6940
李文业,LWY,6941
刘文影,LWY,6942
李伟章,LWZ,6943
李文柱,LWZ,6944
吕万众,LWZ,6945
刘文珍,LWZ,6946
刘文支,LWZ,6947
罗文忠,LWZ,6948
李想,LX,6949
罗肖,LX,6950
刘鑫,LX,6951
李旭,LX,6952
刘霞,LX,6953
李希,LX,6954
李响,LX,6955
刘星,LX,6956
李欣,LX,6957
刘小,LX,6958
林秀,LX,6959
历霞,LX,6960
李宣,LX,6961
刘晓,LX,6962
李祥,LX,6963
刘兴,LX,6964
李晓,LX,6965
林新,LX,6966
刘欣,LX,6967
凌霞,LX,6968
连晓,LX,6969
罗翔,LX,6970
刘学,LX,6971
李雪,LX,6972
鲁肖,LX,6973
李显,LX,6974
刘新,LX,6975
罗鑫,LX,6976
李霞,LX,6977
李鑫,LX,6978
廖熹,LX,6979
刘旭,LX,6980
李小,LX,6981
林雄,LX,6982
刘秀,LX,6983
李潇,LX,6984
林弦,LX,6985
鲁旭,LX,6986
罗曦,LX,6987
梁旭,LX,6988
卢旭,LX,6989
刘笑,LX,6990
雷晓,LX,6991
吕晓,LX,6992
卢芯,LX,6993
罗先,LX,6994
芦絮,LX,6995
卢曦,LX,6996
李星,LX,6997
李新,LX,6998
李仙,LX,6999
李曦,LX,7000
刘雪,LX,7001
李选,LX,7002
梁晓,LX,7003
梁宵,LX,7004
刘翔,LX,7005
卢孝,LX,7006
刘侠,LX,7007
卢勋,LX,7008
李小彬,LXB,7009
李西波,LXB,7010
刘先兵,LXB,7011
李晓兵,LXB,7012
刘学彬,LXB,7013
刘贤斌,LXB,7014
刘小兵,LXB,7015
李小波,LXB,7016
林晓春,LXC,7017
刘向成,LXC,7018
李小川,LXC,7019
刘兴潮,LXC,7020
吕兴存,LXC,7021
李心春,LXC,7022
李晓东,LXD,7023
刘向东,LXD,7024
李向东,LXD,7025
廖小东,LXD,7026
李显东,LXD,7027
吕晓东,LXD,7028
刘旭东,LXD,7029
刘学东,LXD,7030
林向东,LXD,7031
连晓东,LXD,7032
蓝晓东,LXD,7033
李旭东,LXD,7034
刘学弟,LXD,7035
梁谢东,LXD,7036
卢旭东,LXD,7037
李西典,LXD,7038
李雪独任,LXDR,7039
连晓芳,LXF,7040
刘小飞,LXF,7041
李选锋,LXF,7042
吕晓峰,LXF,7043
刘雪峰,LXF,7044
栗新峰,LXF,7045
罗笑芳,LXF,7046
廖雪峰,LXF,7047
李雪锋,LXF,7048
罗小锋,LXF,7049
李秀峰,LXF,7050
林贤甫,LXF,7051
梁晓峰,LXF,7052
刘晓峰,LXF,7053
李晓芳,LXF,7054
李先锋,LXF,7055
蓝晓芳,LXF,7056
李夏菲,LXF,7057
李晓光,LXG,7058
李晓刚,LXG,7059
刘晓光,LXG,7060
卢旭光,LXG,7061
李学刚,LXG,7062
李学国,LXG,7063
李晓华,LXH,7064
刘兴海,LXH,7065
李晓虹,LXH,7066
罗信红,LXH,7067
李笑红,LXH,7068
吕晓红,LXH,7069
林旭红,LXH,7070
林锡宏,LXH,7071
梁信海,LXH,7072
李晓慧,LXH,7073
刘新华,LXH,7074
刘轩华,LXH,7075
刘学华,LXH,7076
李效华,LXH,7077
刘祥恒,LXH,7078
李谢辉,LXH,7079
刘小华,LXH,7080
李兴虎,LXH,7081
罗小花,LXH,7082
李相华,LXH,7083
刘晓弘,LXH,7084
路晓辉,LXH,7085
梁学慧,LXH,7086
李兴华,LXH,7087
刘晓宏,LXH,7088
林先宏,LXH,7089
林小娟,LXJ,7090
刘晓静,LXJ,7091
李雪娇,LXJ,7092
李秀杰,LXJ,7093
李小俊,LXJ,7094
梁旭娇,LXJ,7095
李锡建,LXJ,7096
李小杰,LXJ,7097
李晓杰,LXJ,7098
李晓君,LXJ,7099
刘小娟,LXJ,7100
刘相吉,LXJ,7101
黎晓静,LXJ,7102
李侠军,LXJ,7103
李新军,LXJ,7104
李相军,LXJ,7105
刘学军,LXJ,7106
刘显军,LXJ,7107
李晓军,LXJ,7108
李希军,LXJ,7109
李习军,LXJ,7110
李小京,LXJ,7111
刘向军,LXJ,7112
李献进,LXJ,7113
林辛建,LXJ,7114
李学军,LXJ,7115
刘兴健,LXJ,7116
梁秀娟,LXJ,7117
李相君,LXJ,7118
刘晓金,LXJ,7119
刘小娟陪,LXJP,7120
刘选奎,LXK,7121
刘小克,LXK,7122
李香兰,LXL,7123
李星林,LXL,7124
李小兰,LXL,7125
李晓莉,LXL,7126
罗兴龙,LXL,7127
刘兴来,LXL,7128
陆小玲,LXL,7129
梁晓亮,LXL,7130
李先来,LXL,7131
李小龙,LXL,7132
刘湘林,LXL,7133
楼小莉,LXL,7134
梁晓莉,LXL,7135
李晓丽,LXL,7136
赖晓玲,LXL,7137
吕西连,LXL,7138
刘晓璐,LXL,7139
李夏莲,LXL,7140
乐喜莲,LXL,7141
李兴龙,LXL,7142
黎秀玲,LXL,7143
林晓莉,LXL,7144
李秀丽,LXL,7145
罗筱玲,LXL,7146
梁雪玲,LXL,7147
李晓亮,LXL,7148
李先来担,LXLD,7149
李雪梅,LXM,7150
龙晓明,LXM,7151
李小民,LXM,7152
刘雪梅,LXM,7153
李晓敏,LXM,7154
李新梅,LXM,7155
刘晓敏,LXM,7156
刘效梅,LXM,7157
刘晓梅,LXM,7158
李晓明,LXM,7159
李旭明,LXM,7160
雷晓鸣,LXM,7161
林型茂,LXM,7162
栾学明,LXM,7163
李信梅,LXM,7164
李学美,LXM,7165
李显明,LXM,7166
吕晓敏,LXM,7167
梁霞娜,LXN,7168
林小乃,LXN,7169
李修宁,LXN,7170
李晓娜,LXN,7171
李啸南,LXN,7172
罗小男,LXN,7173
李杏娜,LXN,7174
刘晓萍,LXP,7175
李鑫鹏,LXP,7176
林新平,LXP,7177
刘秀平,LXP,7178
刘晓鹏,LXP,7179
赖贤平,LXP,7180
李雪萍,LXP,7181
刘旭鹏,LXP,7182
刘晓朋,LXP,7183
廖小萍,LXP,7184
赖兴萍,LXP,7185
廖秀平,LXP,7186
刘晓平,LXP,7187
廖小平,LXP,7188
刘秀萍,LXP,7189
刘先芃,LXP,7190
刘锡璞,LXP,7191
林晓鹏,LXP,7192
李小鹏,LXP,7193
鲁晓平,LXP,7194
罗雪萍,LXP,7195
李秀清,LXQ,7196
李学全,LXQ,7197
罗晓庆,LXQ,7198
李晓强,LXQ,7199
罗雪强,LXQ,7200
李西乾,LXQ,7201
吕学青,LXQ,7202
卢晓琴,LXQ,7203
李秀勤,LXQ,7204
李秀芹,LXQ,7205
李学强,LXQ,7206
刘雪琴,LXQ,7207
刘晓强,LXQ,7208
连晓钦,LXQ,7209
李雪榕,LXR,7210
李锡仁,LXR,7211
李秀荣,LXR,7212
李晓睿,LXR,7213
林欣茹,LXR,7214
梁显荣,LXR,7215
刘小荣,LXR,7216
李星儒,LXR,7217
刘兴荣,LXR,7218
喇兴儒,LXR,7219
李西让,LXR,7220
卢雪蓉,LXR,7221
罗锡胜,LXS,7222
卢祥生,LXS,7223
李贤森,LXS,7224
罗晓珊,LXS,7225
李兴山,LXS,7226
罗先胜,LXS,7227
刘晓珊,LXS,7228
罗小山,LXS,7229
梁旭生,LXS,7230
梁夏生,LXS,7231
刘小涛,LXT,7232
刘新童,LXT,7233
林新艇,LXT,7234
刘晓彤,LXT,7235
拉秀太,LXT,7236
刘晓棠,LXT,7237
李璇炜,LXW,7238
李学武,LXW,7239
梁晓文,LXW,7240
梁小伟,LXW,7241
李学文,LXW,7242
刘小武,LXW,7243
刘小文,LXW,7244
刘新文,LXW,7245
刘学武,LXW,7246
李熹微,LXW,7247
李晓伟,LXW,7248
李晓武,LXW,7249
李肖霞,LXX,7250
林小香,LXX,7251
李学新,LXX,7252
刘绪祥,LXX,7253
李欣欣,LXX,7254
李兴祥,LXX,7255
李旭旭,LXX,7256
刘晓霞,LXX,7257
李旭霞,LXX,7258
林星星,LXX,7259
李向新,LXX,7260
吕新星,LXX,7261
李小祥,LXX,7262
林新英,LXY,7263
刘西勇,LXY,7264
赖肖云,LXY,7265
林雪义,LXY,7266
李晓毅,LXY,7267
林雪野,LXY,7268
刘晓英,LXY,7269
刘晓宇,LXY,7270
刘晓勇,LXY,7271
李贤愈,LXY,7272
刘啸云,LXY,7273
卢新燕,LXY,7274
刘晓燕,LXY,7275
李欣怡,LXY,7276
刘晓岩,LXY,7277
林晓燕,LXY,7278
卢孝余,LXY,7279
李星耀,LXY,7280
黎旭阳,LXY,7281
刘晓颖,LXY,7282
李晓云,LXY,7283
刘向阳,LXY,7284
兰向阳,LXY,7285
蓝雪燕,LXY,7286
吕小云,LXY,7287
李小云,LXY,7288
李岫岩,LXY,7289
李相元,LXY,7290
刘翔宇,LXY,7291
刘晓媛,LXY,7292
梁向英,LXY,7293
李兴召,LXZ,7294
黎小忠,LXZ,7295
梁晓竹,LXZ,7296
李显中,LXZ,7297
刘小战,LXZ,7298
刘绪治,LXZ,7299
梁希哲,LXZ,7300
李岩,LY,7301
刘瑜,LY,7302
刘勇,LY,7303
刘炎,LY,7304
李银,LY,7305
刘彦,LY,7306
刘颖,LY,7307
刘瑛,LY,7308
刘玉,LY,7309
卢颖,LY,7310
刘焱,LY,7311
李颖,LY,7312
刘阳,LY,7313
李毅,LY,7314
刘岩,LY,7315
雷云,LY,7316
李缨,LY,7317
吕茵,LY,7318
李裕,LY,7319
李艳,LY,7320
林媛,LY,7321
刘友,LY,7322
刘应,LY,7323
李怡,LY,7324
刘扬,LY,7325
李旸,LY,7326
李燕,LY,7327
李月,LY,7328
刘妍,LY,7329
李永,LY,7330
梁焱,LY,7331
刘永,LY,7332
李钰,LY,7333
李勇,LY,7334
李宇,LY,7335
柳妍,LY,7336
龙叶,LY,7337
李莹,LY,7338
刘颜,LY,7339
梁英,LY,7340
林勇,LY,7341
刘韵,LY,7342
李翼,LY,7343
刘影,LY,7344
刘毅,LY,7345
刘艳,LY,7346
路莹,LY,7347
李媛,LY,7348
李玉,LY,7349
李阳,LY,7350
刘宇,LY,7351
李越,LY,7352
罗益,LY,7353
刘英,LY,7354
刘懿,LY,7355
刘洋,LY,7356
李元,LY,7357
李胤,LY,7358
刘燕,LY,7359
刘迎,LY,7360
李煜,LY,7361
廖勇,LY,7362
吕垣,LY,7363
凌云,LY,7364
刘芸,LY,7365
刘烨,LY,7366
罗勇,LY,7367
李伊,LY,7368
廖云,LY,7369
刘贻,LY,7370
骆燕,LY,7371
卢云,LY,7372
刘越,LY,7373
李游,LY,7374
李渊,LY,7375
龙勇,LY,7376
梁艳,LY,7377
李雁,LY,7378
刘煜,LY,7379
李英,LY,7380
兰嫣,LY,7381
黎云,LY,7382
罗毅,LY,7383
雷越,LY,7384
陆莹,LY,7385
刘壹,LY,7386
罗阳,LY,7387
李盈,LY,7388
李圆,LY,7389
刘晔,LY,7390
黎勇,LY,7391
罗亚,LY,7392
刘依,LY,7393
梁友,LY,7394
罗永,LY,7395
刘杨,LY,7396
刘雨,LY,7397
刘宜,LY,7398
李晔,LY,7399
刘音,LY,7400
刘莹,LY,7401
刘云,LY,7402
李寅,LY,7403
楼益,LY,7404
李余,LY,7405
梁跃,LY,7406
梁懿,LY,7407
龙岩,LY,7408
李洋,LY,7409
李艳波,LYB,7410
李英斌,LYB,7411
李颖博,LYB,7412
李有保,LYB,7413
刘壹斌,LYB,7414
李永波,LYB,7415
刘友保,LYB,7416
卢永本,LYB,7417
刘永博,LYB,7418
梁友斌,LYB,7419
梁友斌担,LYBD,7420
李云聪,LYC,7421
李英才,LYC,7422
柳玉才,LYC,7423
李义春,LYC,7424
罗业才,LYC,7425
李亚车,LYC,7426
李迎春,LYC,7427
李有成,LYC,7428
李元成,LYC,7429
李泳材,LYC,7430
林迎春,LYC,7431
李元超,LYC,7432
梁妍岑,LYC,7433
刘永初,LYC,7434
李亚东,LYD,7435
鲁阳东,LYD,7436
刘耀东,LYD,7437
李宜东,LYD,7438
罗亚东,LYD,7439
李玉东,LYD,7440
鲁毅东,LYD,7441
龙毅独任,LYDR,7442
刘妍独任,LYDR,7443
刘煜独任,LYDR,7444
刘永恩,LYE,7445
李玉夫,LYF,7446
李艳芳,LYF,7447
罗云峰,LYF,7448
柳延峰,LYF,7449
李云峰,LYF,7450
卢燕芳,LYF,7451
罗毅夫,LYF,7452
林燕芳,LYF,7453
刘玉芳,LYF,7454
卢云峰,LYF,7455
李轶凡,LYF,7456
李玉峰,LYF,7457
刘玉飞,LYF,7458
李云飞,LYF,7459
罗云飞,LYF,7460
李彦芬,LYF,7461
李宇峰,LYF,7462
李逸凡,LYF,7463
刘裕峰,LYF,7464
卢一锋,LYF,7465
刘亚凡,LYF,7466
李益芳,LYF,7467
罗益贵,LYG,7468
李月光,LYG,7469
吕耀光,LYG,7470
林毅高,LYG,7471
李跃功,LYG,7472
刘亦工,LYG,7473
梁永国,LYG,7474
梁贻刚,LYG,7475
刘曰赓,LYG,7476
刘耀光,LYG,7477
刘艳华,LYH,7478
刘延宏,LYH,7479
李永恒,LYH,7480
林银红,LYH,7481
李怡焕,LYH,7482
刘跃红,LYH,7483
梁英华,LYH,7484
罗义海,LYH,7485
李颖辉,LYH,7486
李云海,LYH,7487
吕跃衡,LYH,7488
栾宇辉,LYH,7489
李月宏,LYH,7490
罗跃辉,LYH,7491
李永辉,LYH,7492
龙永红,LYH,7493
罗彦惠,LYH,7494
劳玉华,LYH,7495
娄宇红,LYH,7496
李艺华,LYH,7497
罗远华,LYH,7498
李样辉,LYH,7499
李亚辉,LYH,7500
刘月华,LYH,7501
刘艳红,LYH,7502
林玉辉,LYH,7503
罗永怀,LYH,7504
李颖訸,LYH,7505
李延辉,LYH,7506
刘宇红,LYH,7507
刘艳辉,LYH,7508
林艳红,LYH,7509
李颍华,LYH,7510
李印贺,LYH,7511
李杨惠贞,LYHZ,7512
罗远进,LYJ,7513
李永杰,LYJ,7514
李艳杰,LYJ,7515
罗拥军,LYJ,7516
李艳军,LYJ,7517
李燕杰,LYJ,7518
李跃进,LYJ,7519
刘印江,LYJ,7520
刘永坚,LYJ,7521
李艳君,LYJ,7522
赖雅静,LYJ,7523
刘彦军,LYJ,7524
刘永纪,LYJ,7525
刘炎军,LYJ,7526
刘远见,LYJ,7527
李拥军,LYJ,7528
李英杰,LYJ,7529
李玉军,LYJ,7530
李亚军,LYJ,7531
刘玉江,LYJ,7532
李玉娟,LYJ,7533
李宜家,LYJ,7534
刘应军,LYJ,7535
李玉皎,LYJ,7536
李一军,LYJ,7537
梁以劲,LYJ,7538
刘泳江,LYJ,7539
刘亚娟,LYJ,7540
卢义军,LYJ,7541
芦永吉,LYJ,7542
龙英军,LYJ,7543
廖永杰,LYJ,7544
刘以军,LYJ,7545
鹿玉杰,LYJ,7546
李永京,LYJ,7547
罗拥军担,LYJD,7548
刘应坤,LYK,7549
梁永康,LYK,7550
李永康,LYK,7551
刘玉梁,LYL,7552
龙玉柳,LYL,7553
李应梁,LYL,7554
罗亚丽,LYL,7555
李月亮,LYL,7556
罗艳玲,LYL,7557
刘运林,LYL,7558
李永良,LYL,7559
李亚雷,LYL,7560
罗应亮,LYL,7561
李艺兰,LYL,7562
刘玉丽,LYL,7563
刘雨林,LYL,7564
李艳灵,LYL,7565
李艳丽,LYL,7566
李艳利,LYL,7567
李永林,LYL,7568
陆渊亮,LYL,7569
李永浪,LYL,7570
李云龙,LYL,7571
李英烈,LYL,7572
雷延琳,LYL,7573
罗应林,LYL,7574
梁彦林,LYL,7575
李雅玲,LYL,7576
卢远丽,LYL,7577
李应淋,LYL,7578
刘玉亮,LYL,7579
林燕梅,LYM,7580
梁艳媚,LYM,7581
罗优梅,LYM,7582
李韵梅,LYM,7583
廖彦明,LYM,7584
李咏梅,LYM,7585
龙裕明,LYM,7586
李玉梅,LYM,7587
梁咏梅,LYM,7588
来瑜玫,LYM,7589
刘亚敏,LYM,7590
罗玉民,LYM,7591
刘玉淼,LYM,7592
卢永明,LYM,7593
刘永明,LYM,7594
李迎梅,LYM,7595
李永梅,LYM,7596
李月梅,LYM,7597
李亚眉,LYM,7598
李永敏,LYM,7599
李裕民独,LYMD,7600
李亚宁,LYN,7601
李亚南,LYN,7602
刘艳楠,LYN,7603
林雁平,LYP,7604
刘远平,LYP,7605
李玉萍,LYP,7606
赖银平,LYP,7607
雷玉萍,LYP,7608
刘玉平,LYP,7609
廖一平,LYP,7610
刘艳平,LYP,7611
李永平,LYP,7612
李育平,LYP,7613
刘燕平,LYP,7614
罗应培,LYP,7615
李艳萍,LYP,7616
梁耀平,LYP,7617
李益庆,LYQ,7618
梁玉庆,LYQ,7619
李玉秋,LYQ,7620
李云桥,LYQ,7621
刘云琼,LYQ,7622
廖彦清,LYQ,7623
廖玉清,LYQ,7624
刘玉清,LYQ,7625
刘颖清,LYQ,7626
李彦琴,LYQ,7627
李月巧,LYQ,7628
刘永芹,LYQ,7629
刘叶青,LYQ,7630
罗应全,LYQ,7631
李云启,LYQ,7632
廖勇奇,LYQ,7633
刘叶群,LYQ,7634
李艳秋,LYQ,7635
刘玉奇,LYQ,7636
李勇强,LYQ,7637
卢永强,LYQ,7638
李艳群,LYQ,7639
刘运融,LYR,7640
刘玉荣,LYR,7641
李永然,LYR,7642
林雅思,LYS,7643
梁永生,LYS,7644
吕云胜,LYS,7645
李英山,LYS,7646
刘云生,LYS,7647
李永胜,LYS,7648
刘雨生,LYS,7649
李玉双,LYS,7650
罗燕生,LYS,7651
刘彦锁,LYS,7652
罗永生,LYS,7653
刘叶思,LYS,7654
刘言胜,LYS,7655
梁业生,LYS,7656
李勇顺,LYS,7657
赖育升,LYS,7658
赖雨田,LYT,7659
刘一通,LYT,7660
林雅婷,LYT,7661
李云涛,LYT,7662
李艳婷,LYT,7663
赖云婷,LYT,7664
李玉涛,LYT,7665
刘玉涛,LYT,7666
李延伟,LYW,7667
李艳伟,LYW,7668
李友文,LYW,7669
李艺文,LYW,7670
刘永文,LYW,7671
李玉文,LYW,7672
刘煜伟,LYW,7673
刘玉武,LYW,7674
李亚伟,LYW,7675
栾育伟,LYW,7676
李永兴,LYX,7677
刘跃羲,LYX,7678
李艳霞,LYX,7679
刘雅雄,LYX,7680
刘玉新,LYX,7681
刘永祥,LYX,7682
卢一学,LYX,7683
刘玉霞,LYX,7684
李玉新,LYX,7685
刘玉欣,LYX,7686
林元喜,LYX,7687
李艳行,LYX,7688
林懿娴,LYX,7689
李月贤,LYX,7690
刘雁翔,LYX,7691
赖跃迅,LYX,7692
骆云亚,LYY,7693
李玉燕,LYY,7694
卢雨阳,LYY,7695
李颖宜,LYY,7696
刘羽蕴,LYY,7697
刘瑛瑛,LYY,7698
刘永阳,LYY,7699
刘跃云,LYY,7700
刘远尧,LYY,7701
李云燕,LYY,7702
罗友义,LYY,7703
李元颐,LYY,7704
李语嫣,LYY,7705
刘怡苑,LYY,7706
李杨亚,LYY,7707
罗玉云,LYY,7708
刘义云,LYY,7709
李艳阳,LYY,7710
刘远益,LYY,7711
李玉珍,LYZ,7712
李玉洲,LYZ,7713
李雁洲,LYZ,7714
鲁远卓,LYZ,7715
林贻贞,LYZ,7716
刘遇忠,LYZ,7717
林玉珍,LYZ,7718
刘永正,LYZ,7719
刘永忠,LYZ,7720
罗永志,LYZ,7721
李炎钊,LYZ,7722
李月章,LYZ,7723
李应智,LYZ,7724
林银仲,LYZ,7725
李远征,LYZ,7726
林增,LZ,7727
刘征,LZ,7728
刘洲,LZ,7729
李喆,LZ,7730
刘政,LZ,7731
罗忠,LZ,7732
梁震,LZ,7733
刘展,LZ,7734
李智,LZ,7735
刘志,LZ,7736
刘忠,LZ,7737
李正,LZ,7738
李哲,LZ,7739
刘周,LZ,7740
朗珍,LZ,7741
李政,LZ,7742
龙志,LZ,7743
李震,LZ,7744
赖忠,LZ,7745
刘泽,LZ,7746
鲁长,LZ,7747
罗珍,LZ,7748
李忠,LZ,7749
刘再安,LZA,7750
罗卓标,LZB,7751
梁泽波,LZB,7752
凌左彬,LZB,7753
李志兵,LZB,7754
李智博,LZB,7755
李子斌,LZB,7756
李忠诚,LZC,7757
李长超,LZC,7758
刘忠诚,LZC,7759
刘志才,LZC,7760
刘志聪,LZC,7761
李作超,LZC,7762
李振川,LZC,7763
李忠臣,LZC,7764
李志超,LZC,7765
李长操,LZC,7766
刘卓超,LZC,7767
刘忠大,LZD,7768
李占东,LZD,7769
罗中东,LZD,7770
刘志夫,LZF,7771
刘志锋,LZF,7772
罗占峰,LZF,7773
刘祖芳,LZF,7774
林镇福,LZF,7775
刘兆法,LZF,7776
李正飞,LZF,7777
刘哲甫,LZF,7778
刘震峰,LZF,7779
林增锋,LZF,7780
林中高,LZG,7781
李志刚,LZG,7782
刘作高,LZG,7783
刘中根,LZG,7784
廖志高,LZG,7785
刘智国,LZG,7786
雷中桂,LZG,7787
罗志刚,LZG,7788
刘振广,LZG,7789
刘志刚,LZG,7790
刘子国,LZG,7791
李梓阁,LZG,7792
吕泽华,LZH,7793
李志慧,LZH,7794
刘智慧,LZH,7795
吕致华,LZH,7796
李仲华,LZH,7797
罗长华,LZH,7798
林朝晖,LZH,7799
李志浩,LZH,7800
李志海,LZH,7801
刘志宏,LZH,7802
刘战辉,LZH,7803
黎朝晖,LZH,7804
刘振华,LZH,7805
李治虎,LZH,7806
李中华,LZH,7807
李正华,LZH,7808
刘再华,LZH,7809
蓝章湖,LZH,7810
李正红,LZH,7811
李振华,LZH,7812
李泽辉,LZH,7813
廖宗海,LZH,7814
刘长宏,LZH,7815
李兆华,LZH,7816
吕志宏,LZH,7817
刘志华,LZH,7818
蓝照辉,LZH,7819
刘招华,LZH,7820
鲁志杰,LZJ,7821
龙志军,LZJ,7822
李子君,LZJ,7823
刘志杰,LZJ,7824
卢增吉,LZJ,7825
卢贞建,LZJ,7826
李占军,LZJ,7827
雷增教,LZJ,7828
刘志家,LZJ,7829
李振军,LZJ,7830
李志坚,LZJ,7831
林自驹,LZJ,7832
梁祖剑,LZJ,7833
刘长军,LZJ,7834
李忠杰,LZJ,7835
吕政坤,LZK,7836
李长坤,LZK,7837
李志奎,LZK,7838
黎振坤,LZK,7839
罗振魁,LZK,7840
廖长珂,LZK,7841
罗正灵,LZL,7842
李宗莲,LZL,7843
廉子良,LZL,7844
刘中林,LZL,7845
雷正龙,LZL,7846
栾占林,LZL,7847
罗志龙,LZL,7848
刘志兰,LZL,7849
李志良,LZL,7850
鲁长来,LZL,7851
兰志龙,LZL,7852
梁智良,LZL,7853
李震霖,LZL,7854
廖志敏,LZM,7855
李正美,LZM,7856
廖作镁,LZM,7857
刘祖民,LZM,7858
刘志梅,LZM,7859
林振明,LZM,7860
陆忠明,LZM,7861
刘智明,LZM,7862
李长明,LZM,7863
李宗敏,LZM,7864
李振男,LZN,7865
林珠娜,LZN,7866
李治能,LZN,7867
卢柱平,LZP,7868
林志平,LZP,7869
刘振平,LZP,7870
林筑萍,LZP,7871
卢志平,LZP,7872
李宗平,LZP,7873
李自萍,LZP,7874
林子平,LZP,7875
李志鹏,LZP,7876
刘志平,LZP,7877
陆志平,LZP,7878
李忠勤,LZQ,7879
李中权,LZQ,7880
卢志强,LZQ,7881
李正泉,LZQ,7882
李志强,LZQ,7883
李正强,LZQ,7884
梁志强,LZQ,7885
梁志全,LZQ,7886
刘振清,LZQ,7887
罗志强,LZQ,7888
刘长琴,LZQ,7889
刘真琼,LZQ,7890
罗治全,LZQ,7891
李忠强,LZQ,7892
李振桥,LZQ,7893
刘泽清,LZQ,7894
李自强,LZQ,7895
刘卓群,LZQ,7896
李智琼,LZQ,7897
梁正青,LZQ,7898
刘占全,LZQ,7899
刘志强,LZQ,7900
刘志荣,LZR,7901
李忠日,LZR,7902
李祖睿,LZR,7903
刘子如,LZR,7904
雷自荣,LZR,7905
李之圣,LZS,7906
梁战胜,LZS,7907
廖志胜,LZS,7908
刘祝绍,LZS,7909
吕子实,LZS,7910
刘中锁,LZS,7911
刘忠社,LZS,7912
李柱善,LZS,7913
刘兆胜,LZS,7914
李泽树,LZS,7915
李志森,LZS,7916
李泽同,LZT,7917
李正文,LZW,7918
李志文,LZW,7919
李增旺,LZW,7920
李中伟,LZW,7921
李忠文,LZW,7922
卢志文,LZW,7923
李宗文,LZW,7924
李泽文,LZW,7925
刘泽伟,LZW,7926
刘志祥,LZX,7927
鲁泽星,LZX,7928
廖作锡,LZX,7929
李忠秀,LZX,7930
李忠霞,LZX,7931
李兆雄,LZX,7932
卢祖新,LZX,7933
刘占新,LZX,7934
李兆霞,LZX,7935
梁志昕,LZX,7936
凌志祥,LZX,7937
凌宗香,LZX,7938
林志祥,LZX,7939
李振毅,LZY,7940
李振宇,LZY,7941
李泽益,LZY,7942
梁志勇,LZY,7943
罗增湧,LZY,7944
李志勇,LZY,7945
刘志勇,LZY,7946
刘作元,LZY,7947
李中原,LZY,7948
林振宇,LZY,7949
刘志远,LZY,7950
刘长永,LZY,7951
李占玉,LZY,7952
梁织圆,LZY,7953
李智勇,LZY,7954
刘子源,LZY,7955
李智英,LZY,7956
李朝阳,LZY,7957
雷震宇,LZY,7958
罗长义,LZY,7959
刘长义,LZY,7960
李忠正,LZZ,7961
廖治中,LZZ,7962
李志真,LZZ,7963
刘中正,LZZ,7964
李占左,LZZ,7965
毛阿,MA,7966
马艾萍,MAP,7967
马爱武,MAW,7968
毛阿英,MAY,7969
毛阿衣,MAY,7970
马斌,MB,7971
孟邦涛,MBT,7972
马聪,MC,7973
孟超,MC,7974
马超,MC,7975
苗春宝,MCB,7976
毛翠娥,MCE,7977
马翠华,MCH,7978
马成河,MCH,7979
马传煌,MCH,7980
莫春华,MCH,7981
马成花,MCH,7982
马婵娟,MCJ,7983
马超杰,MCJ,7984
茅丛绿,MCL,7985
马成亮,MCL,7986
马彩琴,MCQ,7987
马晨啸,MCX,7988
莫崇耀,MCY,7989
梅昌元,MCY,7990
苗东,MD,7991
米丹,MD,7992
毛打,MD,7993
马丹,MD,7994
马东,MD,7995
马德峰,MDF,7996
孟德广,MDG,7997
麻斗俊,MDJ,7998
马东丽,MDL,7999
马定铭,MDM,8000
马东梅,MDM,8001
马冬青,MDQ,8002
毛打前,MDQ,8003
孟德权,MDQ,8004
毛登舟,MDZ,8005
满尔,ME,8006
马恩龙,MEL,8007
马恩鹏,MEP,8008
慕璠,MF,8009
梅凡,MF,8010
慕锋,MF,8011
牟芳菲,MFF,8012
马风贵,MFG,8013
孟凡惠,MFH,8014
乜凤凯,MFK,8015
毛方利,MFL,8016
孟凡磊,MFL,8017
密凤兰,MFL,8018
孟凡启,MFQ,8019
孟凡石,MFS,8020
马凤伟,MFW,8021
马凤霞,MFX,8022
马飞艳,MFY,8023
缪方勇,MFY,8024
梅果,MG,8025
闵格,MG,8026
马光晨,MGC,8027
梅根慧,MGH,8028
毛国建,MGJ,8029
马广林,MGL,8030
梅国良,MGL,8031
缪国利,MGL,8032
马桂茹,MGR,8033
莫刚顺,MGS,8034
马根署,MGS,8035
缪光炜,MGW,8036
马桂香,MGX,8037
马贵鑫,MGX,8038
马桂英,MGY,8039
马光中,MGZ,8040
闵灏,MH,8041
毛慧,MH,8042
马欢,MH,8043
孟焕,MH,8044
马辉,MH,8045
马海,MH,8046
毛宏波,MHB,8047
马洪斌,MHB,8048
牟红兵,MHB,8049
马洪波,MHB,8050
孟红彪,MHB,8051
马鸿斌,MHB,8052
马海东,MHD,8053
马恒夫,MHF,8054
孟海峰,MHF,8055
毛惠娟,MHJ,8056
马会娟,MHJ,8057
缪怀亮,MHL,8058
马会丽,MHL,8059
莫海明,MHM,8060
莫洪芹,MHQ,8061
貊惠茜,MHQ,8062
马海青,MHQ,8063
马慧卿,MHQ,8064
马红松,MHS,8065
马宏图,MHT,8066
马洪涛,MHT,8067
穆合塔尔,MHTE,8068
孟红伟,MHW,8069
马海燕,MHY,8070
马辉勇,MHY,8071
闵汉中,MHZ,8072
穆瑾,MJ,8073
毛晋,MJ,8074
缪军,MJ,8075
马珺,MJ,8076
闵杰,MJ,8077
牟军,MJ,8078
马军,MJ,8079
马杰,MJ,8080
马净,MJ,8081
孟娟,MJ,8082
梅晶,MJ,8083
毛静,MJ,8084
马骏,MJ,8085
麦珏,MJ,8086
马璟,MJ,8087
孟靓,MJ,8088
马君,MJ,8089
马建,MJ,8090
马建波,MJB,8091
马俊超,MJC,8092
闵俊芳,MJF,8093
莫积凤,MJF,8094
马建国,MJG,8095
孟建光,MJG,8096
马靖浩,MJH,8097
马金虎,MJH,8098
马井军,MJJ,8099
孟晋军,MJJ,8100
缪俊龙,MJL,8101
马金莲,MJL,8102
马金梁,MJL,8103
马进录,MJL,8104
马金龙,MJL,8105
马继明,MJM,8106
满建农,MJN,8107
马军平,MJP,8108
马建平,MJP,8109
宓军庆,MJQ,8110
牟进全,MJQ,8111
马建生,MJS,8112
马劲森,MJS,8113
马吉提,MJT,8114
马军武,MJW,8115
穆峻秀,MJX,8116
马军骁,MJX,8117
马军乐,MJY,8118
满江勇,MJY,8119
马金燕,MJY,8120
莫劲枝,MJZ,8121
马可大,MKD,8122
马康宁,MKN,8123
马克瑛,MKY,8124
马龙,ML,8125
马丽,ML,8126
马玲,ML,8127
马兰,ML,8128
梅林,ML,8129
马林,ML,8130
孟荔,ML,8131
孟琳,ML,8132
梅拉,ML,8133
孟令昌,MLC,8134
牟林德,MLD,8135
马林独任,MLDR,8136
牧丽独任,MLDR,8137
马玲菲,MLF,8138
毛莲芳,MLF,8139
牟立功,MLG,8140
马利钢,MLG,8141
马林海,MLH,8142
牟利华,MLH,8143
马立军,MLJ,8144
毛立江,MLJ,8145
马丽娟,MLJ,8146
孟灵军,MLJ,8147
孟丽娟,MLJ,8148
曼拉吉,MLJ,8149
毛岚岚,MLL,8150
马林立,MLL,8151
蒙柳明,MLM,8152
马丽敏,MLM,8153
孟黎明,MLM,8154
孟丽敏,MLM,8155
马丽娜,MLN,8156
马莉娜,MLN,8157
马立娜,MLN,8158
马立平,MLP,8159
马卢生,MLS,8160
马录英,MLY,8161
马丽娅,MLY,8162
孟令志,MLZ,8163
孟立柱,MLZ,8164
马立中,MLZ,8165
马敏,MM,8166
马明锋,MMF,8167
梅明辉,MMH,8168
马敏龙,MML,8169
马明明,MMM,8170
马梅琴,MMQ,8171
马孟秋,MMQ,8172
母茂生,MMS,8173
米玛扎西,MMZX,8174
蒙宁,MN,8175
孟娜,MN,8176
马宁,MN,8177
马楠,MN,8178
木乃尔补,MNEB,8179
牟乃宁,MNN,8180
毛奶全,MNQ,8181
闵鹏,MP,8182
孟沛,MP,8183
孟平,MP,8184
孟培培,MPP,8185
马鹏亚,MPY,8186
慕乔,MQ,8187
牟庆,MQ,8188
苗青,MQ,8189
马强,MQ,8190
毛清,MQ,8191
孟青,MQ,8192
孟强,MQ,8193
麻倩,MQ,8194
孟庆,MQ,8195
毛齐,MQ,8196
冒巧,MQ,8197
马青峰,MQF,8198
孟全富,MQF,8199
牟庆峰,MQF,8200
穆全宏,MQH,8201
马庆华,MQH,8202
马钦建,MQJ,8203
莫庆铿,MQK,8204
毛齐梁,MQL,8205
马秋玲,MQL,8206
马权岭,MQL,8207
马青龙,MQL,8208
缪琴奇,MQQ,8209
麻倩倩,MQQ,8210
马秋生,MQS,8211
牟泉树,MQS,8212
毛清霞,MQX,8213
毛秋月,MQY,8214
闵琦媛,MQY,8215
孟庆友,MQY,8216
孟庆野,MQY,8217
孟庆艳,MQY,8218
冒巧燕,MQY,8219
莫奇云,MQY,8220
马巧燕,MQY,8221
孟庆忠,MQZ,8222
孟庆祝,MQZ,8223
孟庆贞,MQZ,8224
马任,MR,8225
莫然,MR,8226
莫然独任,MRDR,8227
马瑞平,MRP,8228
苗瑞生,MRS,8229
穆嵩,MS,8230
马仕安,MSA,8231
马述斌,MSB,8232
莫石此,MSC,8233
马随成,MSC,8234
母顺芬,MSF,8235
糜世峰,MSF,8236
马尚刚,MSG,8237
马述和,MSH,8238
木树红,MSH,8239
马世华,MSH,8240
马生将,MSJ,8241
莫随明,MSM,8242
马苏宁,MSN,8243
马实诺,MSN,8244
麦少鹏,MSP,8245
缪素秋,MSQ,8246
蒙胜清,MSQ,8247
毛世清,MSQ,8248
马胜强,MSQ,8249
茆世伟,MSW,8250
马生鑫,MSX,8251
苗世云,MSY,8252
马绍益,MSY,8253
麻腾,MT,8254
马铁,MT,8255
马涛,MT,8256
马婷,MT,8257
马铁夫,MTF,8258
蒙天富,MTF,8259
马腾飞,MTF,8260
明廷建,MTJ,8261
孟天漫,MTM,8262
莫婷婷,MTT,8263
冒庭媛,MTY,8264
米唐宗,MTZ,8265
孟葳,MW,8266
马巍,MW,8267
孟薇,MW,8268
孟伟,MW,8269
孟巍,MW,8270
米旺,MW,8271
满卫,MW,8272
马文波,MWB,8273
马卫东,MWD,8274
马维峰,MWF,8275
梅卫红,MWH,8276
马文慧,MWH,8277
马文辉,MWH,8278
马文君,MWJ,8279
孟文吉,MWJ,8280
马卫南,MWN,8281
马伟勤,MWQ,8282
马卫谦,MWQ,8283
闵万水,MWS,8284
马伟霞,MWX,8285
马文义,MWY,8286
孟维艳,MWY,8287
马为一,MWY,8288
马婉贞,MWZ,8289
米伟志,MWZ,8290
马文忠,MWZ,8291
马新,MX,8292
马晓,MX,8293
马霞,MX,8294
马鑫,MX,8295
茆翔,MX,8296
穆潇,MX,8297
马宪斌,MXB,8298
孟雪丛,MXC,8299
毛晓春,MXC,8300
马兴东,MXD,8301
毛兴东,MXD,8302
孟祥恩,MXE,8303
孟宪福,MXF,8304
卯向方,MXF,8305
马晓丰,MXF,8306
马旭峰,MXF,8307
穆雪峰,MXF,8308
马兴国,MXG,8309
闵新华,MXH,8310
马兴华,MXH,8311
马雪恒,MXH,8312
孟学会,MXH,8313
毛晓红,MXH,8314
马晓晖,MXH,8315
马秀花,MXH,8316
莫雪虹,MXH,8317
马新华,MXH,8318
马晓辉,MXH,8319
马新华陪,MXHP,8320
孟宪菊,MXJ,8321
孟宪君,MXJ,8322
麦雄杰,MXJ,8323
马献科,MXK,8324
苗雪魁,MXK,8325
孟祥奎,MXK,8326
马小丽,MXL,8327
马秀莲,MXL,8328
孟兴玲,MXL,8329
毛晓磊,MXL,8330
马晓丽,MXL,8331
孟祥莉,MXL,8332
毛晓玲,MXL,8333
毛晓龙,MXL,8334
梅雪磊,MXL,8335
马晓明,MXM,8336
毛小满,MXM,8337
孟宪美,MXM,8338
马向民,MXM,8339
马秀萍,MXP,8340
马晓沛,MXP,8341
马晓倩,MXQ,8342
麻小启,MXQ,8343
梅欣荣,MXR,8344
孟宪荣,MXR,8345
马夕生,MXS,8346
马雪松,MXS,8347
马小姝,MXS,8348
马小卫,MXW,8349
马欣阳,MXY,8350
苗小艳,MXY,8351
孟祥勇,MXY,8352
么小燕,MXY,8353
孟宪洋,MXY,8354
毛秀云,MXY,8355
蒙锡渊,MXY,8356
马秀艳,MXY,8357
马晓宇,MXY,8358
蒙学毅,MXY,8359
马晓云,MXY,8360
毛小雨,MXY,8361
马秀英,MXY,8362
马燮阳,MXY,8363
孟小艳,MXY,8364
孟宪忠,MXZ,8365
孟宪智,MXZ,8366
牟燕,MY,8367
孟阳,MY,8368
梅益,MY,8369
马玥,MY,8370
孟蕴,MY,8371
马煜,MY,8372
马跃,MY,8373
么英,MY,8374
梅英,MY,8375
马燕,MY,8376
马岩,MY,8377
马越,MY,8378
马瑛,MY,8379
马洋,MY,8380
梅岩兵,MYB,8381
马永春,MYC,8382
毛远聪,MYC,8383
马永存,MYC,8384
莫一超,MYC,8385
缪颖丰,MYF,8386
明延发,MYF,8387
马燕歌,MYG,8388
马艳归,MYG,8389
马玉宏,MYH,8390
马艳华,MYH,8391
蒙艳华,MYH,8392
毛月红,MYH,8393
孟宇珩,MYH,8394
蒙艳华年,MYHN,8395
马永杰,MYJ,8396
马英杰,MYJ,8397
马轶娟,MYJ,8398
缪月娟,MYJ,8399
马永坚,MYJ,8400
马曰骏,MYJ,8401
莫艳君,MYJ,8402
马雅洁,MYJ,8403
莫有林,MYL,8404
马玉郞,MYL,8405
马应录,MYL,8406
马玉郎,MYL,8407
麦永明,MYM,8408
马一鸣,MYM,8409
马彦鹏,MYP,8410
明玉萍,MYP,8411
马玉萍,MYP,8412
马永青,MYQ,8413
马嫣然,MYR,8414
马永胜,MYS,8415
马延松,MYS,8416
孟宜伟,MYW,8417
蒙业兴,MYX,8418
马颜媛,MYY,8419
马燕燕,MYY,8420
马忠,MZ,8421
毛战,MZ,8422
马振,MZ,8423
马志,MZ,8424
马占波,MZB,8425
莫争春,MZC,8426
马志峰,MZF,8427
米忠锋,MZF,8428
米志刚,MZG,8429
明振国,MZG,8430
马治国,MZG,8431
买志辉,MZH,8432
明志华,MZH,8433
孟昭晖,MZH,8434
马振海,MZH,8435
米朝晖,MZH,8436
孟智华,MZH,8437
马中杰,MZJ,8438
莫志军,MZJ,8439
马赵军,MZJ,8440
缪志军,MZJ,8441
孟昭江,MZJ,8442
孟昭杰,MZJ,8443
毛政教,MZJ,8444
毛志军,MZJ,8445
马忠吉,MZJ,8446
米周良,MZL,8447
马仲林,MZL,8448
马之梅,MZM,8449
孟昭鹏,MZP,8450
马正乾,MZQ,8451
蒙志荣,MZR,8452
慕振涛,MZT,8453
马正堂,MZT,8454
马自卫,MZW,8455
马长卫,MZW,8456
莫正贤,MZX,8457
孟增祥,MZX,8458
马忠孝,MZX,8459
毛战英,MZY,8460
毛瞻远,MZY,8461
穆志燕,MZY,8462
马真玉,MZY,8463
穆兆银,MZY,8464
农程兰,NCL,8465
宁彩霞,NCX,8466
倪东,ND,8467
宁德艾,NDA,8468
倪东海,NDH,8469
牛大伟,NDW,8470
宁岗,NG,8471
宁耕,NG,8472
牛钢,NG,8473
宁岗独任,NGDR,8474
聂国富,NGF,8475
农国杰,NGJ,8476
农国杰担,NGJD,8477
牛光英,NGY,8478
聂华,NH,8479
聂洪,NH,8480
牛红斌,NHB,8481
聂惠军,NHJ,8482
牛海利,NHL,8483
倪海平,NHP,8484
倪红姝,NHS,8485
牛红霞,NHX,8486
倪海燕,NHY,8487
聂洪义,NHY,8488
牛杰,NJ,8489
倪境,NJ,8490
牛晋凤,NJF,8491
聂建红,NJH,8492
倪建军,NJJ,8493
宁建军,NJJ,8494
牛金龙,NJL,8495
聂金林,NJL,8496
宁俊龙,NJL,8497
聂建明,NJM,8498
聂建萍,NJP,8499
宁军伟,NJW,8500
年凯,NK,8501
倪凯,NK,8502
倪孔波,NKB,8503
聂林,NL,8504
聂龙,NL,8505
宁兰红,NLH,8506
牛鲁敬,NLJ,8507
宁丽荣,NLR,8508
牛丽蓉,NLR,8509
牛丽生,NLS,8510
聂龙生,NLS,8511
倪礼祥,NLX,8512
尼玛仓决,NMCJ,8513
尼玛普赤,NMPC,8514
尼玛琼达,NMQD,8515
倪敏生,NMS,8516
尼玛卓嘎,NMZG,8517
尼玛扎某,NMZM,8518
尼玛扎西,NMZX,8519
倪娜,NN,8520
宁念渠,NNQ,8521
尼琼,NQ,8522
南庆敏,NQM,8523
聂荣,NR,8524
娜日,NR,8525
牛锐,NR,8526
娜日娜,NRN,8527
娜仁塔娜,NRTN,8528
聂松,NS,8529
倪松,NS,8530
牛树华,NSH,8531
倪松华,NSH,8532
农淑娟,NSJ,8533
倪泗娟,NSJ,8534
倪生军,NSJ,8535
牛世洁,NSJ,8536
宁少美,NSM,8537
尼双纳,NSN,8538
倪善心,NSX,8539
牛同奎,NTK,8540
聂婷婷,NTT,8541
农伟,NW,8542
宁伟,NW,8543
农文单,NWD,8544
宁吾加,NWJ,8545
牛稳平,NWP,8546
牛文平,NWP,8547
牛文强,NWQ,8548
牛翔,NX,8549
尼新,NX,8550
农小,NX,8551
聂晓方,NXF,8552
牛兴辉,NXH,8553
倪晓红,NXH,8554
农小静,NXJ,8555
农小兰,NXL,8556
牛晓萍,NXP,8557
聂兴权,NXQ,8558
聂晓堂,NXT,8559
倪新献,NXX,8560
聂潇潇,NXX,8561
牛学英,NXY,8562
南雁,NY,8563
宁妍,NY,8564
聂勇,NY,8565
聂燕,NY,8566
倪妍,NY,8567
牛玉成,NYC,8568
牛彦惠,NYH,8569
牛月慧,NYH,8570
闹义加,NYJ,8571
倪友莲,NYL,8572
牛玉兰,NYL,8573
那云生,NYS,8574
宁攸文,NYW,8575
倪志搏,NZB,8576
牛志华,NZH,8577
宁志华,NZH,8578
倪志祥,NZX,8579
倪宗泽,NZZ,8580
欧碧波,OBB,8581
欧春光,OCG,8582
欧春华,OCH,8583
欧超男,OCN,8584
欧麟,OL,8585
欧明春,OMC,8586
偶明红,OMH,8587
欧明艳,OMY,8588
欧青海,OQH,8589
欧倩余,OQY,8590
欧日宏,ORH,8591
欧蓉静,ORJ,8592
欧苏慢,OSM,8593
欧悟一,OWY,8594
欧伟艳,OWY,8595
欧晓彬,OXB,8596
欧晓红,OXH,8597
欧雪香,OXX,8598
欧晓霞,OXX,8599
欧阳,OY,8600
欧艳,OY,8601
欧燕,OY,8602
欧阳广明,OYGM,8603
欧阳桂萍,OYGP,8604
欧阳华,OYH,8605
欧阳慧君,OYHJ,8606
欧阳江华,OYJH,8607
欧阳建平,OYJP,8608
欧阳建涛,OYJT,8609
欧阳建新,OYJX,8610
欧阳剑耘,OYJY,8611
欧阳凯,OYK,8612
欧阳丽,OYL,8613
欧阳磊,OYL,8614
欧阳萍,OYP,8615
欧阳清,OYQ,8616
欧阳韶勇,OYSY,8617
欧余伟,OYW,8618
欧阳翔,OYX,8619
欧阳玉萍,OYYP,8620
欧阳志敏,OYZM,8621
欧忠耀,OZY,8622
彭爱民,PAM,8623
彭爱铭,PAM,8624
潘爱英,PAY,8625
彭彪,PB,8626
裴彬,PB,8627
彭博,PB,8628
彭蓓蓓,PBB,8629
彭宝池,PBC,8630
普布顿珠,PBDZ,8631
潘本发,PBF,8632
潘丙林,PBL,8633
普布拉姆,PBLM,8634
潘冰亦,PBY,8635
庞呈,PC,8636
庞宠,PC,8637
彭聪,PC,8638
彭春,PC,8639
彭措达杰,PCDJ,8640
浦春莲,PCL,8641
彭春生,PCS,8642
潘成铁,PCT,8643
彭春文,PCW,8644
彭彩云,PCY,8645
彭春昱,PCY,8646
朋措扎西,PCZX,8647
庞东彪,PDB,8648
彭丹丹,PDD,8649
彭冬梅,PDM,8650
彭冬芝,PDZ,8651
裴斐,PF,8652
潘飞,PF,8653
彭芳芳,PFF,8654
潘发坤,PFK,8655
庞福萍,PFP,8656
庞凤英,PFY,8657
彭国成,PGC,8658
彭国超,PGC,8659
潘国栋,PGD,8660
彭桂东,PGD,8661
裴国锋,PGF,8662
彭光辉,PGH,8663
潘国华,PGH,8664
彭国怀,PGH,8665
彭贵鸾,PGL,8666
盘桂淑,PGS,8667
彭惠,PH,8668
浦洪,PH,8669
潘昊,PH,8670
彭鹤,PH,8671
潘洪,PH,8672
彭辉,PH,8673
潘辉,PH,8674
濮洪波,PHB,8675
蒲海东,PHD,8676
裴洪党,PHD,8677
彭洪基,PHJ,8678
彭惠娟,PHJ,8679
裴红杰,PHJ,8680
彭鹤龄,PHL,8681
彭洪林,PHL,8682
潘红梅,PHM,8683
庞鸿猛,PHM,8684
彭焕钦,PHQ,8685
潘红伟,PHW,8686
裴江,PJ,8687
潘洁,PJ,8688
彭举,PJ,8689
彭京,PJ,8690
潘建,PJ,8691
潘晶,PJ,8692
浦进,PJ,8693
彭军,PJ,8694
潘佳,PJ,8695
彭竣,PJ,8696
潘骥,PJ,8697
彭静,PJ,8698
潘俊,PJ,8699
庞景波,PJB,8700
潘俊崇,PJC,8701
彭均发,PJF,8702
彭俊芳,PJF,8703
庞俊峰,PJF,8704
潘继怀,PJH,8705
彭建华,PJH,8706
潘晶晶,PJJ,8707
庞建丽,PJL,8708
平建明,PJM,8709
潘佳明,PJM,8710
潘建明,PJM,8711
潘嘉品,PJP,8712
彭洁萍,PJP,8713
庞建平,PJP,8714
彭嘉崎,PJQ,8715
彭杰荣,PJR,8716
朴锦淑,PJS,8717
彭建伟,PJW,8718
彭继业,PJY,8719
彭瑾瑜,PJY,8720
朴京哲,PJZ,8721
潘君泽,PJZ,8722
彭科独任,PKDR,8723
潘力,PL,8724
彭丽,PL,8725
彭黎波,PLB,8726
彭浏诚,PLC,8727
潘丽芬,PLF,8728
庞连华,PLH,8729
朴龙俊,PLJ,8730
彭林凯,PLK,8731
潘莉莉,PLL,8732
潘玲玲,PLL,8733
裴琳琳,PLL,8734
彭丽群,PLQ,8735
彭林霞,PLX,8736
潘礼银,PLY,8737
潘李仪,PLY,8738
普丽志,PLZ,8739
彭美凤,PMF,8740
彭明华,PMH,8741
庞美娟,PMJ,8742
朴明烈,PML,8743
庞鸣倩,PMQ,8744
潘年钢,PNG,8745
潘诺娜,PNN,8746
彭宁屏,PNP,8747
彭宁屏担,PNPD,8748
蒲鹏飞,PPF,8749
潘培森,PPS,8750
彭泉,PQ,8751
彭强,PQ,8752
潘谦,PQ,8753
彭琴,PQ,8754
潘庆久,PQJ,8755
彭秋丽,PQL,8756
潘绮梅,PQM,8757
庞庆梅,PQM,8758
潘其松,PQS,8759
潘倩雯,PQW,8760
潘其雄,PQX,8761
彭曲艳,PQY,8762
潘全义,PQY,8763
彭曲艳担,PQYD,8764
彭齐珠,PQZ,8765
潘仁彪,PRB,8766
潘如军,PRJ,8767
潘荣凯,PRK,8768
彭帅,PS,8769
彭少锋,PSF,8770
潘绍和,PSH,8771
彭素军,PSJ,8772
朴胜军,PSJ,8773
潘胜利,PSL,8774
彭水明,PSM,8775
彭世荣,PSR,8776
潘树森,PSS,8777
蒲升元,PSY,8778
彭世玉,PSY,8779
裴孙英,PSY,8780
彭淑贞,PSZ,8781
蒲田,PT,8782
彭涛,PT,8783
庞涛,PT,8784
潘涛,PT,8785
裴涛,PT,8786
潘蔚,PW,8787
彭伟,PW,8788
彭文,PW,8789
庞炜,PW,8790
潘伟,PW,8791
庞巍,PW,8792
彭文波,PWB,8793
潘文保,PWB,8794
彭卫东,PWD,8795
潘文海,PWH,8796
彭文杰,PWJ,8797
潘文杰,PWJ,8798
潘文静,PWJ,8799
平文林,PWL,8800
潘伟伟,PWW,8801
彭卫祥,PWX,8802
潘伟熙,PWX,8803
彭文昕,PWX,8804
彭万星,PWX,8805
彭文珍,PWZ,8806
彭翔,PX,8807
彭显,PX,8808
彭星,PX,8809
彭小,PX,8810
彭旭,PX,8811
潘秀,PX,8812
彭湘,PX,8813
浦孝斌,PXB,8814
彭星独任,PXDR,8815
潘效国,PXG,8816
潘小华,PXH,8817
蒲新华,PXH,8818
彭秀华,PXH,8819
彭小娟,PXJ,8820
潘兴军,PXJ,8821
庞晓兰,PXL,8822
朴雪梅,PXM,8823
潘小庆,PXQ,8824
彭筱桑,PXS,8825
彭显媛,PXY,8826
彭修烨,PXY,8827
彭雪元,PXY,8828
彭新勇,PXY,8829
溥喜燕,PXY,8830
潘晓哲,PXZ,8831
彭小铮,PXZ,8832
彭晓志,PXZ,8833
彭禹,PY,8834
彭艳,PY,8835
彭严,PY,8836
彭烨,PY,8837
朴镒,PY,8838
潘源,PY,8839
裴燕,PY,8840
蒲阳,PY,8841
裴宇,PY,8842
彭雁斌,PYB,8843
蒲元斌,PYB,8844
彭玉波,PYB,8845
彭迎春,PYC,8846
庞一超,PYC,8847
潘月德,PYD,8848
彭莹独任,PYDR,8849
彭远飞,PYF,8850
彭艳飞,PYF,8851
彭永发,PYF,8852
庞玉芳,PYF,8853
彭延华,PYH,8854
蒲彦桦,PYH,8855
平元华,PYH,8856
彭勇军,PYJ,8857
潘玉良,PYL,8858
彭云林,PYL,8859
彭运林,PYL,8860
彭应梅,PYM,8861
彭艳嫔,PYP,8862
潘远平,PYP,8863
彭玉奇,PYQ,8864
皮雨生,PYS,8865
彭亚一,PYY,8866
潘跃运,PYY,8867
裴元钊,PYZ,8868
彭政,PZ,8869
逄振,PZ,8870
彭忠,PZ,8871
彭宗诚,PZC,8872
裴祖成,PZC,8873
裴志东,PZD,8874
潘钟芬,PZF,8875
彭志刚,PZG,8876
庞增刚,PZG,8877
平志刚,PZG,8878
彭忠光,PZG,8879
潘钟建,PZJ,8880
逄振亮,PZL,8881
潘兆龙,PZL,8882
彭志明,PZM,8883
潘钊明,PZM,8884
彭志敏,PZM,8885
潘志鹏,PZP,8886
彭峥嵘,PZR,8887
庞志毅,PZY,8888
彭智勇,PZY,8889
潘志尧,PZY,8890
皮智勇,PZY,8891
钱安定,QAD,8892
漆爱君,QAJ,8893
乔爱民,QAM,8894
秦兵,QB,8895
乔冰,QB,8896
邱波,QB,8897
权彬,QB,8898
秦斌,QB,8899
钱宝根,QBG,8900
邱宝华,QBH,8901
祁柏杰,QBJ,8902
邱表模,QBM,8903
屈斌岐,QBQ,8904
权波蓉,QBR,8905
乔巴生,QBS,8906
钱晨,QC,8907
钱成,QC,8908
秦川,QC,8909
钱措,QC,8910
裘春,QC,8911
钱程,QC,8912
琼措,QC,8913
丘成发,QCF,8914
邱灿辉,QCH,8915
裘春华,QCH,8916
邱纯杰,QCJ,8917
邱昌军,QCJ,8918
钱程玲,QCL,8919
权成良,QCL,8920
祁昌生,QCS,8921
钱春武,QCW,8922
秦传勇,QCY,8923
曲栋,QD,8924
秦冬,QD,8925
秦冬冬,QDD,8926
齐东芳,QDF,8927
秦东华,QDH,8928
钱东君,QDJ,8929
秦定龙,QDL,8930
齐冬梅,QDM,8931
齐登强,QDQ,8932
钱丹青,QDQ,8933
齐敦全,QDQ,8934
钱东升,QDS,8935
齐德湘,QDX,8936
钱丹昕,QDX,8937
丘党忠,QDZ,8938
秦恩泽,QEZ,8939
屈峰,QF,8940
秦芳,QF,8941
邱飞,QF,8942
钱峰,QF,8943
钱芳,QF,8944
邱福根,QFG,8945
戚发俊,QFJ,8946
秦福来,QFL,8947
钱富良,QFL,8948
邱刚,QG,8949
青格,QG,8950
齐桂,QG,8951
邱国华,QGH,8952
齐桂亮,QGL,8953
钱贵明,QGM,8954
邱桂琼,QGQ,8955
漆桂生,QGS,8956
乔广艳,QGY,8957
邱红,QH,8958
钱华,QH,8959
邱洪,QH,8960
邱晗,QH,8961
戚浩,QH,8962
秦华,QH,8963
秦海彬,QHB,8964
齐慧春,QHC,8965
丘辉华,QHH,8966
秦海静,QHJ,8967
钱旱军,QHJ,8968
秦慧娟,QHJ,8969
钱红梅,QHM,8970
祁华民,QHM,8971
乔海勤,QHQ,8972
权湖顺,QHS,8973
屈宏昱,QHY,8974
秦华英,QHY,8975
祁隽,QJ,8976
曲娟,QJ,8977
邱君,QJ,8978
屈津,QJ,8979
戚俊,QJ,8980
全俊,QJ,8981
丘吉,QJ,8982
漆俊,QJ,8983
乔军,QJ,8984
钱江,QJ,8985
钱骏,QJ,8986
綦甲,QJ,8987
钱吉臣,QJC,8988
祁敬芳,QJF,8989
齐静芳,QJF,8990
邱进福,QJF,8991
齐建国,QJG,8992
全金华,QJH,8993
秦建华,QJH,8994
齐娟娟,QJJ,8995
邱建军,QJJ,8996
祁晶晶,QJJ,8997
邱劲连,QJL,8998
秦军平,QJP,8999
屈建平,QJP,9000
裘建秋,QJQ,9001
乔吉顺,QJS,9002
乔劲松,QJS,9003
钱基伟,QJW,9004
乔家习,QJX,9005
秦金芽,QJY,9006
戚建义,QJY,9007
秦家柱,QJZ,9008
曲吉忠,QJZ,9009
齐奎,QK,9010
秦柯,QK,9011
瞿孔梅,QKM,9012
邱开运,QKY,9013
秦可妍,QKY,9014
钱璐,QL,9015
秦朗,QL,9016
邱陵,QL,9017
曲玲,QL,9018
秦蕾,QL,9019
戚利,QL,9020
秦丽,QL,9021
秦凌,QL,9022
权乐,QL,9023
秦立,QL,9024
曲斓,QL,9025
邱雷,QL,9026
邱琳,QL,9027
邱路斌,QLB,9028
屈丽芳,QLF,9029
阙丽娟,QLJ,9030
曲龙江,QLJ,9031
钱利娟,QLJ,9032
钱立克,QLK,9033
瞿玲玲,QLL,9034
邱良名,QLM,9035
齐丽明,QLM,9036
曲立明,QLM,9037
丘丽明,QLM,9038
钱丽娜,QLN,9039
齐丽青,QLQ,9040
乔莉芹,QLQ,9041
裘龙翔,QLX,9042
屈林英,QLY,9043
邱立艳,QLY,9044
邱乐峥,QLZ,9045
钱敏,QM,9046
青木,QM,9047
秦明,QM,9048
秦慕萍,QMP,9049
阙茂永,QMY,9050
邱明应,QMY,9051
齐梅英,QMY,9052
曲宁,QN,9053
邱宁,QN,9054
屈年利,QNL,9055
秦鹏,QP,9056
曲鹏程,QPC,9057
齐鹏鹤,QPH,9058
秦强,QQ,9059
钱沁,QQ,9060
乔启东,QQD,9061
丘泉娥,QQE,9062
戚乔方,QQF,9063
邱乾坤,QQK,9064
曲秋香,QQX,9065
瞿庆祥,QQX,9066
权瑞亭,QRT,9067
秦硕,QS,9068
亓升,QS,9069
邱实,QS,9070
秦素,QS,9071
秦闪,QS,9072
秦苏芳,QSF,9073
乔双红,QSH,9074
齐绍海,QSH,9075
秦素娟,QSJ,9076
乔树江,QSJ,9077
柒善林,QSL,9078
秦盛兰,QSL,9079
齐苏美娅,QSMY,9080
曲淑平,QSP,9081
阙少萍,QSP,9082
祁世萍,QSP,9083
邱世强,QSQ,9084
曲松涛,QST,9085
乔淑葳,QSW,9086
秦树星,QSX,9087
邱守延,QSY,9088
曲婷,QT,9089
邱彤,QT,9090
漆涛,QT,9091
钱涛,QT,9092
秦婷,QT,9093
戚伟,QW,9094
钱薇,QW,9095
阙微,QW,9096
乔伟,QW,9097
齐卫标,QWB,9098
曲维东,QWD,9099
祁卫东,QWD,9100
邱文华,QWH,9101
邱卫玲,QWL,9102
权伍珉,QWM,9103
乔维明,QWM,9104
曲伟娜,QWN,9105
邱卫平,QWP,9106
乔文胜,QWS,9107
钱文兴,QWX,9108
瞿万勇,QWY,9109
钱维亚,QWY,9110
钱望浙,QWZ,9111
曲信,QX,9112
齐霄,QX,9113
全新,QX,9114
邱小昌,QXC,9115
秦向东,QXD,9116
邱晓东,QXD,9117
钱晓峰,QXF,9118
邱学锋,QXF,9119
钱兴红,QXH,9120
钱欣红,QXH,9121
秦晓林,QXL,9122
乔喜来,QXL,9123
钱心璐,QXL,9124
钱学明,QXM,9125
钱晓明,QXM,9126
青雪梅,QXM,9127
齐学民,QXM,9128
漆小平,QXP,9129
强秀清,QXQ,9130
曲晓庆,QXQ,9131
曲信奇,QXQ,9132
邱晓榕,QXR,9133
齐兴业,QXY,9134
秦晓燕,QXY,9135
秦晓迎,QXY,9136
邱云,QY,9137
曲燕,QY,9138
乔颖,QY,9139
秦媛,QY,9140
乔艳,QY,9141
齐艳,QY,9142
区燕,QY,9143
钱怡,QY,9144
丘毅,QY,9145
钱嫄,QY,9146
钱莹,QY,9147
钱勇,QY,9148
全英,QY,9149
乔岳,QY,9150
齐莹,QY,9151
邱幼波,QYB,9152
青彦达,QYD,9153
乔颜芳,QYF,9154
屈亚光,QYG,9155
邱裕华,QYH,9156
邱艳红,QYH,9157
裘益洪,QYH,9158
钱耀炯,QYJ,9159
岂延江,QYJ,9160
乔英杰,QYJ,9161
秦友灵,QYL,9162
区燕莉,QYL,9163
乔妍丽,QYL,9164
秦艳丽,QYL,9165
秦永玲,QYL,9166
秦永利,QYL,9167
齐永明,QYM,9168
邱益鹏,QYP,9169
邱瑛淇,QYQ,9170
屈艳婷,QYT,9171
邱玉薇,QYW,9172
祁跃文,QYW,9173
邱云霞,QYX,9174
钱玉霞,QYX,9175
渠永祥,QYX,9176
邱艳艳,QYY,9177
曲跃忠,QYZ,9178
秦运忠,QYZ,9179
秦臻,QZ,9180
瞿哲,QZ,9181
曲志,QZ,9182
丘志,QZ,9183
祁忠,QZ,9184
齐志彬,QZB,9185
齐震虎,QZH,9186
乔长军,QZJ,9187
瞿长军,QZJ,9188
瞿长军担,QZJD,9189
戚振岭,QZL,9190
丘忠列,QZL,9191
戚志明,QZM,9192
钱泽民,QZM,9193
秦志鹏,QZP,9194
祁长琴,QZQ,9195
齐志强,QZQ,9196
全周爽,QZS,9197
丘志新,QZX,9198
祁忠孝,QZX,9199
齐志远,QZY,9200
任爱明,RAM,9201
任佰安,RBA,9202
阮蓓蓓,RBB,9203
阮碧强,RBQ,9204
芮斌伟,RBW,9205
热比亚,RBY,9206
任畅,RC,9207
饶川,RC,9208
阮传超,RCC,9209
荣垂功,RCG,9210
阮传科,RCK,9211
茹承文,RCW,9212
任春喜,RCX,9213
阮成霞,RCX,9214
阮从洲,RCZ,9215
阮丹,RD,9216
冉定飞,RDF,9217
饶大发,RDF,9218
任大军,RDJ,9219
任德强,RDQ,9220
任飞,RF,9221
任斐,RF,9222
阮锋,RF,9223
冉烽,RF,9224
任凡,RF,9225
任峰,RF,9226
阮芳,RF,9227
任帆,RF,9228
饶方,RF,9229
任飞飞,RFF,9230
阮凤权,RFQ,9231
任福生,RFS,9232
任奋勇,RFY,9233
任赓,RG,9234
任国华,RGH,9235
任刚健,RGJ,9236
任更田,RGT,9237
任广侠,RGX,9238
荣华,RH,9239
阮红,RH,9240
任花勤,RHQ,9241
任海霞,RHX,9242
阮红霞,RHX,9243
饶红焰,RHY,9244
任怀钰,RHY,9245
任娟,RJ,9246
任皎,RJ,9247
任蛟,RJ,9248
任洁,RJ,9249
冉军,RJ,9250
阮建锋,RJF,9251
阮建辉,RJH,9252
阮景海,RJH,9253
任继杰,RJJ,9254
任建梅,RJM,9255
饶健平,RJP,9256
任建平,RJP,9257
任继忠,RJZ,9258
任恺,RK,9259
冉莉,RL,9260
饶丽,RL,9261
任利,RL,9262
冉隆川,RLC,9263
戎莉俊,RLJ,9264
冉莉莉,RLL,9265
任雷文,RLW,9266
任敏,RM,9267
冉满仓,RMC,9268
仁某措,RMC,9269
任明星,RMX,9270
任梦云,RMY,9271
热娜古丽,RNGL,9272
任芊,RQ,9273
冉强,RQ,9274
任清,RQ,9275
阮桥,RQ,9276
饶青,RQ,9277
仁青,RQ,9278
仁青措,RQC,9279
饶秦军,RQJ,9280
任泉宁,RQN,9281
任芊妍,RQY,9282
仁青卓玛,RQZM,9283
任睿,RR,9284
任荣兴,RRX,9285
荣松,RS,9286
任胜,RS,9287
任爽,RS,9288
任善春,RSC,9289
阮善华,RSH,9290
任双军,RSJ,9291
饶赛萍,RSP,9292
任思璇,RSX,9293
任拴雄,RSX,9294
阮树雄,RSX,9295
任素贤,RSX,9296
仁添才,RTC,9297
任天贵,RTG,9298
任廷文,RTW,9299
冉伟,RW,9300
阮玮,RW,9301
饶玮,RW,9302
仁薇,RW,9303
冉文化,RWH,9304
任文龙,RWL,9305
任晓慧,RXH,9306
任晓玲,RXL,9307
任秀莲,RXL,9308
任晓妮,RXN,9309
冉贤平,RXP,9310
任晓秋,RXQ,9311
任兴文,RXW,9312
任现勇,RXY,9313
饶新炎,RXY,9314
任显忠,RXZ,9315
任远,RY,9316
任燕,RY,9317
饶勇,RY,9318
任义,RY,9319
任毅,RY,9320
任勇,RY,9321
任又飞,RYF,9322
任远航,RYH,9323
任映辉,RYH,9324
任彦林,RYL,9325
任玉来,RYL,9326
任韵霖,RYL,9327
饶伊蕾,RYL,9328
阮依娜,RYN,9329
任映涛,RYT,9330
任英武,RYW,9331
任媛媛,RYY,9332
芮泽,RZ,9333
戎震,RZ,9334
任兆德,RZD,9335
任振国,RZG,9336
肉孜卡,RZK,9337
芮志平,RZP,9338
任忠平,RZP,9339
任志强,RZQ,9340
阮志强,RZQ,9341
茹重岩,RZY,9342
任志中,RZZ,9343
桑爱红,SAH,9344
石爱玲,SAL,9345
孙爱明,SAM,9346
沈爱然,SAR,9347
邵阿霞,SAX,9348
宋蓓,SB,9349
苏斌,SB,9350
孙斌,SB,9351
宋博,SB,9352
石波,SB,9353
石兵,SB,9354
苏波,SB,9355
师斌,SB,9356
邵博,SB,9357
申兵,SB,9358
孙波,SB,9359
孙博,SB,9360
邵波,SB,9361
沈斌,SB,9362
邵冰,SB,9363
申博,SB,9364
施斌斌,SBB,9365
苏伯昌,SBC,9366
孙柏春,SBC,9367
宋本昌,SBC,9368
孙宝芳,SBF,9369
孙伯函,SBH,9370
孙宝华,SBH,9371
孙秉凯,SBK,9372
孙本立,SBL,9373
孙伯领,SBL,9374
沈宝琴,SBQ,9375
孙宝霞,SBX,9376
孙冰雪,SBX,9377
孙宝中,SBZ,9378
孙保忠,SBZ,9379
孙晟,SC,9380
粟畅,SC,9381
石川,SC,9382
苏畅,SC,9383
石纯,SC,9384
宋驰,SC,9385
邵成,SC,9386
桑成,SC,9387
孙存春,SCC,9388
隋春德,SCD,9389
史春凤,SCF,9390
孙重光,SCG,9391
孙春光,SCG,9392
邵成虎,SCH,9393
桑春华,SCH,9394
赛措吉,SCJ,9395
宋晨琳,SCL,9396
桑成林,SCL,9397
时春梅,SCM,9398
孙春梅,SCM,9399
萨初荣贵,SCRG,9400
孙昌松,SCS,9401
孙春文,SCW,9402
邵存霞,SCX,9403
孙彩霞,SCX,9404
佘崇新,SCX,9405
司春艳,SCY,9406
孙传英,SCY,9407
申春艳,SCY,9408
隋传义,SCY,9409
孙成祖,SCZ,9410
孙丹,SD,9411
孙迪,SD,9412
森德,SD,9413
宋丹,SD,9414
苏德丰,SDF,9415
孙东风,SDF,9416
孙德国,SDG,9417
孙道林,SDL,9418
沈丹宁,SDN,9419
申道强,SDQ,9420
孙道庆,SDQ,9421
沈大为,SDW,9422
苏德西,SDX,9423
师德雄,SDX,9424
石登艳,SDY,9425
商登煜,SDY,9426
申恩德,SED,9427
申飞,SF,9428
宋峰,SF,9429
孙锋,SF,9430
史锋,SF,9431
石峰,SF,9432
宋浮,SF,9433
孙方,SF,9434
孙芳,SF,9435
孙法宝,SFB,9436
孙芳芳,SFF,9437
宋丰海,SFH,9438
孙丰军,SFJ,9439
沈芳兰,SFL,9440
孙风龙,SFL,9441
沈凤丽,SFL,9442
孙凤芹,SFQ,9443
邵福顺,SFS,9444
孙丰山,SFS,9445
孙福文,SFW,9446
宋浮潇,SFX,9447
师方圆,SFY,9448
孙刚,SG,9449
宋刚,SG,9450
孙高,SG,9451
苏革,SG,9452
史光,SG,9453
沈刚,SG,9454
苏呷,SG,9455
施关,SG,9456
孙光,SG,9457
时光,SG,9458
盛高波,SGB,9459
沈光翠,SGC,9460
上官东升,SGDS,9461
苏呷尔日,SGER,9462
施桂芳,SGF,9463
史光辉,SGH,9464
史国钧,SGJ,9465
孙国君,SGJ,9466
史国梁,SGL,9467
孙国立,SGL,9468
石高鹏,SGP,9469
沈广平,SGP,9470
孙高鹏,SGP,9471
孙桂萍,SGP,9472
孙高强,SGQ,9473
石国庆,SGQ,9474
石国琴,SGQ,9475
宋光荣,SGR,9476
孙国荣,SGR,9477
孙广澍,SGS,9478
沙国省,SGS,9479
石广霞,SGX,9480
孙国祥,SGX,9481
石国艳,SGY,9482
石国照,SGZ,9483
宋光忠,SGZ,9484
孙光志,SGZ,9485
盛辉,SH,9486
宋辉,SH,9487
孙海,SH,9488
宿华,SH,9489
孙华,SH,9490
沈昊,SH,9491
申华,SH,9492
施宏,SH,9493
孙浩,SH,9494
苏华,SH,9495
孙皓,SH,9496
孙慧,SH,9497
商海,SH,9498
施洪波,SHB,9499
施宏滨,SHB,9500
沈海宝,SHB,9501
宋洪斌,SHB,9502
孙宏斌,SHB,9503
申海波,SHB,9504
宋红臣,SHC,9505
邵洪超,SHC,9506
孙红东,SHD,9507
沈会丰,SHF,9508
孙海峰,SHF,9509
宋浩峰,SHF,9510
孙宏辉,SHH,9511
沈慧慧,SHH,9512
石红俊,SHJ,9513
宋慧娟,SHJ,9514
盛红娟,SHJ,9515
沈洪金,SHJ,9516
史洪举,SHJ,9517
史海君,SHJ,9518
孙洪江,SHJ,9519
苏化军,SHJ,9520
沈慧玲,SHL,9521
邵慧亮,SHL,9522
孙洪亮,SHL,9523
沈红梅,SHM,9524
施华南,SHN,9525
申海鸥,SHO,9526
孙合琴,SHQ,9527
宋好切,SHQ,9528
沈洪庆,SHQ,9529
石浩然,SHR,9530
邵宏生,SHS,9531
沈洪涛,SHT,9532
苏海涛,SHT,9533
苏华文,SHW,9534
宋红霞,SHX,9535
史慧霞,SHX,9536
石红星,SHX,9537
尚红霞,SHX,9538
史红霞,SHX,9539
孙宏英,SHY,9540
宋会义,SHY,9541
邵惠永,SHY,9542
宋环宇,SHY,9543
孙化宇,SHY,9544
孙化义,SHY,9545
邵海燕,SHY,9546
舒海燕,SHY,9547
沈衡之,SHZ,9548
时恒支,SHZ,9549
宋华忠,SHZ,9550
孙洁,SJ,9551
孙军,SJ,9552
孙静,SJ,9553
申珺,SJ,9554
石嘉,SJ,9555
孙杰,SJ,9556
帅娟,SJ,9557
索杰,SJ,9558
申建,SJ,9559
沈洁,SJ,9560
石军,SJ,9561
盛瑾,SJ,9562
苏娟,SJ,9563
孙建,SJ,9564
孙剑,SJ,9565
申晋,SJ,9566
石静,SJ,9567
申健,SJ,9568
沈坚,SJ,9569
帅剑,SJ,9570
沈佳,SJ,9571
苏静,SJ,9572
宋婕,SJ,9573
赛吉,SJ,9574
苏杰,SJ,9575
桑吉,SJ,9576
宋健,SJ,9577
沈玖,SJ,9578
孙家,SJ,9579
孙剑波,SJB,9580
孙俊波,SJB,9581
苏建斌,SJB,9582
孙江波,SJB,9583
索进斌,SJB,9584
申江波,SJB,9585
石晋波,SJB,9586
苏金彩,SJC,9587
宋景婵,SJC,9588
沈井春,SJC,9589
桑杰才旦,SJCD,9590
盛瑾独任,SJDR,9591
商俊峰,SJF,9592
佘菊芳,SJF,9593
孙居芳,SJF,9594
宋纪高,SJG,9595
宋建国,SJG,9596
苏建规,SJG,9597
孙剑光,SJG,9598
宋建华,SJH,9599
苏桔海,SJH,9600
沈洁虹,SJH,9601
孙建华,SJH,9602
沈佳慧,SJH,9603
苏建华,SJH,9604
孙晶晶,SJJ,9605
师俊杰,SJJ,9606
孙建江,SJJ,9607
申建军,SJJ,9608
宋军军,SJJ,9609
石晶晶,SJJ,9610
孙净坤,SJK,9611
苏军良,SJL,9612
司佳雷,SJL,9613
施佳黎,SJL,9614
施金良,SJL,9615
苏金麟,SJL,9616
苏家明,SJM,9617
孙晋明,SJM,9618
宋珺梅,SJM,9619
孙锦民,SJM,9620
申建宁,SJN,9621
沈建平,SJP,9622
孙建萍,SJP,9623
邵健青,SJQ,9624
施锦琪,SJQ,9625
孙家强,SJQ,9626
盛军旗,SJQ,9627
史骄麒,SJQ,9628
石溅泉,SJQ,9629
邵健锐,SJR,9630
史金儒,SJR,9631
孙晋伟,SJW,9632
孙敬伟,SJW,9633
舒骥威,SJW,9634
史军霞,SJX,9635
石景云,SJY,9636
沈家玉,SJY,9637
宋井义,SJY,9638
史靖宇,SJY,9639
孙军延,SJY,9640
孙俊颖,SJY,9641
申建贞,SJZ,9642
宋积珍,SJZ,9643
桑吉卓玛,SJZM,9644
舒康,SK,9645
邵坤,SK,9646
沙开,SK,9647
孙凯,SK,9648
孙科臣,SKC,9649
宋坤鹤,SKH,9650
孙康凯,SKK,9651
宋昆仑,SKL,9652
束克立,SKL,9653
宋鲲鹏,SKP,9654
商开平,SKP,9655
沙开翔,SKX,9656
史开银,SKY,9657
申开勇,SKY,9658
孙克怡,SKY,9659
沈黎,SL,9660
孙露,SL,9661
沈磊,SL,9662
尚玲,SL,9663
孙利,SL,9664
史磊,SL,9665
宿雷,SL,9666
宋亮,SL,9667
孙莉,SL,9668
沈利,SL,9669
孙玲,SL,9670
石磊,SL,9671
孙磊,SL,9672
苏莉,SL,9673
孙蕾,SL,9674
宋磊,SL,9675
沈立,SL,9676
沙丽,SL,9677
石丽,SL,9678
帅乐,SL,9679
宋丽,SL,9680
沈丽,SL,9681
申丽,SL,9682
宋伦斌,SLB,9683
沈莉波,SLB,9684
孙利波,SLB,9685
索朗德吉,SLDJ,9686
石丽斐,SLF,9687
苏丽翡,SLF,9688
石林虎,SLH,9689
孙丽华,SLH,9690
宋立军,SLJ,9691
宋丽杰,SLJ,9692
孙良军,SLJ,9693
孙龙军,SLJ,9694
孙丽坤,SLK,9695
孙丽丽,SLL,9696
孙莉莉,SLL,9697
孙磊明,SLM,9698
沙拉买提,SLMT,9699
孙陵宁,SLN,9700
商丽萍,SLP,9701
帅立平,SLP,9702
桑利平,SLP,9703
孙丽萍,SLP,9704
沈乐群,SLQ,9705
孙雷青,SLQ,9706
苏利群,SLQ,9707
苏立清,SLQ,9708
斯朗曲珍,SLQZ,9709
邵灵如,SLR,9710
孙良挺,SLT,9711
孙立新,SLX,9712
孙连祥,SLX,9713
索丽霞,SLX,9714
宋林祥,SLX,9715
孙俐兴,SLX,9716
孙立新担,SLXD,9717
苏连营,SLY,9718
孙良义,SLY,9719
孙珑艳,SLY,9720
石凌云,SLY,9721
孙陆阳,SLY,9722
孙良勇,SLY,9723
索朗央金,SLYJ,9724
史玲芝,SLZ,9725
沈敏,SM,9726
宋敏,SM,9727
孙敏,SM,9728
石敏,SM,9729
石某,SM,9730
史明,SM,9731
石明,SM,9732
沈明,SM,9733
孙明,SM,9734
沙马阿衣,SMAY,9735
孙明德,SMD,9736
苏明发,SMF,9737
宋萌辉,SMH,9738
孙满宏,SMH,9739
宋明海,SMH,9740
石美君,SMJ,9741
司马剑波,SMJB,9742
孙茉莉,SML,9743
申美宁,SMN,9744
宋明泉,SMQ,9745
邵明芹,SMQ,9746
时明生,SMS,9747
苏满祥,SMX,9748
孙敏霞,SMX,9749
宋名一,SMY,9750
孙美玉,SMY,9751
邵明艳,SMY,9752
孙明治,SMZ,9753
舒明柱,SMZ,9754
孙满宗,SMZ,9755
史妙子,SMZ,9756
沈宁,SN,9757
孙宁,SN,9758
苏南,SN,9759
孙楠,SN,9760
索南,SN,9761
舒宁,SN,9762
索南措,SNC,9763
索南达杰,SNDJ,9764
索南曲吉,SNQJ,9765
索南卓玛,SNZM,9766
索南扎西,SNZX,9767
孙鹏,SP,9768
石萍,SP,9769
沈鹏,SP,9770
孙朋,SP,9771
施平,SP,9772
孙平,SP,9773
孙攀,SP,9774
宋平,SP,9775
苏苹,SP,9776
邵平安,SPA,9777
石鹏超,SPC,9778
舒平锋,SPF,9779
孙攀峰,SPF,9780
苏盘峰,SPF,9781
史品丽,SPL,9782
邵沛良,SPL,9783
孙平平,SPP,9784
石培庆,SPQ,9785
孙培群,SPQ,9786
施琦,SQ,9787
苏倩,SQ,9788
孙强,SQ,9789
苏琼,SQ,9790
宋琼,SQ,9791
石泉,SQ,9792
施茜,SQ,9793
施琼,SQ,9794
尚芹,SQ,9795
邵秋,SQ,9796
宋巧,SQ,9797
尚启,SQ,9798
孙谦,SQ,9799
尚启忱,SQC,9800
沈琴法,SQF,9801
沈庆高,SQG,9802
孙庆煌,SQH,9803
宋启河,SQH,9804
孙清华,SQH,9805
时庆海,SQH,9806
侍清华,SQH,9807
申祁军,SQJ,9808
苏清丽,SQL,9809
舒秋膂,SQL,9810
苏琴梅,SQM,9811
孙全全,SQQ,9812
孙倩倩,SQQ,9813
孙青山,SQS,9814
宋庆松,SQS,9815
邵倩雯,SQW,9816
孙钦欣,SQX,9817
孙青霞,SQX,9818
宋巧仙,SQX,9819
苏其训,SQX,9820
苏奇元,SQY,9821
苏瑢,SR,9822
孙荣,SR,9823
苏瑞,SR,9824
宋瑞,SR,9825
孙睿,SR,9826
苏瑢独任,SRDR,9827
孙瑞峰,SRF,9828
斯日古楞,SRGL,9829
苏荣杰,SRJ,9830
宋汝宽,SRK,9831
宋瑞楠,SRN,9832
苏润青,SRQ,9833
宋荣泉,SRQ,9834
石锐锐,SRR,9835
孙荣山,SRS,9836
宋仁伟,SRW,9837
石瑞勇,SRY,9838
宋沙,SS,9839
盛帅,SS,9840
申胜,SS,9841
孙尚,SS,9842
宋双,SS,9843
赛赛,SS,9844
施善兵,SSB,9845
邵森弟,SSD,9846
赛赛独任,SSDR,9847
沈松峰,SSF,9848
苏素芬,SSF,9849
孙守航,SSH,9850
盛素华,SSH,9851
孙世宏,SSH,9852
石胜华,SSH,9853
孙士河,SSH,9854
时圣宏,SSH,9855
孙淑红,SSH,9856
石少华,SSH,9857
石时进,SSJ,9858
孙世君,SSJ,9859
孙树俊,SSJ,9860
史松玖,SSJ,9861
宋素娟,SSJ,9862
舒世金,SSJ,9863
沈松梁,SSL,9864
舒少陵,SSL,9865
宋世明,SSM,9866
宋曙明,SSM,9867
孙思敏,SSM,9868
双世权,SSQ,9869
宋世强,SSQ,9870
孙珊珊,SSS,9871
孙沙沙,SSS,9872
孙斯汀,SST,9873
沈思鑫,SSX,9874
孙绍云,SSY,9875
索森宇,SSY,9876
宋涛,ST,9877
孙天,ST,9878
沈涛,ST,9879
孙涛,ST,9880
孙通,ST,9881
石婷,ST,9882
苏泰,ST,9883
石婷独任,STDR,9884
孙天琴,STQ,9885
申屠青,STQ,9886
孙婷婷,STT,9887
孙体玉,STY,9888
石天媛,STY,9889
孙天耀,STY,9890
孙同勇,STY,9891
司薇,SW,9892
孙玮,SW,9893
沈玮,SW,9894
孙伟,SW,9895
宋威,SW,9896
苏文,SW,9897
尚伟,SW,9898
舒伟,SW,9899
史伟,SW,9900
宋文,SW,9901
宋卫,SW,9902
孙文,SW,9903
师伟,SW,9904
商文博,SWB,9905
苏文兵,SWB,9906
苏文东,SWD,9907
史伟东,SWD,9908
邵卫东,SWD,9909
宋文芳,SWF,9910
宋维法,SWF,9911
苏文刚,SWG,9912
粟卫红,SWH,9913
孙卫华,SWH,9914
石伟华,SWH,9915
宋文豪,SWH,9916
孙文华,SWH,9917
孙文鹤,SWH,9918
史文娟,SWJ,9919
司文娟,SWJ,9920
宋文娟,SWJ,9921
石文婧,SWJ,9922
沈伟晶,SWJ,9923
孙文庆,SWQ,9924
沈文涛,SWT,9925
宋文新,SWX,9926
石文英,SWY,9927
沙文忠,SWZ,9928
沈西,SX,9929
孙烜,SX,9930
孙祥,SX,9931
孙霞,SX,9932
舒雄,SX,9933
宋献,SX,9934
孙雪,SX,9935
宋璇,SX,9936
苏小,SX,9937
孙星,SX,9938
孙肖,SX,9939
孙笑彬,SXB,9940
孙现春,SXC,9941
宋学才,SXC,9942
宋宪超,SXC,9943
孙晓东,SXD,9944
石新东,SXD,9945
苏晓东,SXD,9946
孙学东,SXD,9947
实行独任,SXDR,9948
孙喜娥,SXE,9949
尚宪锋,SXF,9950
沈小峰,SXF,9951
史雪峰,SXF,9952
申翔飞,SXF,9953
孙晓光,SXG,9954
孙锡河,SXH,9955
孙晓红,SXH,9956
孙湘衡,SXH,9957
孙向辉,SXH,9958
孙星慧,SXH,9959
宋兴宏,SXH,9960
宋新华,SXH,9961
史修金,SXJ,9962
宋晓军,SXJ,9963
沈秀军,SXJ,9964
索晓江,SXJ,9965
孙学军,SXJ,9966
申晓君,SXJ,9967
孙宪聚,SXJ,9968
桑效奎,SXK,9969
史希龙,SXL,9970
宋小兰,SXL,9971
孙晓莉,SXL,9972
宋宪丽,SXL,9973
苏向丽,SXL,9974
孙秀丽,SXL,9975
师小丽,SXL,9976
孙霞琳,SXL,9977
苏小龙,SXL,9978
孙雪梅,SXM,9979
宋雪梅,SXM,9980
史小闽,SXM,9981
施雪梅,SXM,9982
孙旭萌,SXM,9983
尚晓梅,SXM,9984
沈显梅,SXM,9985
宋学梅,SXM,9986
申晓娜,SXN,9987
邵晓萍,SXP,9988
双兴平,SXP,9989
宋晓鹏,SXP,9990
施晓鹏,SXP,9991
石祥平,SXP,9992
隋秀芹,SXQ,9993
史秀琦,SXQ,9994
孙学泉,SXQ,9995
孙秀茹,SXR,9996
孙晓声,SXS,9997
孙祥伟,SXW,9998
申修文,SXW,9999
沈信旺,SXW,10000
宋新卫,SXW,10001
石小伟,SXW,10002
孙晓伟,SXW,10003
孙锡伟,SXW,10004
孙晓星,SXX,10005
宋新欣,SXX,10006
施旭星,SXX,10007
苏欣欣,SXX,10008
石先祥,SXX,10009
邵新英,SXY,10010
史旭阳,SXY,10011
沈晓瑛,SXY,10012
宋晓燕,SXY,10013
尚旭洋,SXY,10014
石祥玉,SXY,10015
沈晓燕,SXY,10016
邵晓媛,SXY,10017
施学珍,SXZ,10018
孙晓姿,SXZ,10019
史新珍,SXZ,10020
石岩,SY,10021
舒勇,SY,10022
孙钰,SY,10023
邵莹,SY,10024
沈莹,SY,10025
苏永,SY,10026
孙泳,SY,10027
沈阳,SY,10028
时岩,SY,10029
佘异,SY,10030
宋颖,SY,10031
山云,SY,10032
沈忆,SY,10033
苏云,SY,10034
申颖,SY,10035
苏勇,SY,10036
施悦,SY,10037
施莹,SY,10038
宋阳,SY,10039
沈迎,SY,10040
宋祎,SY,10041
宋煜,SY,10042
隋岳,SY,10043
孙艳,SY,10044
史宇,SY,10045
苏玉,SY,10046
史瑶,SY,10047
宋研,SY,10048
邵娅,SY,10049
孙英,SY,10050
沈言,SY,10051
苏乙,SY,10052
孙颖,SY,10053
宋塬,SY,10054
史渊,SY,10055
孙宇,SY,10056
孙云,SY,10057
盛焱,SY,10058
盛云,SY,10059
沈燕,SY,10060
孙瑜,SY,10061
沈永斌,SYB,10062
宋元宝,SYB,10063
沈勇兵,SYB,10064
孙亦斌,SYB,10065
石迎博,SYB,10066
孙跃斌,SYB,10067
孙玉成,SYC,10068
孙艳春,SYC,10069
桑育春,SYC,10070
孙云程,SYC,10071
舒迎东,SYD,10072
孙元东,SYD,10073
石永丹,SYD,10074
双玉娥,SYE,10075
孙沂峰,SYF,10076
孙亚革,SYG,10077
盛永钢,SYG,10078
石耀辉,SYH,10079
宋云花,SYH,10080
沈玉华,SYH,10081
孙雅慧,SYH,10082
宋应红,SYH,10083
宋永红,SYH,10084
孙叶红,SYH,10085
孙宜军,SYJ,10086
孙亚君,SYJ,10087
沈雁军,SYJ,10088
史永军,SYJ,10089
沈颖娇,SYJ,10090
孙亚金,SYJ,10091
疏玉宽,SYK,10092
沙云凯,SYK,10093
施月玲,SYL,10094
舒应亮,SYL,10095
宋亚玲,SYL,10096
宋友良,SYL,10097
慎玉龙,SYL,10098
史永利,SYL,10099
石娅丽,SYL,10100
苏乙拉图,SYLT,10101
孙玉明,SYM,10102
沈英明,SYM,10103
沈元明,SYM,10104
孙叶梅,SYM,10105
宋艳萍,SYP,10106
宋亚萍,SYP,10107
舒粤平,SYP,10108
沈毅青,SYQ,10109
沈玉青,SYQ,10110
沈亚青,SYQ,10111
孙永强,SYQ,10112
沙永强,SYQ,10113
苏勇清,SYQ,10114
孙育青,SYQ,10115
时永泉,SYQ,10116
时勇泉,SYQ,10117
宋月清,SYQ,10118
沈亚清,SYQ,10119
苏毅清,SYQ,10120
苏永任,SYR,10121
孙银声,SYS,10122
孙一文,SYW,10123
苏云伟,SYW,10124
史友兴,SYX,10125
沈玉贤,SYX,10126
孙玉霞,SYX,10127
孙曜欣,SYX,10128
苏玉学,SYX,10129
宋一心,SYX,10130
宋一仙,SYX,10131
施阳阳,SYY,10132
申遇友,SYY,10133
孙媛媛,SYY,10134
宋祎祎,SYY,10135
孙艳英,SYY,10136
孙燕燕,SYY,10137
宋塬远,SYY,10138
首幼英,SYY,10139
孙亚岩,SYY,10140
孙莹莹,SYY,10141
石英姿,SYZ,10142
邵忠,SZ,10143
苏重,SZ,10144
史峥,SZ,10145
施展,SZ,10146
宋子,SZ,10147
孙振,SZ,10148
孙志彬,SZB,10149
宋子锋,SZF,10150
宋正峰,SZF,10151
粟长赋,SZF,10152
孙志峰,SZF,10153
石忠贵,SZG,10154
宋治国,SZG,10155
邵志刚,SZG,10156
孙志刚,SZG,10157
史志高,SZG,10158
史卓辉,SZH,10159
史志华,SZH,10160
邵忠海,SZH,10161
孙泽华,SZH,10162
邵振华,SZH,10163
孙振鸿,SZH,10164
孙正华,SZH,10165
宋振华,SZH,10166
孙子涵,SZH,10167
史长宏,SZH,10168
宋昭辉,SZH,10169
邵泽今,SZJ,10170
石志军,SZJ,10171
史志杰,SZJ,10172
宋兆军,SZJ,10173
桑之杰,SZJ,10174
宋祖军,SZJ,10175
宋占杰,SZJ,10176
石增恺,SZK,10177
申长林,SZL,10178
孙兆某,SZM,10179
苏志明,SZM,10180
孙志明,SZM,10181
史芝萌,SZM,10182
史振楠,SZN,10183
孙肇平,SZP,10184
孙致平,SZP,10185
师志平,SZP,10186
石宗平,SZP,10187
孙兆强,SZQ,10188
宋兆瑞,SZR,10189
孙在桐,SZT,10190
孙振霆,SZT,10191
邵长稳,SZW,10192
尚振武,SZW,10193
孙振伟,SZW,10194
尚兆文,SZW,10195
孙忠伟,SZW,10196
孙志新,SZX,10197
沈忠祥,SZX,10198
施正霞,SZX,10199
舒增源,SZY,10200
宋振业,SZY,10201
宋志勇,SZY,10202
孙智勇,SZY,10203
石泽著,SZZ,10204
孙志珍,SZZ,10205
水振中,SZZ,10206
唐爱霖,TAL,10207
汤爱平,TAP,10208
陶爱文,TAW,10209
唐斌,TB,10210
覃波,TB,10211
唐波,TB,10212
陶博,TB,10213
汤滨,TB,10214
滕宝成,TBC,10215
唐保东,TBD,10216
唐炳丽,TBL,10217
唐炳先,TBX,10218
檀超,TC,10219
唐春斌,TCB,10220
谭茶芬,TCF,10221
谭成家,TCJ,10222
涂春建,TCJ,10223
唐春兰,TCL,10224
唐春梅,TCM,10225
童长鸣,TCM,10226
台春香,TCX,10227
唐春熙,TCX,10228
陶琛怡,TCY,10229
唐栋,TD,10230
涂丹,TD,10231
田丹,TD,10232
童大标,TDB,10233
唐冬斌,TDB,10234
覃登高,TDG,10235
陶德华,TDH,10236
唐定杰,TDJ,10237
谭大军,TDJ,10238
唐大平,TDP,10239
滕大伟,TDW,10240
唐大鑫,TDX,10241
田殿英,TDY,10242
覃大友,TDY,10243
田德运,TDY,10244
涂恩,TE,10245
涂恩独任,TEDR,10246
唐峰,TF,10247
唐凡,TF,10248
覃芳,TF,10249
仝飞,TF,10250
田芳,TF,10251
滕飞,TF,10252
田峰,TF,10253
谭芳,TF,10254
谭锋,TF,10255
覃发超,TFC,10256
田凤慧,TFH,10257
覃凤姣,TFJ,10258
谭凤明,TFM,10259
田方仁,TFR,10260
田发淘,TFT,10261
谭芙新,TFX,10262
田发雁,TFY,10263
覃革,TG,10264
同刚,TG,10265
覃桂茶,TGC,10266
涂国华,TGH,10267
谭国虎,TGH,10268
屠国均,TGJ,10269
田光明,TGM,10270
唐光荣,TGR,10271
仝桂香,TGX,10272
谭国元,TGY,10273
唐国玉,TGY,10274
唐广益,TGY,10275
唐广益担,TGYD,10276
涂光照,TGZ,10277
唐何,TH,10278
谭宏,TH,10279
田卉,TH,10280
铁虹,TH,10281
田海,TH,10282
田浩,TH,10283
谭辉,TH,10284
田宏,TH,10285
唐慧,TH,10286
田慧,TH,10287
田华,TH,10288
田海斌,THB,10289
田红彪,THB,10290
陶宏博,THB,10291
唐华丹,THD,10292
唐鸿发,THF,10293
谭海蛟,THJ,10294
唐辉军,THJ,10295
田海林,THL,10296
谭胡林,THL,10297
谭慧敏,THM,10298
陶宏庆,THQ,10299
唐慧琴,THQ,10300
田慧荣,THR,10301
田鸿润,THR,10302
同慧荣,THR,10303
谭宏伟,THW,10304
覃慧蔚,THW,10305
覃红卫,THW,10306
覃宏欣,THX,10307
田惠仙,THX,10308
谭红艳,THY,10309
田航远,THY,10310
童海燕,THY,10311
谭活枝,THZ,10312
唐汉忠,THZ,10313
唐洁,TJ,10314
童吉,TJ,10315
田君,TJ,10316
田娟,TJ,10317
谭军,TJ,10318
滕军,TJ,10319
唐晶,TJ,10320
汤建,TJ,10321
涂俊,TJ,10322
唐骥,TJ,10323
唐军,TJ,10324
涂军,TJ,10325
覃锦,TJ,10326
唐建,TJ,10327
唐健,TJ,10328
谭姣,TJ,10329
唐静,TJ,10330
唐江,TJ,10331
覃建斌,TJB,10332
陶静波,TJB,10333
谭继东,TJD,10334
覃锦芳,TJF,10335
覃军富,TJF,10336
唐景锋,TJF,10337
田家富,TJF,10338
唐军国,TJG,10339
覃建国,TJG,10340
田继华,TJH,10341
陶菊华,TJH,10342
唐锦辉,TJH,10343
覃建华,TJH,10344
谭继欢,TJH,10345
谭家辉,TJH,10346
唐静杰,TJJ,10347
覃江健,TJJ,10348
覃家健,TJJ,10349
陶军霖,TJL,10350
唐建林,TJL,10351
唐江农,TJN,10352
汤金球,TJQ,10353
童金蓉,TJR,10354
汤洁茹,TJR,10355
唐家胜,TJS,10356
谭劲松,TJS,10357
屠建伟,TJW,10358
唐俊伟,TJW,10359
田晋元,TJY,10360
谭江宇,TJY,10361
谭佳怡,TJY,10362
田佳莹,TJY,10363
谭加云,TJY,10364
唐敬忠,TJZ,10365
童康,TK,10366
涂克,TK,10367
田坤,TK,10368
童琨,TK,10369
庹科,TK,10370
汤克宏,TKH,10371
汤科林,TKL,10372
陶开明,TKM,10373
田开文,TKW,10374
涂开英,TKY,10375
田力,TL,10376
唐俐,TL,10377
滕莉,TL,10378
谭丽,TL,10379
佟玲,TL,10380
唐亮,TL,10381
田凌,TL,10382
谭立,TL,10383
唐娌,TL,10384
唐利,TL,10385
陶立安,TLA,10386
覃柳川,TLC,10387
田丽芳,TLF,10388
唐良刚,TLG,10389
唐丽华,TLH,10390
滕丽华,TLH,10391
陶立鹃,TLJ,10392
唐丽珺,TLJ,10393
田利军,TLJ,10394
谭丽娟,TLJ,10395
陶玲俐,TLL,10396
滕黎黎,TLL,10397
陶玲俐担,TLLD,10398
谭丽敏,TLM,10399
唐利民,TLM,10400
陶厘聂,TLN,10401
唐龙飘,TLP,10402
檀丽婷,TLT,10403
田丽霞,TLX,10404
田龙云,TLY,10405
陶曼,TM,10406
谭明,TM,10407
唐明,TM,10408
谈敏,TM,10409
特木,TM,10410
唐敏,TM,10411
田明,TM,10412
唐明春,TMC,10413
谈敏独任,TMDR,10414
田明芳,TMF,10415
覃敏红,TMH,10416
唐慕君,TMJ,10417
田明龙,TML,10418
唐梦林,TML,10419
唐美玲,TML,10420
特木乐,TML,10421
唐梦霖,TML,10422
覃孟良,TML,10423
唐美显,TMX,10424
谭明展,TMZ,10425
汤娜,TN,10426
塔娜,TN,10427
汤宁,TN,10428
唐萍,TP,10429
童鹏程,TPC,10430
汤琼,TQ,10431
覃谦,TQ,10432
佟强,TQ,10433
田青,TQ,10434
谭千花,TQH,10435
谭巧华,TQH,10436
谭清和,TQH,10437
涂邱琴,TQQ,10438
汤求忠,TQZ,10439
邰瑢,TR,10440
汤锐,TR,10441
谭刃,TR,10442
童睿,TR,10443
田瑞斌,TRB,10444
田荣川,TRC,10445
唐日红,TRH,10446
田仁剑,TRJ,10447
唐瑞丽,TRL,10448
唐荣平,TRP,10449
唐荣平担,TRPD,10450
谭帅,TS,10451
唐帅,TS,10452
滕树,TS,10453
唐淑,TS,10454
唐少川,TSC,10455
陶士刚,TSG,10456
佟守辉,TSH,10457
唐蜀惠,TSH,10458
谭胜虎,TSH,10459
唐淑娟,TSJ,10460
铁松健,TSJ,10461
田生军,TSJ,10462
唐世奎,TSK,10463
覃仕科,TSK,10464
谭四玲,TSL,10465
谭术明,TSM,10466
滕树敏,TSM,10467
谭术明担,TSMD,10468
谭水文,TSW,10469
唐帅英,TSY,10470
滕婷,TT,10471
覃甜,TT,10472
陶涛,TT,10473
唐天成,TTC,10474
田同庆,TTQ,10475
唐甜甜,TTT,10476
唐铁湘,TTX,10477
唐薇,TW,10478
覃文,TW,10479
谭卫,TW,10480
陶炜,TW,10481
谭韦,TW,10482
田伟,TW,10483
田维德,TWD,10484
唐文东,TWD,10485
谭卫华,TWH,10486
滕文欢,TWH,10487
田文军,TWJ,10488
覃文军,TWJ,10489
唐文婧,TWJ,10490
覃文玲,TWL,10491
田伟民,TWM,10492
覃文铭,TWM,10493
覃文努,TWN,10494
谭伟平,TWP,10495
田卫培,TWP,10496
谭文强,TWQ,10497
汤文盛,TWS,10498
唐文婷,TWT,10499
谭文武,TWW,10500
唐文雄,TWX,10501
谈文亚,TWY,10502
汤文元,TWY,10503
田文远,TWY,10504
田文悦,TWY,10505
唐伟贞,TWZ,10506
田晓,TX,10507
唐香,TX,10508
滕欣,TX,10509
汤杏,TX,10510
谈雪,TX,10511
唐欣,TX,10512
田新,TX,10513
涂小斌,TXB,10514
涂学斌,TXB,10515
田晓波,TXB,10516
汤献春,TXC,10517
滕晓春,TXC,10518
田旭东,TXD,10519
汤晓东,TXD,10520
田晓芳,TXF,10521
谈效锋,TXF,10522
谭笑风,TXF,10523
谭小凤,TXF,10524
田晓菲,TXF,10525
汤晓慧,TXH,10526
同小虎,TXH,10527
汤晓红,TXH,10528
滕新红,TXH,10529
仝新华,TXH,10530
唐兴海,TXH,10531
仝兴合,TXH,10532
汤杏君,TXJ,10533
唐新坤,TXK,10534
唐小琳,TXL,10535
唐新力,TXL,10536
唐秀玲,TXL,10537
童潇兰,TXL,10538
谭晓玲,TXL,10539
谈晓丽,TXL,10540
童兴林,TXL,10541
唐小龙,TXL,10542
唐小玲,TXL,10543
陶新民,TXM,10544
唐湘宁,TXN,10545
唐雪平,TXP,10546
谈雪萍,TXP,10547
田晓平,TXP,10548
腾霄琼,TXQ,10549
谭显桃,TXT,10550
田小卫,TXW,10551
屠鑫鑫,TXX,10552
童新祥,TXX,10553
田欣鑫,TXX,10554
唐小艳,TXY,10555
覃晓燕,TXY,10556
覃秀英,TXY,10557
涂秀珠,TXZ,10558
谭先忠,TXZ,10559
唐韵,TY,10560
田勇,TY,10561
谭勇,TY,10562
谭艳,TY,10563
谈毅,TY,10564
田野,TY,10565
田岳,TY,10566
唐艳,TY,10567
唐勇,TY,10568
唐英,TY,10569
唐妍,TY,10570
田阳,TY,10571
滕艳,TY,10572
唐寅,TY,10573
谭杨,TY,10574
田永,TY,10575
童赟,TY,10576
唐跃,TY,10577
唐莹,TY,10578
滕越,TY,10579
唐毅,TY,10580
谭燕,TY,10581
田永宝,TYB,10582
谭轶城,TYC,10583
汤燕弟,TYD,10584
唐誉独任,TYDR,10585
田阳独任,TYDR,10586
田野独任,TYDR,10587
唐耀国,TYG,10588
田永华,TYH,10589
田玉康,TYK,10590
台益奎,TYK,10591
谭云林,TYL,10592
唐云玲,TYL,10593
田玉林,TYL,10594
陶勇明,TYM,10595
田英明,TYM,10596
谭永谋,TYM,10597
邰玉妹,TYM,10598
滕叶佩,TYP,10599
覃益平,TYP,10600
田玉青,TYQ,10601
唐亚茜,TYQ,10602
唐玉庆,TYQ,10603
谭叶青,TYQ,10604
唐玉强,TYQ,10605
谭阳威,TYW,10606
唐跃文,TYW,10607
谭远献,TYX,10608
谭玉秀,TYX,10609
覃仪晏,TYY,10610
铁莹莹,TYY,10611
谭嬿瑜,TYY,10612
田亚勇,TYY,10613
谭韫争,TYZ,10614
覃志,TZ,10615
涂忠,TZ,10616
唐铸,TZ,10617
唐震,TZ,10618
田振波,TZB,10619
覃壮芳,TZF,10620
谭忠光,TZG,10621
覃振华,TZH,10622
覃志欢,TZH,10623
谭震华,TZH,10624
覃志康,TZK,10625
涂珠科,TZK,10626
唐子玲,TZL,10627
覃庄丽,TZL,10628
唐志敏,TZM,10629
汤浙明,TZM,10630
涂自敏,TZM,10631
谭中平,TZP,10632
汤震球,TZQ,10633
陶占省,TZS,10634
田中松,TZS,10635
唐占武,TZW,10636
田章玉,TZY,10637
田正友,TZY,10638
唐中政,TZZ,10639
田泽众,TZZ,10640
王爱芳,WAF,10641
王爱国,WAG,10642
王爱华,WAH,10643
王爱红,WAH,10644
吴爱华,WAH,10645
吴爱军,WAJ,10646
魏安稷,WAJ,10647
王爱军,WAJ,10648
尉爱军,WAJ,10649
王爱林,WAL,10650
王爱萍,WAP,10651
吴爱琴,WAQ,10652
王爱勤,WAQ,10653
王爱青,WAQ,10654
温爱英,WAY,10655
王爱云,WAY,10656
汪爱珍,WAZ,10657
王安政,WAZ,10658
王彬,WB,10659
王斌,WB,10660
王毕,WB,10661
王波,WB,10662
王彪,WB,10663
吴冰,WB,10664
武波,WB,10665
吴波,WB,10666
王北,WB,10667
王兵,WB,10668
王滨,WB,10669
汪波,WB,10670
魏波,WB,10671
吴彪,WB,10672
韦博,WB,10673
文斌,WB,10674
万兵,WB,10675
王蓓,WB,10676
吴斌,WB,10677
吴宝,WB,10678
王冰,WB,10679
吴斌斌,WBB,10680
王蓓蓓,WBB,10681
吴宝春,WBC,10682
王保东,WBD,10683
王宝峰,WBF,10684
王北华,WBH,10685
王保建,WBJ,10686
王丙建,WBJ,10687
王秉军,WBJ,10688
吴碧洁,WBJ,10689
王冰洁,WBJ,10690
伍柄霖,WBL,10691
吴宝宁,WBN,10692
魏博平,WBP,10693
王冰青,WBQ,10694
王冰镕,WBR,10695
王炳顺,WBS,10696
吴宝山,WBS,10697
吴炳松,WBS,10698
王百胜,WBS,10699
吴柏威,WBW,10700
王宝秀,WBX,10701
王碧祥,WBX,10702
王秉相,WBX,10703
王保中,WBZ,10704
吴琛,WC,10705
吴灿,WC,10706
王超,WC,10707
王崇,WC,10708
王冲,WC,10709
王聪,WC,10710
吴川,WC,10711
邬朝,WC,10712
王存,WC,10713
王偲,WC,10714
王辰,WC,10715
王婵,WC,10716
吴粲,WC,10717
武超,WC,10718
王春,WC,10719
王参,WC,10720
王淳,WC,10721
王春豹,WCB,10722
王琤琤,WCC,10723
王春东,WCD,10724
王传东,WCD,10725
王冲独任,WCDR,10726
王彩娥,WCE,10727
王朝峰,WCF,10728
王翠芳,WCF,10729
王朝发,WCF,10730
吴成飞,WCF,10731
王存福,WCF,10732
王成峰,WCF,10733
王春峰,WCF,10734
吴朝富,WCF,10735
王传红,WCH,10736
伍春辉,WCH,10737
王春华,WCH,10738
汪成虎,WCH,10739
王春红,WCH,10740
温春华,WCH,10741
王朝华,WCH,10742
王春和,WCH,10743
王纯华,WCH,10744
王超杰,WCJ,10745
王聪俊,WCJ,10746
魏朝菊,WCJ,10747
王常均,WCJ,10748
王传康,WCK,10749
王成康,WCK,10750
吴成亮,WCL,10751
王春林,WCL,10752
王翠玲,WCL,10753
王春雷,WCL,10754
王传亮,WCL,10755
王春利,WCL,10756
吴成亮担,WCLD,10757
王成明,WCM,10758
王春明,WCM,10759
韦春媚,WCM,10760
吴灿钦,WCQ,10761
吴春茹,WCR,10762
王春生,WCS,10763
王成涛,WCT,10764
王成挺,WCT,10765
王春秀,WCX,10766
吴春雪,WCX,10767
吴超雄,WCX,10768
吴春燕,WCY,10769
吴川义,WCY,10770
王春燕,WCY,10771
王成勇,WCY,10772
韦春雨,WCY,10773
吴楚燕,WCY,10774
吴春艳,WCY,10775
王春艳,WCY,10776
王朝阳,WCY,10777
吴朝益,WCY,10778
吴朝益陪,WCYP,10779
王崇泽,WCZ,10780
王春珍,WCZ,10781
王丹,WD,10782
王东,WD,10783
汪东,WD,10784
韦丹,WD,10785
吴栋,WD,10786
吴丹,WD,10787
王迪,WD,10788
王荻,WD,10789
温东,WD,10790
王定,WD,10791
王帝,WD,10792
王丁,WD,10793
魏德彬,WDB,10794
韦东宝,WDB,10795
王德成,WDC,10796
王道才,WDC,10797
王德昌,WDC,10798
王殿琛,WDC,10799
汪丹丹,WDD,10800
汪大富,WDF,10801
魏典光,WDG,10802
魏东华,WDH,10803
王德华,WDH,10804
王东红,WDH,10805
伍顶军,WDJ,10806
王东军,WDJ,10807
王冬姣,WDJ,10808
吴东亮,WDL,10809
韦栋梁,WDL,10810
王冬梅,WDM,10811
王得名,WDM,10812
武冬梅,WDM,10813
吴东普,WDP,10814
吴端派,WDP,10815
王丹平,WDP,10816
吴道生,WDS,10817
王丁仕,WDS,10818
王德武,WDW,10819
王东文,WDW,10820
王迪逊,WDX,10821
王德新,WDX,10822
王得祥,WDX,10823
王冬霞,WDX,10824
王德营,WDY,10825
王道义,WDY,10826
温东玉,WDY,10827
温东英,WDY,10828
王道阳,WDY,10829
吴东洋,WDY,10830
王大章,WDZ,10831
韦大志,WDZ,10832
王恩山,WES,10833
魏峰,WF,10834
王飞,WF,10835
吴矾,WF,10836
王芙,WF,10837
王峰,WF,10838
汪芳,WF,10839
王菲,WF,10840
王芳,WF,10841
王锋,WF,10842
王冯,WF,10843
韦芳,WF,10844
王芬,WF,10845
文飞,WF,10846
王枫,WF,10847
王富,WF,10848
吴非,WF,10849
王纷,WF,10850
武芳,WF,10851
吴芳嫒,WFA,10852
吴芳嫒担,WFAD,10853
王芳草,WFC,10854
王馥芬,WFF,10855
韦芳芳,WFF,10856
吴菲菲,WFF,10857
王凤国,WFG,10858
汪福庚,WFG,10859
万福海,WFH,10860
王凤华,WFH,10861
吴福弘,WFH,10862
王福海,WFH,10863
万福海陪,WFHP,10864
魏凤玲,WFL,10865
王丰禄,WFL,10866
吴丰敏,WFM,10867
王富平,WFP,10868
王富强,WFQ,10869
汪凤泉,WFQ,10870
吴逢仕,WFS,10871
王福伟,WFW,10872
王福元,WFY,10873
王福珍,WFZ,10874
王广,WG,10875
魏国,WG,10876
王纲,WG,10877
王刚,WG,10878
王戈,WG,10879
万刚,WG,10880
吴刚,WG,10881
王国,WG,10882
吴罡,WG,10883
王贵宾,WGB,10884
吴国才,WGC,10885
吴桂臣,WGC,10886
魏国昌,WGC,10887
王贵东,WGD,10888
吴高峰,WGF,10889
吴光贵,WGG,10890
王光辉,WGH,10891
王国辉,WGH,10892
王观军,WGJ,10893
王国娟,WGJ,10894
汪广杰,WGJ,10895
吴高军,WGJ,10896
魏国龙,WGL,10897
王改玲,WGL,10898
王国利,WGL,10899
王冠龙,WGL,10900
王贵伦,WGL,10901
王国明,WGM,10902
王广明,WGM,10903
王桂梅,WGM,10904
王国平,WGP,10905
吴国鹏,WGP,10906
王国强,WGQ,10907
吴国强,WGQ,10908
王光庆,WGQ,10909
巫光清,WGQ,10910
王国奇,WGQ,10911
王国荣,WGR,10912
韦光盛,WGS,10913
汪国泰,WGT,10914
王广田,WGT,10915
王广文,WGW,10916
吴桂香,WGX,10917
王贵鑫,WGX,10918
王国新,WGX,10919
魏国侠,WGX,10920
王光勋,WGX,10921
王戈新,WGX,10922
王光学,WGX,10923
王改霞,WGX,10924
韦根永,WGY,10925
王冠英,WGY,10926
吴国燕,WGY,10927
吴国云,WGY,10928
吴国岩,WGY,10929
王国战,WGZ,10930
魏国忠,WGZ,10931
王国芝,WGZ,10932
吴广哲,WGZ,10933
王贵舟,WGZ,10934
王虹,WH,10935
王华,WH,10936
王慧,WH,10937
王浩,WH,10938
王洪,WH,10939
王红,WH,10940
王赫,WH,10941
吴红,WH,10942
汪慧,WH,10943
王晖,WH,10944
王辉,WH,10945
汪浩,WH,10946
王鸿,WH,10947
王宏,WH,10948
王皓,WH,10949
王桦,WH,10950
汪弘,WH,10951
王海,WH,10952
温皓,WH,10953
魏红,WH,10954
王瀚,WH,10955
吴海,WH,10956
伍晖,WH,10957
万华,WH,10958
汪洪,WH,10959
王浛,WH,10960
王欢,WH,10961
王和,WH,10962
韦豪,WH,10963
吴辉,WH,10964
王涵,WH,10965
王卉,WH,10966
王红兵,WHB,10967
吴汉北,WHB,10968
王鸿波,WHB,10969
王海滨,WHB,10970
汪海斌,WHB,10971
王洪波,WHB,10972
武汉斌,WHB,10973
王贺宾,WHB,10974
王荷春,WHC,10975
王洪成,WHC,10976
王宏才,WHC,10977
武海潮,WHC,10978
王惠东,WHD,10979
韦豪独任,WHDR,10980
吴洪飞,WHF,10981
王洪福,WHF,10982
魏红芳,WHF,10983
万鸿飞,WHF,10984
王洪凤,WHF,10985
王海峰,WHF,10986
王海防,WHF,10987
王惠芳,WHF,10988
王鸿飞,WHF,10989
文焕光,WHG,10990
吴怀国,WHG,10991
王海华,WHH,10992
韦海华,WHH,10993
王欢欢,WHH,10994
王海虹,WHH,10995
武惠军,WHJ,10996
王浩杰,WHJ,10997
吴汉军,WHJ,10998
魏洪钧,WHJ,10999
王洪军,WHJ,11000
王海军,WHJ,11001
王红奎,WHK,11002
王和楷,WHK,11003
吴鸿烈,WHL,11004
王红雷,WHL,11005
王惠良,WHL,11006
王洪玲,WHL,11007
王海林,WHL,11008
王惠萌,WHM,11009
王红梅,WHM,11010
王洪明,WHM,11011
王慧铭,WHM,11012
伍鸿鸣,WHM,11013
王惠勤,WHQ,11014
王宏庆,WHQ,11015
王海青,WHQ,11016
王和琦,WHQ,11017
王洪芹,WHQ,11018
汪惠强,WHQ,11019
魏华庆,WHQ,11020
伍红蓉,WHR,11021
王会仁,WHR,11022
王浩然,WHR,11023
王宏荣,WHR,11024
王海瑞,WHR,11025
王洪生,WHS,11026
王惠笙,WHS,11027
吴惠水,WHS,11028
吴海涛,WHT,11029
王海涛,WHT,11030
王洪涛,WHT,11031
王焕婷,WHT,11032
吴昊坦,WHT,11033
王宏涛,WHT,11034
汪海涛,WHT,11035
王宏伟,WHW,11036
吴好武,WHW,11037
韦宏伟,WHW,11038
王红卫,WHW,11039
武宏伟,WHW,11040
王洪伟,WHW,11041
王海霞,WHX,11042
吴河贤,WHX,11043
王合欣,WHX,11044
吴红霞,WHX,11045
位红星,WHX,11046
吴鸿鑫,WHX,11047
王焕先,WHX,11048
王洪新,WHX,11049
王海瑛,WHY,11050
王红英,WHY,11051
王红宇,WHY,11052
王华玉,WHY,11053
王华勇,WHY,11054
王宏宇,WHY,11055
魏海英,WHY,11056
王洪艳,WHY,11057
吴含勇,WHY,11058
王海洋,WHY,11059
吴海云,WHY,11060
吴晗英,WHY,11061
王怀义,WHY,11062
魏宏中,WHZ,11063
韦华忠,WHZ,11064
万厚洲,WHZ,11065
吴焕照,WHZ,11066
王洪洲,WHZ,11067
王军,WJ,11068
王健,WJ,11069
王珏,WJ,11070
王婧,WJ,11071
魏俊,WJ,11072
王菁,WJ,11073
万剑,WJ,11074
伍军,WJ,11075
王俊,WJ,11076
王进,WJ,11077
汪进,WJ,11078
万军,WJ,11079
王晋,WJ,11080
王静,WJ,11081
王杰,WJ,11082
王建,WJ,11083
王洁,WJ,11084
王金,WJ,11085
吴俊,WJ,11086
王珺,WJ,11087
伍菁,WJ,11088
韦建,WJ,11089
卫军,WJ,11090
魏捷,WJ,11091
王佳,WJ,11092
王涓,WJ,11093
吴娟,WJ,11094
王娟,WJ,11095
吴剑,WJ,11096
万杰,WJ,11097
汪洁,WJ,11098
王剑,WJ,11099
万钧,WJ,11100
文静,WJ,11101
王江,WJ,11102
魏佳,WJ,11103
王瑾,WJ,11104
吴婧,WJ,11105
万静,WJ,11106
王嘉,WJ,11107
温杰,WJ,11108
王婕,WJ,11109
武静,WJ,11110
文军,WJ,11111
温锦,WJ,11112
吴晶,WJ,11113
温静,WJ,11114
韦杰,WJ,11115
吴军,WJ,11116
吴劲,WJ,11117
吴娇,WJ,11118
汪坚,WJ,11119
魏建,WJ,11120
汪晶,WJ,11121
王靖,WJ,11122
吴金碧,WJB,11123
王静波,WJB,11124
王晋斌,WJB,11125
王江波,WJB,11126
吴建兵,WJB,11127
吴进昌,WJC,11128
王建臣,WJC,11129
王建成,WJC,11130
王进才,WJC,11131
汪继春,WJC,11132
王锦春,WJC,11133
王嘉晨,WJC,11134
王建场,WJC,11135
王建达,WJD,11136
王继东,WJD,11137
王晋东,WJD,11138
王建独任,WJDR,11139
王婧独任,WJDR,11140
万军独任,WJDR,11141
吴俊独任,WJDR,11142
王俊恩,WJE,11143
王金富,WJF,11144
吴金凤,WJF,11145
万剑峰,WJF,11146
王纪锋,WJF,11147
文俊芳,WJF,11148
王俊峰,WJF,11149
王剑飞,WJF,11150
王江峰,WJF,11151
王建法,WJF,11152
吴金国,WJG,11153
文继光,WJG,11154
魏建国,WJG,11155
吴建国,WJG,11156
王加冠,WJG,11157
王建广,WJG,11158
武建国,WJG,11159
王建国,WJG,11160
邬建华,WJH,11161
汪锦红,WJH,11162
邬剑红,WJH,11163
吴静华,WJH,11164
王金海,WJH,11165
王锦辉,WJH,11166
吴金和,WJH,11167
吴京红,WJH,11168
吴继华,WJH,11169
王军华,WJH,11170
王家海,WJH,11171
王剑虹,WJH,11172
王建华,WJH,11173
吴建华,WJH,11174
吴锦辉,WJH,11175
王江辉,WJH,11176
吴建红,WJH,11177
王继华,WJH,11178
王娟娟,WJJ,11179
魏晶晶,WJJ,11180
王建军,WJJ,11181
王京京,WJJ,11182
魏俊菊,WJJ,11183
王晶晶,WJJ,11184
王佳佳,WJJ,11185
王俊杰,WJJ,11186
武佳佳,WJJ,11187
王静静,WJJ,11188
魏娟娟,WJJ,11189
魏建军,WJJ,11190
吴继军,WJJ,11191
王建坤,WJK,11192
王军科,WJK,11193
王俊玲,WJL,11194
吴佳霖,WJL,11195
王金丽,WJL,11196
汪建林,WJL,11197
王吉玲,WJL,11198
吴金禄,WJL,11199
吴健莉,WJL,11200
吴晋利,WJL,11201
王景林,WJL,11202
吴加亮,WJL,11203
王建玲,WJL,11204
王金龙,WJL,11205
王加利,WJL,11206
吴俊猛,WJM,11207
韦建敏,WJM,11208
王江明,WJM,11209
王炯明,WJM,11210
王建明,WJM,11211
魏建明,WJM,11212
吴建明,WJM,11213
王劲梅,WJM,11214
韦继宁,WJN,11215
王金妮,WJN,11216
吴建平,WJP,11217
王建平,WJP,11218
吴娟平,WJP,11219
王锦萍,WJP,11220
王俊平,WJP,11221
魏建平,WJP,11222
王佳培,WJP,11223
王璟璞,WJP,11224
王建鹏,WJP,11225
王建萍,WJP,11226
吴建群,WJQ,11227
王家琪,WJQ,11228
韦景泉,WJQ,11229
吴敬清,WJQ,11230
王剑群,WJQ,11231
王继荣,WJR,11232
王家锐,WJR,11233
吴劲松,WJS,11234
武吉顺,WJS,11235
王建生,WJS,11236
汪金生,WJS,11237
王家升,WJS,11238
王劲松,WJS,11239
王敬顺,WJS,11240
吴江涛,WJT,11241
汪俊涛,WJT,11242
王金涛,WJT,11243
吴跻亭,WJT,11244
王家武,WJW,11245
王军伟,WJW,11246
韦杰玮,WJW,11247
王俊文,WJW,11248
万军文,WJW,11249
王建武,WJW,11250
王金炜,WJW,11251
吴君炜,WJW,11252
尉军武,WJW,11253
王静文,WJW,11254
王俊武,WJW,11255
吴冀湘,WJX,11256
王景星,WJX,11257
吴俊喜,WJX,11258
魏继霞,WJX,11259
韦金璇,WJX,11260
王锦熙,WJX,11261
吴建勋,WJX,11262
王建霞,WJX,11263
王锦莹,WJY,11264
吴进元,WJY,11265
王继业,WJY,11266
王健运,WJY,11267
王居义,WJY,11268
王进炎,WJY,11269
王计元,WJY,11270
王婕妤,WJY,11271
文加永,WJY,11272
王建芝,WJZ,11273
吴建中,WJZ,11274
王建洲,WJZ,11275
王京洲,WJZ,11276
王继忠,WJZ,11277
王可,WK,11278
王康,WK,11279
王坤,WK,11280
王珂,WK,11281
吴楷,WK,11282
王凯,WK,11283
吴开,WK,11284
王锴,WK,11285
韦焜,WK,11286
吴凯,WK,11287
王科,WK,11288
王鲲,WK,11289
王扩道,WKD,11290
王柯丁,WKD,11291
吴开芬,WKF,11292
王奎刚,WKG,11293
王扩军,WKJ,11294
魏凯军,WKJ,11295
王可可,WKK,11296
魏克林,WKL,11297
吴克难,WKN,11298
王克启,WKQ,11299
王开榕,WKR,11300
王开升,WKS,11301
王开天,WKT,11302
王开应,WKY,11303
王林,WL,11304
王丽,WL,11305
王莉,WL,11306
吴磊,WL,11307
王蕾,WL,11308
汪霖,WL,11309
吴莉,WL,11310
王玲,WL,11311
武磊,WL,11312
万玲,WL,11313
王利,WL,11314
魏来,WL,11315
汪丽,WL,11316
温莉,WL,11317
王璐,WL,11318
王燎,WL,11319
汪镭,WL,11320
吴丽,WL,11321
王亮,WL,11322
王立,WL,11323
王磊,WL,11324
王岚,WL,11325
汪琳,WL,11326
王龙,WL,11327
吴兰,WL,11328
温梨,WL,11329
王荔,WL,11330
武玲,WL,11331
王乐,WL,11332
吴林,WL,11333
王露,WL,11334
王琳,WL,11335
武凌,WL,11336
魏璐,WL,11337
巫立,WL,11338
吴亮,WL,11339
魏磊,WL,11340
万里,WL,11341
温龙,WL,11342
王兰邦,WLB,11343
王留成,WLC,11344
王良春,WLC,11345
吴来程,WLC,11346
吴玲娣,WLD,11347
王利独任,WLDR,11348
王澜飞,WLF,11349
吴丽奋,WLF,11350
王丽飞,WLF,11351
王丽凤,WLF,11352
王荔晖,WLH,11353
温丽华,WLH,11354
巫立慧,WLH,11355
韦丽华,WLH,11356
王龙怀,WLH,11357
吴连鸿,WLH,11358
王立京,WLJ,11359
王亮晶,WLJ,11360
王丽娟,WLJ,11361
王立军,WLJ,11362
王丽杰,WLJ,11363
万利剑,WLJ,11364
魏林杰,WLJ,11365
王丽静,WLJ,11366
王笠静,WLJ,11367
王乐凯,WLK,11368
汪兰兰,WLL,11369
王玲栗,WLL,11370
王玲玲,WLL,11371
魏丽丽,WLL,11372
万玲玲,WLL,11373
汪潞璐,WLL,11374
王立立,WLL,11375
吴林林,WLL,11376
王来来,WLL,11377
伍丽梅,WLM,11378
王黎明,WLM,11379
王丽梅,WLM,11380
韦璐明,WLM,11381
王亮民,WLM,11382
王利民,WLM,11383
王丽娜,WLN,11384
韦柳娜,WLN,11385
王琳娜,WLN,11386
王丽萍,WLP,11387
王丽平,WLP,11388
王立平,WLP,11389
吴丽萍,WLP,11390
吴黎平,WLP,11391
魏立平,WLP,11392
武丽萍,WLP,11393
王凌强,WLQ,11394
吴卢铨,WLQ,11395
汪兰钦,WLQ,11396
王连润,WLR,11397
王丽荣,WLR,11398
卫立山,WLS,11399
王利顺,WLS,11400
王立嵩,WLS,11401
吴林森,WLS,11402
王林生,WLS,11403
汪礼滔,WLT,11404
王乐文,WLW,11405
吴连旺,WLW,11406
伍林雄,WLX,11407
王立新,WLX,11408
吴连喜,WLX,11409
王鲁祥,WLX,11410
王力欣,WLX,11411
魏莉云,WLY,11412
王林烟,WLY,11413
王路雨,WLY,11414
魏立宇,WLY,11415
王来友,WLY,11416
吴连运,WLY,11417
王良友,WLY,11418
魏立宇担,WLYD,11419
王丽芝,WLZ,11420
汪莉珍,WLZ,11421
王力志,WLZ,11422
王玲珍,WLZ,11423
王铭,WM,11424
温敏,WM,11425
王敏,WM,11426
王旻,WM,11427
王淼,WM,11428
王藐,WM,11429
王茂,WM,11430
文美,WM,11431
王盟,WM,11432
万敏,WM,11433
翁姆,WM,11434
吴敏,WM,11435
魏明,WM,11436
王美,WM,11437
王明,WM,11438
王梅春,WMC,11439
王某成,WMC,11440
韦明登,WMD,11441
魏明东,WMD,11442
吴明峰,WMF,11443
吴梅芳,WMF,11444
汪美芬,WMF,11445
王美芳,WMF,11446
王明富,WMF,11447
王木高,WMG,11448
王明海,WMH,11449
吴妙华,WMH,11450
文美惠,WMH,11451
韦曼辉,WMH,11452
韦明辉,WMH,11453
吴美红,WMH,11454
王美娟,WMJ,11455
吴曼江,WMJ,11456
吴明晶,WMJ,11457
王梦佳,WMJ,11458
王美玲,WML,11459
王梅玲,WML,11460
王美琳,WML,11461
王美丽,WML,11462
吴美来,WML,11463
王曼玲,WML,11464
王明莲,WML,11465
王美俐,WML,11466
韦明明,WMM,11467
王明泉,WMQ,11468
王曼清,WMQ,11469
王明权,WMQ,11470
王茂清,WMQ,11471
王明强,WMQ,11472
伍敏青,WMQ,11473
王茂清担,WMQD,11474
王美蓉,WMR,11475
魏明石,WMS,11476
吴木生,WMS,11477
吴美松,WMS,11478
王明森,WMS,11479
王明升,WMS,11480
万梦婉,WMW,11481
王明伟,WMW,11482
王明霞,WMX,11483
吴明霞,WMX,11484
王明学,WMX,11485
翁美香,WMX,11486
吴明跃,WMY,11487
万明元,WMY,11488
王鸣燕,WMY,11489
王明阳,WMY,11490
王梦颖,WMY,11491
万明之,WMZ,11492
王墨竹,WMZ,11493
吴南,WN,11494
王娜,WN,11495
温暖,WN,11496
王宁,WN,11497
吴娜,WN,11498
王楠,WN,11499
魏娜,WN,11500
王妮,WN,11501
王念慈,WNC,11502
吴南回,WNH,11503
王宁华,WNH,11504
王宁宁,WNN,11505
武宁琪,WNQ,11506
汪霓雯,WNW,11507
吴乃忠,WNZ,11508
王平,WP,11509
吴萍,WP,11510
王频,WP,11511
王鹏,WP,11512
王萍,WP,11513
王嫔,WP,11514
王培,WP,11515
吴鹏,WP,11516
王佩,WP,11517
王培德,WPD,11518
王平凡,WPF,11519
王朋飞,WPF,11520
王沛恒,WPH,11521
王培杰,WPJ,11522
王培铭,WPM,11523
王平生,WPS,11524
王培新,WPX,11525
王培炎,WPY,11526
王鹏志,WPZ,11527
王茜,WQ,11528
韦庆,WQ,11529
吴琼,WQ,11530
吴倩,WQ,11531
吴琴,WQ,11532
王倩,WQ,11533
魏琼,WQ,11534
王庆,WQ,11535
温强,WQ,11536
王青,WQ,11537
王启,WQ,11538
王清,WQ,11539
王琦,WQ,11540
王强,WQ,11541
武强,WQ,11542
武骞,WQ,11543
汪强,WQ,11544
王前,WQ,11545
王崎,WQ,11546
王钱,WQ,11547
王琴,WQ,11548
吴青,WQ,11549
王桥,WQ,11550
吴茜,WQ,11551
温清,WQ,11552
文泉,WQ,11553
魏茜,WQ,11554
王勤,WQ,11555
王奇,WQ,11556
魏庆彪,WQB,11557
温清彪,WQB,11558
吴其彪,WQB,11559
吴其才,WQC,11560
王清晨,WQC,11561
吴青彩,WQC,11562
王庆德,WQD,11563
王奇独任,WQDR,11564
吴清华,WQH,11565
魏庆辉,WQH,11566
王清华,WQH,11567
王庆和,WQH,11568
王清江,WQJ,11569
沃确吉,WQJ,11570
王麒锟,WQK,11571
王琪琳,WQL,11572
王秋林,WQL,11573
未青龙,WQL,11574
韦群玲,WQL,11575
王庆林,WQL,11576
瓦其拉博,WQLB,11577
瓦其拉搏,WQLB,11578
王谦梅,WQM,11579
王庆平,WQP,11580
吴清平,WQP,11581
王桥坡,WQP,11582
王琼琼,WQQ,11583
吴清琪,WQQ,11584
吴沁泉,WQQ,11585
王清清,WQQ,11586
王清然,WQR,11587
王清松,WQS,11588
王庆生,WQS,11589
吴启燊,WQS,11590
吴青松,WQS,11591
吴清树,WQS,11592
韦庆涛,WQT,11593
王清涛,WQT,11594
魏庆伟,WQW,11595
王庆文,WQW,11596
汪晴霞,WQX,11597
汪庆新,WQX,11598
韦钦献,WQX,11599
王秋霞,WQX,11600
王全莹,WQY,11601
王琪玉,WQY,11602
王琦源,WQY,11603
王群英,WQY,11604
吴庆锥,WQZ,11605
王全忠,WQZ,11606
吴睿,WR,11607
王蕊,WR,11608
王锐,WR,11609
王冉,WR,11610
王睿,WR,11611
王荣,WR,11612
万蕊,WR,11613
王茹,WR,11614
王韧,WR,11615
韦瑞东,WRD,11616
王锐德,WRD,11617
王荣富,WRF,11618
吴瑞峰,WRF,11619
王荣国,WRG,11620
王瑞华,WRH,11621
乌日汗,WRH,11622
王荣华,WRH,11623
吴若辉,WRH,11624
王瑞江,WRJ,11625
王瑞菊,WRJ,11626
王汝景,WRJ,11627
王荣江,WRJ,11628
王瑞君,WRJ,11629
翁儒科,WRK,11630
王瑞林,WRL,11631
王荣敏,WRM,11632
王润明,WRM,11633
吴汝青,WRQ,11634
王瑞青,WRQ,11635
王润起,WRQ,11636
吴瑞青,WRQ,11637
武荣强,WRQ,11638
王瑞青陪,WRQP,11639
王瑞蓉,WRR,11640
吴任荣,WRR,11641
吴荣荣,WRR,11642
王瑞瑞,WRR,11643
王若胜,WRS,11644
王若思,WRS,11645
王瑞姝,WRS,11646
文仁寿,WRS,11647
吴润尚,WRS,11648
翁榕伟,WRW,11649
吴荣仙,WRX,11650
王瑞霞,WRX,11651
王荣跃,WRY,11652
吴如玉,WRY,11653
王仁忠,WRZ,11654
王若中,WRZ,11655
王荣竹,WRZ,11656
王爽,WS,11657
吴苏,WS,11658
王升,WS,11659
王松,WS,11660
吴松,WS,11661
王沈,WS,11662
吴爽,WS,11663
王盛,WS,11664
武胜,WS,11665
吴淑,WS,11666
王森,WS,11667
韦帅,WS,11668
万粟,WS,11669
王思,WS,11670
吴树柏,WSB,11671
吴社保,WSB,11672
王素斌,WSB,11673
王胜崇,WSC,11674
王树超,WSC,11675
万世德,WSD,11676
王淑芬,WSF,11677
吴淑芳,WSF,11678
王慎锋,WSF,11679
万胜凡,WSF,11680
汪曙光,WSG,11681
王曙光,WSG,11682
武韶岗,WSG,11683
吴曙光,WSG,11684
吴述红,WSH,11685
吴颂华,WSH,11686
王顺华,WSH,11687
王淑惠,WSH,11688
王绍荟,WSH,11689
王珊红,WSH,11690
魏胜军,WSJ,11691
王树军,WSJ,11692
王绍军,WSJ,11693
吴胜佳,WSJ,11694
王树江,WSJ,11695
王双近,WSJ,11696
王思杰,WSJ,11697
王少珺,WSJ,11698
王胜江,WSJ,11699
温士俊,WSJ,11700
王生计,WSJ,11701
王善军,WSJ,11702
吴仕奎,WSK,11703
王世科,WSK,11704
王顺玲,WSL,11705
王树伦,WSL,11706
吴胜利,WSL,11707
王士玲,WSL,11708
万顺利,WSL,11709
王松林,WSL,11710
王淑美,WSM,11711
王世敏,WSM,11712
吴绍明,WSM,11713
吴淑敏,WSM,11714
魏素梅,WSM,11715
汪绍明,WSM,11716
王树楠,WSN,11717
吴升攀,WSP,11718
王少鹏,WSP,11719
王守平,WSP,11720
吴世平,WSP,11721
韦尚平,WSP,11722
邬思朋,WSP,11723
巫仕平,WSP,11724
王少清,WSQ,11725
王树青,WSQ,11726
王世琼,WSQ,11727
王生强,WSQ,11728
王树清,WSQ,11729
王松琦,WSQ,11730
武圣乾,WSQ,11731
王斯琴,WSQ,11732
吴世琦,WSQ,11733
王诗琪,WSQ,11734
温少卿,WSQ,11735
吴少瑞,WSR,11736
吴珊榕,WSR,11737
王思睿,WSR,11738
韦绍石,WSS,11739
王少山,WSS,11740
韦绍松,WSS,11741
王世山,WSS,11742
王树胜,WSS,11743
王珊珊,WSS,11744
王石莎,WSS,11745
温树森,WSS,11746
万姗姗,WSS,11747
吴寿涛,WST,11748
文姝婷,WST,11749
万粟文,WSW,11750
魏世维,WSW,11751
王胜文,WSW,11752
王盛万,WSW,11753
王善祥,WSX,11754
王仕昕,WSX,11755
王升霞,WSX,11756
王士霞,WSX,11757
王双月,WSY,11758
吴世英,WSY,11759
王时银,WSY,11760
王石柱,WSZ,11761
王拴柱,WSZ,11762
吴帅之,WSZ,11763
王树中,WSZ,11764
王世专,WSZ,11765
王涛,WT,11766
王挺,WT,11767
吴涛,WT,11768
吴恬,WT,11769
吴婷,WT,11770
王婷,WT,11771
韦挺,WT,11772
毋涛,WT,11773
韦廷标,WTB,11774
王通福,WTF,11775
王泰峰,WTF,11776
王廷发,WTF,11777
吴太光,WTG,11778
吴天华,WTH,11779
王天皓,WTH,11780
王铁杰,WTJ,11781
王天家,WTJ,11782
王铁军,WTJ,11783
韦通进,WTJ,11784
王天江,WTJ,11785
武天民,WTM,11786
吴铁梅,WTM,11787
翁添平,WTP,11788
汪太平,WTP,11789
王廷琼,WTQ,11790
王铁山,WTS,11791
吴太松,WTS,11792
吴堂胜,WTS,11793
王婷婷,WTT,11794
吴彤彤,WTT,11795
王廷涛,WTT,11796
王廷武,WTW,11797
王同威,WTW,11798
王廷学,WTX,11799
王天余,WTY,11800
王廷印,WTY,11801
吴腾英,WTY,11802
魏炜,WW,11803
王蔚,WW,11804
王伟,WW,11805
王文,WW,11806
伍威,WW,11807
吴文,WW,11808
王卫,WW,11809
魏玮,WW,11810
韦炜,WW,11811
吴为,WW,11812
王威,WW,11813
吴玮,WW,11814
王武,WW,11815
武文,WW,11816
危唯,WW,11817
王巍,WW,11818
王玮,WW,11819
王为,WW,11820
温文,WW,11821
魏武,WW,11822
卫伟,WW,11823
吴薇,WW,11824
王炜,WW,11825
魏伟,WW,11826
王雯,WW,11827
吴卫,WW,11828
吴伟,WW,11829
魏微,WW,11830
吴卫兵,WWB,11831
吴文波,WWB,11832
吴万春,WWC,11833
王卫东,WWD,11834
王晚东,WWD,11835
韦卫东,WWD,11836
王维东,WWD,11837
吴卫东,WWD,11838
魏伟独任,WWDR,11839
王巍独任,WWDR,11840
王维芳,WWF,11841
魏文果,WWG,11842
王文阁,WWG,11843
王伟刚,WWG,11844
王文革,WWG,11845
王文华,WWH,11846
王文浩,WWH,11847
汪卫军,WWJ,11848
王文军,WWJ,11849
王文娟,WWJ,11850
吴婉瑾,WWJ,11851
王文君,WWJ,11852
王伟俊,WWJ,11853
王文杰,WWJ,11854
吴王杰,WWJ,11855
温文凯,WWK,11856
王伟侃,WWK,11857
王伟良,WWL,11858
吴文亮,WWL,11859
吴文龙,WWL,11860
王文禄,WWL,11861
吴文利,WWL,11862
魏文龙,WWL,11863
韦文雷,WWL,11864
吴巍立,WWL,11865
吴文良,WWL,11866
王卫民,WWM,11867
韦文明,WWM,11868
吴为满,WWM,11869
王万平,WWP,11870
邬伟平,WWP,11871
王文荣,WWR,11872
吴文生,WWS,11873
万文胜,WWS,11874
魏文涛,WWT,11875
王为伟,WWW,11876
王薇薇,WWW,11877
邬伟文,WWW,11878
王伟文,WWW,11879
吴文伟,WWW,11880
王伟霞,WWX,11881
王伟轩,WWX,11882
王维新,WWX,11883
王文燕,WWY,11884
王万钰,WWY,11885
王文艳,WWY,11886
吴文州,WWZ,11887
韦霞,WX,11888
王欣,WX,11889
汪霞,WX,11890
魏鑫,WX,11891
王旭,WX,11892
文溪,WX,11893
王勋,WX,11894
王霞,WX,11895
王翔,WX,11896
伍翔,WX,11897
王小,WX,11898
王璇,WX,11899
王鑫,WX,11900
王兴,WX,11901
吴心,WX,11902
文鑫,WX,11903
翁栩,WX,11904
闻晓,WX,11905
王絮,WX,11906
王晓,WX,11907
吴翔,WX,11908
王雪,WX,11909
王秀,WX,11910
温欣,WX,11911
韦星,WX,11912
魏兴,WX,11913
吴晓,WX,11914
王歆,WX,11915
万锌,WX,11916
王骁,WX,11917
吴象,WX,11918
武喜安,WXA,11919
王晓彬,WXB,11920
王晓波,WXB,11921
王秀斌,WXB,11922
王希宝,WXB,11923
王小彪,WXB,11924
万晓斌,WXB,11925
王小波,WXB,11926
温学斌,WXB,11927
吴贤奔,WXB,11928
王兴成,WXC,11929
王晓锤,WXC,11930
汪筱初,WXC,11931
王孝春,WXC,11932
万选才,WXC,11933
王晓迟,WXC,11934
吴晓春,WXC,11935
吴小嫦,WXC,11936
吴旭东,WXD,11937
王旭东,WXD,11938
王小东,WXD,11939
武兴东,WXD,11940
王晓东,WXD,11941
王学德,WXD,11942
王学东,WXD,11943
吴旭峰,WXF,11944
王锡福,WXF,11945
王晓方,WXF,11946
汪小峰,WXF,11947
吴希凤,WXF,11948
王秀芬,WXF,11949
吴雪峰,WXF,11950
王雪飞,WXF,11951
王雪峰,WXF,11952
王晓峰,WXF,11953
伍晓峰,WXF,11954
王学峰,WXF,11955
吴雪芬,WXF,11956
王旭光,WXG,11957
王兴刚,WXG,11958
王新刚,WXG,11959
王晓光,WXG,11960
王学功,WXG,11961
王熙贵,WXG,11962
万小刚,WXG,11963
吴希根,WXG,11964
王晓钢,WXG,11965
王秀会,WXH,11966
吴先慧,WXH,11967
吴祥华,WXH,11968
王晓华,WXH,11969
王晓虹,WXH,11970
王响槐,WXH,11971
王兴华,WXH,11972
王兴鹤,WXH,11973
王小辉,WXH,11974
闻晓红,WXH,11975
王晓红,WXH,11976
王晓辉,WXH,11977
王锡怀,WXH,11978
邬向晖,WXH,11979
魏小欢,WXH,11980
吴晓慧,WXH,11981
王旭辉,WXH,11982
王秀华,WXH,11983
王新华,WXH,11984
王啸鸿,WXH,11985
吴晓晖,WXH,11986
王新恒,WXH,11987
万新华,WXH,11988
王学辉,WXH,11989
王秀红,WXH,11990
王小红,WXH,11991
魏兴君,WXJ,11992
万晓佳,WXJ,11993
王晓君,WXJ,11994
万小江,WXJ,11995
吴晓佳,WXJ,11996
王晓娟,WXJ,11997
王湘君,WXJ,11998
王学军,WXJ,11999
王小坚,WXJ,12000
王小佳,WXJ,12001
王新科,WXK,12002
吴序开,WXK,12003
王雪康,WXK,12004
吴新林,WXL,12005
魏新来,WXL,12006
王晓立,WXL,12007
吴雪恋,WXL,12008
吴小玲,WXL,12009
王小玲,WXL,12010
吴孝丽,WXL,12011
王晓露,WXL,12012
汪雪莲,WXL,12013
王秀莲,WXL,12014
王秀利,WXL,12015
王晓玲,WXL,12016
吴晓玲,WXL,12017
武绪良,WXL,12018
万相林,WXL,12019
王兴龙,WXL,12020
王晓龙,WXL,12021
王晓岚,WXL,12022
王小木,WXM,12023
王学敏,WXM,12024
王锡梅,WXM,12025
韦晓明,WXM,12026
吴雪梅,WXM,12027
吴兴民,WXM,12028
王小梅,WXM,12029
王欣美,WXM,12030
王晓明,WXM,12031
魏兴梅,WXM,12032
王晓梅,WXM,12033
王先美,WXM,12034
武小明,WXM,12035
温晓明,WXM,12036
王宪某,WXM,12037
汪学某,WXM,12038
吴雪梅担,WXMD,12039
王潇凝,WXN,12040
魏晓娜,WXN,12041
王晓宁,WXN,12042
王向南,WXN,12043
王霞陪,WXP,12044
韦晓萍,WXP,12045
王新平,WXP,12046
吴雪萍,WXP,12047
王晓鹏,WXP,12048
王先萍,WXP,12049
翁夏平,WXP,12050
王小强,WXQ,12051
王秀琴,WXQ,12052
吴小桥,WXQ,12053
韦雪晴,WXQ,12054
王许强,WXQ,12055
王晓清,WXQ,12056
王学庆,WXQ,12057
王晓庆,WXQ,12058
吴晓蓉,WXR,12059
王小荣,WXR,12060
王晓荣,WXR,12061
王晓瑞,WXR,12062
温小荣,WXR,12063
王晓蓉,WXR,12064
王小荣担,WXRD,12065
王晓姝,WXS,12066
王小生,WXS,12067
伍新声,WXS,12068
吴小水,WXS,12069
王旭生,WXS,12070
王小四,WXS,12071
魏雪松,WXS,12072
汪湘涛,WXT,12073
王晓婷,WXT,12074
王秀文,WXW,12075
王修文,WXW,12076
魏晓伟,WXW,12077
温晓雯,WXW,12078
王欣慰,WXW,12079
王啸霄,WXX,12080
王晓翔,WXX,12081
温晓霞,WXX,12082
魏筱霞,WXX,12083
王晓璇,WXX,12084
王向霞,WXX,12085
王学献,WXX,12086
吴兴香,WXX,12087
王新宇,WXY,12088
王欣元,WXY,12089
吴晓燕,WXY,12090
吴雪源,WXY,12091
魏祥英,WXY,12092
翁欣宇,WXY,12093
吴向阳,WXY,12094
伍希永,WXY,12095
王晓莹,WXY,12096
韦肖依,WXY,12097
王行云,WXY,12098
汪学勇,WXY,12099
魏小玥,WXY,12100
王新亚,WXY,12101
王晓妍,WXY,12102
王星元,WXY,12103
王翔宇,WXY,12104
汪小琰,WXY,12105
王小勇,WXY,12106
韦潇轶,WXY,12107
魏晓彦,WXY,12108
王潇雨,WXY,12109
卫翔宇,WXY,12110
王晓燕,WXY,12111
王小云,WXY,12112
王心阳,WXY,12113
王旭耀,WXY,12114
卫现印,WXY,12115
吴秀英,WXY,12116
魏旭妍,WXY,12117
温雪燕,WXY,12118
吴兴元,WXY,12119
伍晓侦,WXZ,12120
王欣哲,WXZ,12121
王小正,WXZ,12122
武新柱,WXZ,12123
王小忠,WXZ,12124
吴宣肇,WXZ,12125
王小珍,WXZ,12126
王学周,WXZ,12127
王先志,WXZ,12128
王燕,WY,12129
吴奕,WY,12130
王毅,WY,12131
王勇,WY,12132
吴洋,WY,12133
王允,WY,12134
王垚,WY,12135
王英,WY,12136
王艳,WY,12137
吴艳,WY,12138
魏影,WY,12139
文彦,WY,12140
王洋,WY,12141
王云,WY,12142
吴毅,WY,12143
王岩,WY,12144
王雁,WY,12145
王友,WY,12146
汪焱,WY,12147
王永,WY,12148
王妍,WY,12149
吴远,WY,12150
文云,WY,12151
魏义,WY,12152
文跃,WY,12153
文耀,WY,12154
文钰,WY,12155
王媛,WY,12156
王颖,WY,12157
汪毅,WY,12158
王野,WY,12159
王钰,WY,12160
魏颖,WY,12161
王莹,WY,12162
王游,WY,12163
吴云,WY,12164
王杨,WY,12165
王椰,WY,12166
王瑶,WY,12167
王营,WY,12168
王玉,WY,12169
王月,WY,12170
王晔,WY,12171
王引,WY,12172
王逸,WY,12173
汪艳,WY,12174
汪永,WY,12175
宛燕,WY,12176
吴永,WY,12177
王芸,WY,12178
吴应,WY,12179
王彦,WY,12180
王研,WY,12181
王雨,WY,12182
王艺,WY,12183
王烨,WY,12184
王映,WY,12185
吴宇,WY,12186
文勇,WY,12187
王玉爱,WYA,12188
王彦波,WYB,12189
王雅冰,WYB,12190
韦永波,WYB,12191
王燕波,WYB,12192
王椰波,WYB,12193
王亚标,WYB,12194
王永彬,WYB,12195
王艺博,WYB,12196
吴炎冰,WYB,12197
文跃兵,WYB,12198
王源冰,WYB,12199
王永成,WYC,12200
王延成,WYC,12201
温永才,WYC,12202
王宇辰,WYC,12203
王云超,WYC,12204
王英驰,WYC,12205
王艳超,WYC,12206
王永才,WYC,12207
王迎春,WYC,12208
王元春,WYC,12209
吴阳晨,WYC,12210
吴一东,WYD,12211
王跃东,WYD,12212
王玥丹,WYD,12213
王亚东,WYD,12214
王乙丁,WYD,12215
宛燕独任,WYDR,12216
文勇独任,WYDR,12217
吴永芳,WYF,12218
万云凤,WYF,12219
王永峰,WYF,12220
汪运峰,WYF,12221
王彦沣,WYF,12222
魏延芬,WYF,12223
王云峰,WYF,12224
吴亚峰,WYF,12225
王月峰,WYF,12226
王永刚,WYG,12227
王永革,WYG,12228
吴永光,WYG,12229
王月高,WYG,12230
邬耀广,WYG,12231
王有贵,WYG,12232
王宜贵,WYG,12233
王艳华,WYH,12234
王友海,WYH,12235
王银环,WYH,12236
王永洪,WYH,12237
魏永洪,WYH,12238
王永红,WYH,12239
王延红,WYH,12240
王英海,WYH,12241
王艳红,WYH,12242
王艺涵,WYH,12243
王一辉,WYH,12244
王莹华,WYH,12245
王尧华,WYH,12246
吴迎辉,WYH,12247
王跃华,WYH,12248
王玉红,WYH,12249
王延江,WYJ,12250
王跃军,WYJ,12251
王毅军,WYJ,12252
吴玉姣,WYJ,12253
吴耀军,WYJ,12254
韦有杰,WYJ,12255
王雅江,WYJ,12256
王玉杰,WYJ,12257
王艳君,WYJ,12258
韦云娟,WYJ,12259
王雅君,WYJ,12260
王拥军,WYJ,12261
王永军,WYJ,12262
翁玉江,WYJ,12263
吴雨键,WYJ,12264
吴玉军,WYJ,12265
卫应举,WYJ,12266
王雨君,WYJ,12267
王玉建,WYJ,12268
吴勇金,WYJ,12269
王英杰,WYJ,12270
吴一军,WYJ,12271
王玉江,WYJ,12272
王彦军,WYJ,12273
王于凯,WYK,12274
王永库,WYK,12275
吴玉琳,WYL,12276
王友兰,WYL,12277
吴玉龙,WYL,12278
王玉林,WYL,12279
汪悦龙,WYL,12280
王艳丽,WYL,12281
王永林,WYL,12282
王永仑,WYL,12283
王亚利,WYL,12284
王亚林,WYL,12285
卫玉兰,WYL,12286
王艳玲,WYL,12287
王勇林,WYL,12288
王育龙,WYL,12289
魏言莉,WYL,12290
王彦力,WYL,12291
韦云龙,WYL,12292
汪永莲,WYL,12293
魏永立,WYL,12294
温云兰,WYL,12295
王永亮,WYL,12296
武应龙,WYL,12297
翁玉莲,WYL,12298
伍玉联,WYL,12299
王亚明,WYM,12300
王优明,WYM,12301
王咏梅,WYM,12302
王亚梅,WYM,12303
温英明,WYM,12304
王跃民,WYM,12305
文亚苗,WYM,12306
王玉梅,WYM,12307
王艳敏,WYM,12308
王亚敏,WYM,12309
王远蒙,WYM,12310
王亚南,WYN,12311
王燕妮,WYN,12312
吴月妮,WYN,12313
吴永宁,WYN,12314
王延平,WYP,12315
王亚平,WYP,12316
王亚萍,WYP,12317
王艳平,WYP,12318
韦亚平,WYP,12319
武永萍,WYP,12320
汪云鹏,WYP,12321
王银平,WYP,12322
王玉平,WYP,12323
王银泉,WYQ,12324
王永前,WYQ,12325
王燕群,WYQ,12326
王英其,WYQ,12327
吴艳清,WYQ,12328
吴云青,WYQ,12329
文耀全,WYQ,12330
王永强,WYQ,12331
王永清,WYQ,12332
万裕庆,WYQ,12333
王永仁,WYR,12334
王艳茹,WYR,12335
王艳荣,WYR,12336
王雅双,WYS,12337
吴耀胜,WYS,12338
王永收,WYS,12339
文玉舒,WYS,12340
王义树,WYS,12341
温宇顺,WYS,12342
吴云山,WYS,12343
汪有生,WYS,12344
王玉亭,WYT,12345
吴幼涛,WYT,12346
王永堂,WYT,12347
吴远涛,WYT,12348
王业太,WYT,12349
王耀庭,WYT,12350
吴玉婷,WYT,12351
王延涛,WYT,12352
王耀文,WYW,12353
王亦武,WYW,12354
王彦武,WYW,12355
韦益万,WYW,12356
王永新,WYX,12357
王玉霞,WYX,12358
王佑勋,WYX,12359
王玥鑫,WYX,12360
王艺璇,WYX,12361
魏永耀,WYY,12362
温玉燕,WYY,12363
王元元,WYY,12364
温奕弋,WYY,12365
王永毅,WYY,12366
王艺谕,WYY,12367
吴雨雁,WYY,12368
魏岩岩,WYY,12369
吴云益,WYY,12370
王义尧,WYY,12371
王永彦,WYY,12372
王亚亚,WYY,12373
王元章,WYZ,12374
吴英姿,WYZ,12375
王永周,WYZ,12376
韦银珠,WYZ,12377
王玉洲,WYZ,12378
魏衍兆,WYZ,12379
王韵珍,WYZ,12380
王哲,WZ,12381
汪早,WZ,12382
王昭,WZ,12383
吴忠,WZ,12384
王卓,WZ,12385
王震,WZ,12386
魏峥,WZ,12387
王治,WZ,12388
吴志,WZ,12389
文招,WZ,12390
王中,WZ,12391
王征,WZ,12392
王湛,WZ,12393
吴泽,WZ,12394
吴振,WZ,12395
吴仲,WZ,12396
王忠,WZ,12397
韦政,WZ,12398
王在,WZ,12399
汪泽,WZ,12400
王志,WZ,12401
王致岸,WZA,12402
吴泽标,WZB,12403
王之成,WZC,12404
王志成,WZC,12405
王志晨,WZC,12406
韦正德,WZD,12407
王忠达,WZD,12408
王正道,WZD,12409
王志锋,WZF,12410
汪早发,WZF,12411
王作范,WZF,12412
魏振福,WZF,12413
王振芳,WZF,12414
王振峰,WZF,12415
王振芳担,WZFD,12416
王正刚,WZG,12417
吴志广,WZG,12418
王振国,WZG,12419
吴正刚,WZG,12420
吴志国,WZG,12421
王智刚,WZG,12422
吴之国,WZG,12423
王志刚,WZG,12424
王振辉,WZH,12425
魏振海,WZH,12426
王志宏,WZH,12427
王政红,WZH,12428
王祖华,WZH,12429
吴智慧,WZH,12430
王兆辉,WZH,12431
王志洪,WZH,12432
王宅华,WZH,12433
卫志海,WZH,12434
王智慧,WZH,12435
王增娟,WZJ,12436
王在娟,WZJ,12437
王昭锦,WZJ,12438
王照军,WZJ,12439
王忠江,WZJ,12440
王兆江,WZJ,12441
汪增杰,WZJ,12442
王子娟,WZJ,12443
吴志坚,WZJ,12444
王志坚,WZJ,12445
王志琨,WZK,12446
吴章科,WZK,12447
王周奎,WZK,12448
吴振科,WZK,12449
尉增奎,WZK,12450
韦中利,WZL,12451
王长林,WZL,12452
王中亮,WZL,12453
王志良,WZL,12454
汪漳龙,WZL,12455
王子良,WZL,12456
王振路,WZL,12457
王知礼,WZL,12458
吴仲雷,WZL,12459
吴忠烈,WZL,12460
王志立,WZL,12461
万自力,WZL,12462
王哲磊,WZL,12463
吴兆明,WZM,12464
吴兆敏,WZM,12465
汪至美,WZM,12466
吴转明,WZM,12467
王中明,WZM,12468
王战梅,WZM,12469
吴志明,WZM,12470
王志敏,WZM,12471
王正梅,WZM,12472
王祖宁,WZN,12473
王忠平,WZP,12474
王志平,WZP,12475
吴樟平,WZP,12476
吴芝屏,WZP,12477
王子祺,WZQ,12478
王召庆,WZQ,12479
万长全,WZQ,12480
王志权,WZQ,12481
吴正勤,WZQ,12482
王长庆,WZQ,12483
汪振琦,WZQ,12484
吴竹琴,WZQ,12485
吴子千,WZQ,12486
王志强,WZQ,12487
王正琦,WZQ,12488
王征强,WZQ,12489
王卓钦,WZQ,12490
王转琴,WZQ,12491
吴祖荣,WZR,12492
王作仁,WZR,12493
王宗冉,WZR,12494
王中森,WZS,12495
吴忠胜,WZS,12496
王长松,WZS,12497
王治武,WZW,12498
吴长文,WZW,12499
吴卓文,WZW,12500
王子伟,WZW,12501
王忠文,WZW,12502
吴中伟,WZW,12503
吴长鑫,WZX,12504
王忠喜,WZX,12505
吴正先,WZX,12506
吴政喜,WZX,12507
吴卓贤,WZX,12508
魏占学,WZX,12509
王志雄,WZX,12510
邬朝霞,WZX,12511
王志勇,WZY,12512
王占元,WZY,12513
王竹云,WZY,12514
王振玉,WZY,12515
王泽琰,WZY,12516
王振宇,WZY,12517
吴长银,WZY,12518
吴志勇,WZY,12519
王正艳,WZY,12520
汪智勇,WZY,12521
王忠燕,WZY,12522
韦子弋,WZY,12523
王智勇,WZY,12524
王振远,WZY,12525
吴泽义,WZY,12526
王中义,WZY,12527
王桢煜,WZY,12528
吴遵玉,WZY,12529
王贞贞,WZZ,12530
王长在,WZZ,12531
王战资,WZZ,12532
吴周子,WZZ,12533
吴振忠,WZZ,12534
夏爱福,XAF,12535
徐爱华,XAH,12536
徐爱江,XAJ,12537
席爱军,XAJ,12538
徐爱民,XAM,12539
夏安平,XAP,12540
肖爱平,XAP,12541
谢斌,XB,12542
徐波,XB,12543
肖兵,XB,12544
徐兵,XB,12545
谢彪,XB,12546
徐斌,XB,12547
许斌,XB,12548
邢博,XB,12549
胥斌,XB,12550
许兵,XB,12551
席兵,XB,12552
夏冰,XB,12553
许冰,XB,12554
肖必春,XBC,12555
辛宝峰,XBF,12556
辛保国,XBG,12557
许柏刚,XBG,12558
许炳辉,XBH,12559
谢宝红,XBH,12560
向北海,XBH,12561
肖本罗,XBL,12562
徐宝芹,XBQ,12563
谢保伟,XBW,12564
谢碑养,XBY,12565
徐蓓姿,XBZ,12566
肖川,XC,12567
许春,XC,12568
许车,XC,12569
谢春,XC,12570
徐翠,XC,12571
许纯,XC,12572
徐诚,XC,12573
许承,XC,12574
许晟,XC,12575
徐畅,XC,12576
夏参,XC,12577
徐楚楚,XCC,12578
谢长城,XCC,12579
徐传曾,XCC,12580
徐朝峰,XCF,12581
熊昌华,XCH,12582
谢传江,XCJ,12583
谢长江,XCJ,12584
徐昶洁,XCJ,12585
薛春江,XCJ,12586
许春里,XCL,12587
夏春林,XCL,12588
谢椿岚,XCL,12589
徐常禄,XCL,12590
谢椿岚担,XCLD,12591
肖昌明,XCM,12592
谢春名,XCM,12593
谢春明,XCM,12594
熊彩平,XCP,12595
薛春平,XCP,12596
许传伟,XCW,12597
许成信,XCX,12598
夏辰雪,XCX,12599
徐彩仙,XCX,12600
徐陈燕,XCY,12601
邢成宇,XCY,12602
冼春瑜,XCY,12603
徐翠英,XCY,12604
肖传英,XCY,12605
薛传耀,XCY,12606
徐春艳,XCY,12607
徐丹,XD,12608
肖笛,XD,12609
徐东,XD,12610
谢栋,XD,12611
许迪,XD,12612
徐德,XD,12613
修冬,XD,12614
徐栋,XD,12615
徐德彬,XDB,12616
肖东成,XDC,12617
肖德昌,XDC,12618
徐东独任,XDDR,12619
谢定飞,XDF,12620
谢德华,XDH,12621
许道恒,XDH,12622
谢登虎,XDH,12623
许东俊,XDJ,12624
徐大利,XDL,12625
徐德林,XDL,12626
许冬梅,XDM,12627
徐东庆,XDQ,12628
谢冬泉,XDQ,12629
熊德全,XDQ,12630
谢冬泉担,XDQD,12631
熊多寿,XDS,12632
徐德文,XDW,12633
谢德武,XDW,12634
徐德新,XDX,12635
许德兴,XDX,12636
徐冬云,XDY,12637
徐冬颖,XDY,12638
谢恩标,XEB,12639
徐二海,XEH,12640
徐枫,XF,12641
夏芳,XF,12642
徐锋,XF,12643
薛菲,XF,12644
谢非,XF,12645
幸福,XF,12646
薛峰,XF,12647
徐芳,XF,12648
谢福,XF,12649
徐富,XF,12650
许枫,XF,12651
肖复春,XFC,12652
谢凤德,XFD,12653
徐芳独任,XFDR,12654
徐菲菲,XFF,12655
谢飞飞,XFF,12656
徐芳芳,XFF,12657
徐翻翻,XFF,12658
向芳洪,XFH,12659
徐福君,XFJ,12660
薛繁金,XFJ,12661
向丰军,XFJ,12662
肖福林,XFL,12663
谢福明,XFM,12664
谢飞梦,XFM,12665
薛付奇,XFQ,12666
向福生,XFS,12667
徐飞燕,XFY,12668
谢福志,XFZ,12669
肖国,XG,12670
邢刚,XG,12671
肖刚,XG,12672
徐嘎,XG,12673
谢纲,XG,12674
许钢,XG,12675
熊官,XG,12676
向官,XG,12677
谢耿,XG,12678
许国,XG,12679
徐国,XG,12680
信国成,XGC,12681
许桂发,XGF,12682
薛国锋,XGF,12683
徐根法,XGF,12684
向刚华,XGH,12685
许广慧,XGH,12686
许国键,XGJ,12687
徐高建,XGJ,12688
谢国莉,XGL,12689
谢光良,XGL,12690
肖光亮,XGL,12691
谢国美,XGM,12692
谢谷平,XGP,12693
徐国平,XGP,12694
许国强,XGQ,12695
徐国泉,XGQ,12696
熊官伟,XGW,12697
徐广显,XGX,12698
向官小,XGX,12699
肖国献,XGX,12700
徐国新,XGX,12701
谢国泫,XGX,12702
夏桂勇,XGY,12703
徐贵勇,XGY,12704
谢洪,XH,12705
徐莟,XH,12706
徐虹,XH,12707
肖洪,XH,12708
肖虹,XH,12709
谢鸿,XH,12710
徐浩,XH,12711
徐惠,XH,12712
谢虎,XH,12713
肖鹤,XH,12714
向晖,XH,12715
肖涵,XH,12716
徐辉,XH,12717
向宏,XH,12718
谢华,XH,12719
向红,XH,12720
徐洪,XH,12721
夏晖,XH,12722
辛华,XH,12723
徐海,XH,12724
许红,XH,12725
向华,XH,12726
肖红,XH,12727
徐虎,XH,12728
向辉,XH,12729
肖宏,XH,12730
肖海,XH,12731
郗鹤,XH,12732
肖红兵,XHB,12733
熊华滨,XHB,12734
薛红兵,XHB,12735
肖红兵担,XHBD,12736
徐洪川,XHC,12737
熊华东,XHD,12738
许浩丰,XHF,12739
郗鹤峰,XHF,12740
徐海峰,XHF,12741
徐海根,XHG,12742
许海虹,XHH,12743
谢红辉,XHH,12744
徐海红,XHH,12745
宣欢欢,XHH,12746
徐宏杰,XHJ,12747
肖海军,XHJ,12748
徐红军,XHJ,12749
肖汉江,XHJ,12750
徐慧娟,XHJ,12751
徐豪剑,XHJ,12752
许海军,XHJ,12753
许海莲,XHL,12754
徐惠明,XHM,12755
薛焕梅,XHM,12756
夏恒普,XHP,12757
谢慧萍,XHP,12758
谢华强,XHQ,12759
徐怀钦,XHQ,12760
徐浩然,XHR,12761
谢慧文,XHW,12762
徐宏向,XHX,12763
肖红星,XHX,12764
徐会霞,XHX,12765
邢惠心,XHX,12766
徐辉云,XHY,12767
夏海洋,XHY,12768
熊焕英,XHY,12769
许鸿源,XHY,12770
冼海英,XHY,12771
肖慧元,XHY,12772
徐红艳,XHY,12773
肖华云,XHY,12774
薛红岩,XHY,12775
谢红艳,XHY,12776
夏怀忠,XHZ,12777
许嘉,XJ,12778
徐杰,XJ,12779
席俊,XJ,12780
许军,XJ,12781
向娟,XJ,12782
谢健,XJ,12783
谢静,XJ,12784
肖俊,XJ,12785
许金,XJ,12786
徐洁,XJ,12787
谢洁,XJ,12788
夏瑾,XJ,12789
夏简,XJ,12790
徐进,XJ,12791
许建,XJ,12792
邢杰,XJ,12793
徐剑,XJ,12794
熊军,XJ,12795
许静,XJ,12796
薛姣,XJ,12797
徐静,XJ,12798
徐娟,XJ,12799
徐骏,XJ,12800
许娟,XJ,12801
徐见,XJ,12802
项金,XJ,12803
徐佼,XJ,12804
许健,XJ,12805
谢军,XJ,12806
薛景,XJ,12807
谢建,XJ,12808
徐军,XJ,12809
许俭,XJ,12810
许剑,XJ,12811
谢晶,XJ,12812
徐建斌,XJB,12813
徐锦碧,XJB,12814
许景波,XJB,12815
徐静波,XJB,12816
许建兵,XJB,12817
徐见兵,XJB,12818
项金措,XJC,12819
许金成,XJC,12820
徐杰丰,XJF,12821
谢剑峰,XJF,12822
奚建峰,XJF,12823
肖建国,XJG,12824
肖嘉国,XJG,12825
辛吉贵,XJG,12826
徐建国,XJG,12827
许敬刚,XJG,12828
谢建华,XJH,12829
辛吉辉,XJH,12830
肖建宏,XJH,12831
肖菊华,XJH,12832
薛九建,XJJ,12833
徐娇君,XJJ,12834
徐建军,XJJ,12835
谢建军,XJJ,12836
奚俊杰,XJJ,12837
许佳丽,XJL,12838
肖建龙,XJL,12839
邢瑾璘,XJL,12840
谢加利,XJL,12841
肖吉亮,XJL,12842
肖建梅,XJM,12843
徐俊美,XJM,12844
肖剑明,XJM,12845
肖久明,XJM,12846
许建敏,XJM,12847
薛继平,XJP,12848
许剑萍,XJP,12849
许军萍,XJP,12850
邢坚平,XJP,12851
徐金平,XJP,12852
徐建钦,XJQ,12853
徐俊乾,XJQ,12854
幸金球,XJQ,12855
肖继强,XJQ,12856
徐建琴,XJQ,12857
徐建钦陪,XJQP,12858
谢静任,XJR,12859
徐金荣,XJR,12860
徐俊荣,XJR,12861
肖坚盛,XJS,12862
夏金廷,XJT,12863
徐建伟,XJW,12864
邢建武,XJW,12865
谢建勋,XJX,12866
肖俊曦,XJX,12867
徐静霞,XJX,12868
夏继亚,XJY,12869
徐建宇,XJY,12870
香劲元,XJY,12871
徐建勇,XJY,12872
夏建英,XJY,12873
徐敬勇,XJY,12874
谢健宇,XJY,12875
徐加玉,XJY,12876
谢锦忠,XJZ,12877
谢建洲,XJZ,12878
夏科,XK,12879
薛凯,XK,12880
夏魁,XK,12881
肖康,XK,12882
徐坤,XK,12883
徐克兵,XKB,12884
徐坤林,XKL,12885
夏魁利,XKL,12886
邢柯玲,XKL,12887
徐开敏,XKM,12888
徐科研,XKY,12889
徐开志,XKZ,12890
肖坤赞,XKZ,12891
许连,XL,12892
向练,XL,12893
许玲,XL,12894
项雷,XL,12895
薛灵,XL,12896
谢力,XL,12897
徐莉,XL,12898
薛莲,XL,12899
薛玲,XL,12900
肖丽,XL,12901
鲜林,XL,12902
徐丽,XL,12903
谢磊,XL,12904
熊柳,XL,12905
许麟,XL,12906
徐利,XL,12907
谢玲,XL,12908
许丽,XL,12909
徐黎,XL,12910
肖良,XL,12911
许龙,XL,12912
肖露,XL,12913
薛蕾,XL,12914
徐蕾,XL,12915
辛麟,XL,12916
谢琳,XL,12917
徐礼,XL,12918
谢礼彬,XLB,12919
谢林昌,XLC,12920
徐连芬,XLF,12921
肖落根,XLG,12922
徐龙华,XLH,12923
邢利红,XLH,12924
徐立辉,XLH,12925
徐立金,XLJ,12926
徐利军,XLJ,12927
邢黎静,XLJ,12928
薛良军,XLJ,12929
夏立军,XLJ,12930
许立坤,XLK,12931
徐莉莉,XLL,12932
徐利利,XLL,12933
辛立林,XLL,12934
徐露露,XLL,12935
邢亮亮,XLL,12936
徐琳琳,XLL,12937
许丽娜,XLN,12938
夏丽萍,XLP,12939
谢莉萍,XLP,12940
禤立平,XLP,12941
徐丽萍,XLP,12942
徐立强,XLQ,12943
熊柳清,XLQ,12944
向六强,XLQ,12945
西罗曲珍,XLQZ,12946
肖乐生,XLS,12947
熊罗生,XLS,12948
许龙生,XLS,12949
谢烈涛,XLT,12950
谢丽行,XLX,12951
熊丽霞,XLX,12952
肖良玉,XLY,12953
许露阳,XLY,12954
徐丽云,XLY,12955
许良永,XLY,12956
肖丽忠,XLZ,12957
谢乐仲,XLZ,12958
徐明,XM,12959
徐敏,XM,12960
徐梅,XM,12961
徐萌,XM,12962
相明,XM,12963
徐曼,XM,12964
徐闽,XM,12965
潇濛,XM,12966
薛梅,XM,12967
肖迈,XM,12968
夏敏,XM,12969
向敏,XM,12970
徐敏波,XMB,12971
徐敏芳,XMF,12972
夏明丰,XMF,12973
肖明刚,XMG,12974
谢明光,XMG,12975
夏明华,XMH,12976
夏敏诙,XMH,12977
许明举,XMJ,12978
徐明立,XML,12979
徐美玲,XML,12980
徐明敏,XMM,12981
熊美琴,XMQ,12982
谢孟水,XMS,12983
许梦诗,XMS,12984
徐明松,XMS,12985
许木胜,XMS,12986
许明阳,XMY,12987
谢明燕,XMY,12988
徐梅珍,XMZ,12989
谢美珍,XMZ,12990
徐宁,XN,12991
谢凝,XN,12992
肖娜,XN,12993
向宁杰,XNJ,12994
辛乃平,XNP,12995
谢鹏,XP,12996
肖鹏,XP,12997
肖朋,XP,12998
徐沛,XP,12999
肖平,XP,13000
徐萍,XP,13001
肖萍,XP,13002
许鹏,XP,13003
徐普,XP,13004
向鹏飞,XPF,13005
夏平静,XPJ,13006
徐萍丽,XPL,13007
徐培明,XPM,13008
徐琦,XQ,13009
夏强,XQ,13010
谢晴,XQ,13011
肖琦,XQ,13012
薛琼,XQ,13013
西群,XQ,13014
项钦,XQ,13015
徐琼,XQ,13016
幸群,XQ,13017
薛强,XQ,13018
谢强,XQ,13019
向前,XQ,13020
肖清,XQ,13021
徐清岱,XQD,13022
熊其芳,XQF,13023
徐琴芳,XQF,13024
夏俏骅,XQH,13025
徐启宏,XQH,13026
徐茜浩,XQH,13027
徐琼花,XQH,13028
肖庆华,XQH,13029
徐庆海,XQH,13030
项群军,XQJ,13031
谢琼进,XQJ,13032
许勤举,XQJ,13033
谢启明,XQM,13034
夏清明,XQM,13035
许卿卿,XQQ,13036
徐茜茜,XQQ,13037
谢秋荣,XQR,13038
徐其森,XQS,13039
许勤思,XQS,13040
肖青松,XQS,13041
许巧云,XQY,13042
徐清云,XQY,13043
谢取泽,XQZ,13044
肖睿,XR,13045
肖荣,XR,13046
席锐,XR,13047
徐蓉,XR,13048
徐仁斌,XRB,13049
肖若谷,XRG,13050
谢仁光,XRG,13051
徐荣光,XRG,13052
夏日辉,XRH,13053
肖若楼,XRL,13054
徐荣亮,XRL,13055
谢蕊娜,XRN,13056
肖荣武,XRW,13057
徐尚,XS,13058
肖松,XS,13059
向上,XS,13060
谢式,XS,13061
谢松,XS,13062
夏霜,XS,13063
邢朔,XS,13064
邢韶波,XSB,13065
熊三恩,XSE,13066
谢松甫,XSF,13067
谢仕凡,XSF,13068
熊森滚,XSG,13069
肖少光,XSG,13070
徐双桂,XSG,13071
忻盛功,XSG,13072
熊盛贺,XSH,13073
熊树海,XSH,13074
徐素华,XSH,13075
夏少华,XSH,13076
徐时洪,XSH,13077
许淑华,XSH,13078
徐树君,XSJ,13079
徐胜杰,XSJ,13080
肖时军,XSJ,13081
谢式纪,XSJ,13082
辛世杰,XSJ,13083
谢水龙,XSL,13084
薛少林,XSL,13085
薛思林,XSL,13086
徐世亮,XSL,13087
徐松岭,XSL,13088
徐双美,XSM,13089
谢绍平,XSP,13090
肖树平,XSP,13091
谢盛强,XSQ,13092
薛苏蓉,XSR,13093
徐珊珊,XSS,13094
熊胜生,XSS,13095
习少婷,XST,13096
薛树岩,XSY,13097
肖嗣运,XSY,13098
薛善友,XSY,13099
肖少忠,XSZ,13100
肖婷,XT,13101
熊涛,XT,13102
许涛,XT,13103
徐涛,XT,13104
许特,XT,13105
谢添,XT,13106
徐天,XT,13107
夏天,XT,13108
徐天兵,XTB,13109
谢天恩,XTE,13110
熊天飞,XTF,13111
徐唐发,XTF,13112
徐天骅,XTH,13113
许特佳,XTJ,13114
向铁建,XTJ,13115
咸婷婷,XTT,13116
徐天喜,XTX,13117
薛探秀,XTX,13118
谢图友,XTY,13119
肖为,XW,13120
徐巍,XW,13121
徐卫,XW,13122
荀雯,XW,13123
熊伟,XW,13124
熊薇,XW,13125
席伟,XW,13126
谢维,XW,13127
徐文,XW,13128
肖伟,XW,13129
许卫,XW,13130
熊文彪,XWB,13131
徐文波,XWB,13132
谢文春,XWC,13133
谢伟东,XWD,13134
熊卫东,XWD,13135
徐万富,XWF,13136
徐文峰,XWF,13137
薛文华,XWH,13138
席维花,XWH,13139
肖卫红,XWH,13140
谢文浩,XWH,13141
徐文华,XWH,13142
徐文娟,XWJ,13143
谢文军,XWJ,13144
薛文江,XWJ,13145
徐文杰,XWJ,13146
肖文凯,XWK,13147
肖文凯担,XWKD,13148
徐婉琳,XWL,13149
徐文露,XWL,13150
薛武明,XWM,13151
许卫平,XWP,13152
肖伟清,XWQ,13153
许卫琴,XWQ,13154
夏文强,XWQ,13155
肖维琼,XWQ,13156
肖伟群,XWQ,13157
许文生,XWS,13158
谢雯雯,XWW,13159
许文英,XWY,13160
徐卫英,XWY,13161
夏渭云,XWY,13162
徐闻翌,XWY,13163
徐文元,XWY,13164
徐文忠,XWZ,13165
夏娴,XX,13166
谢星,XX,13167
徐晓,XX,13168
熊歆,XX,13169
续新,XX,13170
许祥,XX,13171
熊晓,XX,13172
许新,XX,13173
谢晓,XX,13174
徐兴,XX,13175
夏霞,XX,13176
许小,XX,13177
肖新,XX,13178
夏新波,XXB,13179
徐旭东,XXD,13180
徐向东,XXD,13181
邢学东,XXD,13182
徐晓东,XXD,13183
谢信芳,XXF,13184
徐晓风,XXF,13185
徐祥凤,XXF,13186
徐雪峰,XXF,13187
徐新国,XXG,13188
许新根,XXG,13189
续新国,XXG,13190
许西广,XXG,13191
徐相国,XXG,13192
向兴国,XXG,13193
肖新华,XXH,13194
徐熙豪,XXH,13195
辛先海,XXH,13196
许希抗,XXK,13197
肖锡林,XXL,13198
许小龙,XXL,13199
许晓莉,XXL,13200
夏晓鹂,XXL,13201
许小亮,XXL,13202
许晓琳,XXL,13203
徐秀丽,XXL,13204
徐秀林,XXL,13205
熊秀丽,XXL,13206
邢晓林,XXL,13207
徐晓蕾,XXL,13208
薛喜梅,XXM,13209
徐晓敏,XXM,13210
席秀梅,XXM,13211
邢雪梅,XXM,13212
薛新梅,XXM,13213
熊晓娜,XXN,13214
谢小平,XXP,13215
徐小庆,XXQ,13216
向旭然,XXR,13217
向星燃,XXR,13218
许筱然,XXR,13219
谢小松,XXS,13220
徐小棠,XXT,13221
许雄文,XXW,13222
胥潇文,XXW,13223
许新霞,XXX,13224
徐晓霞,XXX,13225
谢晓晓,XXX,13226
徐旭曦,XXX,13227
徐秀霞,XXX,13228
薛向阳,XXY,13229
许修尧,XXY,13230
肖祥云,XXY,13231
熊晓云,XXY,13232
徐兴友,XXY,13233
向绪勇,XXY,13234
谢希迎,XXY,13235
谢小云,XXY,13236
席晓英,XXY,13237
徐晓阳,XXY,13238
谢新州,XXZ,13239
徐旭征,XXZ,13240
熊晓珠,XXZ,13241
许西洲,XXZ,13242
肖新征,XXZ,13243
许永,XY,13244
熊娅,XY,13245
徐艳,XY,13246
徐燕,XY,13247
徐英,XY,13248
许越,XY,13249
薛勇,XY,13250
徐耀,XY,13251
许滢,XY,13252
信彧,XY,13253
许跃,XY,13254
熊鹰,XY,13255
谢燕,XY,13256
项艳,XY,13257
薛艳,XY,13258
向阳,XY,13259
熊渝,XY,13260
肖鹰,XY,13261
向颖,XY,13262
谢勇,XY,13263
徐园,XY,13264
肖艳,XY,13265
徐岩,XY,13266
许亚,XY,13267
夏燕,XY,13268
谢懿,XY,13269
徐妍,XY,13270
辛燕,XY,13271
肖毅,XY,13272
向云,XY,13273
项援,XY,13274
修瑜,XY,13275
夏艳,XY,13276
轩毅,XY,13277
肖怡,XY,13278
徐勇,XY,13279
谢英,XY,13280
徐源,XY,13281
薛燕,XY,13282
许毅,XY,13283
肖雁,XY,13284
肖永,XY,13285
徐奕,XY,13286
徐焱,XY,13287
相月,XY,13288
许勇,XY,13289
徐云,XY,13290
谢玉,XY,13291
谢云,XY,13292
徐翼,XY,13293
熊熠,XY,13294
邢亚彬,XYB,13295
许元斌,XYB,13296
先元彬,XYB,13297
许育斌,XYB,13298
许越骋,XYC,13299
徐以聪,XYC,13300
徐钰城,XYC,13301
谢云春,XYC,13302
辛以春,XYC,13303
许迎春,XYC,13304
谢燕丹,XYD,13305
薛印端,XYD,13306
谢煜枫,XYF,13307
徐远峰,XYF,13308
谢毅飞,XYF,13309
肖艳芳,XYF,13310
肖永富,XYF,13311
辛月华,XYH,13312
肖玉华,XYH,13313
徐育华,XYH,13314
许业华,XYH,13315
肖永红,XYH,13316
许艳华,XYH,13317
夏燕华,XYH,13318
冼毅华,XYH,13319
徐芸海,XYH,13320
辛雨静,XYJ,13321
谢裕江,XYJ,13322
熊英俊,XYJ,13323
向云俊,XYJ,13324
熊远晶,XYJ,13325
肖英杰,XYJ,13326
徐玉杰,XYJ,13327
谢耀军,XYJ,13328
许焱焜,XYK,13329
肖奕昆,XYK,13330
徐迎来,XYL,13331
徐亚利,XYL,13332
谢永林,XYL,13333
徐艳龙,XYL,13334
肖玉玲,XYL,13335
夏远亮,XYL,13336
许英美,XYM,13337
许永民,XYM,13338
邢亚明,XYM,13339
许有苗,XYM,13340
项永明,XYM,13341
熊益民,XYM,13342
徐怡南,XYN,13343
邢炎萍,XYP,13344
薛云鹏,XYP,13345
徐亚平,XYP,13346
薛彦平,XYP,13347
徐玉平,XYP,13348
徐永起,XYQ,13349
徐永琴,XYQ,13350
相月卿,XYQ,13351
徐亿荣,XYR,13352
徐岩松,XYS,13353
谢宜山,XYS,13354
薛依斯,XYS,13355
许云生,XYS,13356
许艳婷,XYT,13357
许奕文,XYW,13358
邢艺伟,XYW,13359
邢延文,XYW,13360
许云霞,XYX,13361
熊苑翔,XYX,13362
徐翼翔,XYX,13363
许义祥,XYX,13364
肖云赟,XYY,13365
徐宇鹰,XYY,13366
谢云业,XYY,13367
许颖越,XYY,13368
许媛媛,XYY,13369
许艳阳,XYY,13370
徐莹莹,XYY,13371
谢远忠,XYZ,13372
徐哲,XZ,13373
徐洲,XZ,13374
熊振,XZ,13375
许哲,XZ,13376
熊壮,XZ,13377
徐佐,XZ,13378
徐钟,XZ,13379
徐钊,XZ,13380
徐照,XZ,13381
徐仲,XZ,13382
肖忠,XZ,13383
谢忠,XZ,13384
向志,XZ,13385
肖张,XZ,13386
薛政斌,XZB,13387
肖祖碧,XZB,13388
熊祖贲,XZB,13389
肖正兵,XZB,13390
肖正春,XZC,13391
徐志超,XZC,13392
徐志飞,XZF,13393
萧志锋,XZF,13394
向周富,XZF,13395
徐长芳,XZF,13396
徐志钢,XZG,13397
谢志刚,XZG,13398
邢志刚,XZG,13399
辛祖国,XZG,13400
许志华,XZH,13401
徐子涵,XZH,13402
肖志惠,XZH,13403
谢子华,XZH,13404
徐振华,XZH,13405
徐中华,XZH,13406
肖志宏,XZH,13407
徐志军,XZJ,13408
夏作军,XZJ,13409
谢宗钧,XZJ,13410
许哲俊,XZJ,13411
夏祖凯,XZK,13412
徐振坤,XZK,13413
肖张明,XZM,13414
谢子男,XZN,13415
谢振宁,XZN,13416
谢振宁担,XZND,13417
徐中平,XZP,13418
许泽平,XZP,13419
谢志鹏,XZP,13420
薛征平,XZP,13421
谢振平,XZP,13422
许振秋,XZQ,13423
徐忠祺,XZQ,13424
徐中泉,XZQ,13425
谢长权,XZQ,13426
熊忠全,XZQ,13427
谢志强,XZQ,13428
徐志强,XZQ,13429
夏忠强,XZQ,13430
徐忠褀,XZQ,13431
谢忠儒,XZR,13432
向左双,XZS,13433
徐仲伟,XZW,13434
徐正武,XZW,13435
荀志仙,XZX,13436
肖志祥,XZX,13437
徐朝霞,XZX,13438
肖贞英,XZY,13439
谢长永,XZY,13440
谢照艳,XZY,13441
肖志勇,XZY,13442
邢自元,XZY,13443
徐在助,XZZ,13444
谢宗志,XZZ,13445
余安,YA,13446
杨爱斌,YAB,13447
余爱华,YAH,13448
姚爱军,YAJ,13449
杨安坤,YAK,13450
杨爱霖,YAL,13451
叶艾文,YAW,13452
叶爱英,YAY,13453
杨波,YB,13454
余波,YB,13455
杨柏,YB,13456
袁兵,YB,13457
尹冰,YB,13458
于博,YB,13459
杨斌,YB,13460
严波,YB,13461
余彪,YB,13462
俞斌,YB,13463
杨蓓,YB,13464
杨博,YB,13465
于冰,YB,13466
岳兵,YB,13467
杨本,YB,13468
杨彬,YB,13469
余斌,YB,13470
俞波,YB,13471
杨北驰,YBC,13472
杨斌独任,YBDR,13473
闫滨海,YBH,13474
杨伯河,YBH,13475
易斌华,YBH,13476
余标丽,YBL,13477
严碧璐,YBL,13478
杨柏苓,YBL,13479
于百平,YBP,13480
杨璧玮,YBW,13481
衣本伟,YBW,13482
杨宝兴,YBX,13483
叶宝云,YBY,13484
杨彬志,YBZ,13485
杨宝智,YBZ,13486
尹川,YC,13487
易诚,YC,13488
杨琛,YC,13489
庾晨,YC,13490
杨成,YC,13491
于辰,YC,13492
杨超,YC,13493
杨春,YC,13494
闫翠,YC,13495
闫成,YC,13496
袁超,YC,13497
杨畅,YC,13498
迎春,YC,13499
殷传,YC,13500
杨灿,YC,13501
杨驰,YC,13502
叶晟,YC,13503
杨铖,YC,13504
杨晨,YC,13505
袁从兵,YCB,13506
于长城,YCC,13507
叶长程,YCC,13508
姚成福,YCF,13509
杨春富,YCF,13510
姚朝芬,YCF,13511
杨彩芳,YCF,13512
袁昌桂,YCG,13513
殷长河,YCH,13514
颜春华,YCH,13515
姚春华,YCH,13516
杨春红,YCH,13517
阎承寰,YCH,13518
杨春辉,YCH,13519
杨春花,YCH,13520
尹彩红,YCH,13521
杨春玖,YCJ,13522
易灿军,YCJ,13523
余传甲,YCJ,13524
杨长龙,YCL,13525
岳彩领,YCL,13526
岳春雷,YCL,13527
于长鸣,YCM,13528
庾春明,YCM,13529
袁超敏,YCM,13530
殷传茂,YCM,13531
尹春妮,YCN,13532
杨长青,YCQ,13533
云彩琴,YCQ,13534
杨春荣,YCR,13535
杨春珊,YCS,13536
岳崇山,YCS,13537
杨春桃,YCT,13538
于辰潭,YCT,13539
郁昌苇,YCW,13540
尹传伟,YCW,13541
杨春伟,YCW,13542
尹长兴,YCX,13543
岳翠霞,YCX,13544
余春香,YCX,13545
姚成鑫,YCX,13546
阳超雄,YCX,13547
颜承尧,YCY,13548
尹楚云,YCY,13549
杨春云,YCY,13550
俞成竹,YCZ,13551
阳崇子,YCZ,13552
岳成忠,YCZ,13553
岩对,YD,13554
杨丹,YD,13555
袁东,YD,13556
杨多,YD,13557
姚聃,YD,13558
叶懂,YD,13559
杨道传,YDC,13560
杨冬冬,YDD,13561
袁丹丹,YDD,13562
杨丹宏,YDH,13563
喻德红,YDH,13564
叶大敬,YDJ,13565
杨德均,YDJ,13566
姚多连,YDL,13567
姚冬梅,YDM,13568
余德明,YDM,13569
杨定强,YDQ,13570
易大庆,YDQ,13571
袁德权,YDQ,13572
姚敦齐,YDQ,13573
余道瑞,YDR,13574
杨东升,YDS,13575
杨德山,YDS,13576
殷东伟,YDW,13577
叶德武,YDW,13578
杨德勇,YDY,13579
于得泳,YDY,13580
颜德勇,YDY,13581
俞飞,YF,13582
杨峰,YF,13583
杨菲,YF,13584
杨帆,YF,13585
姚峰,YF,13586
杨芬,YF,13587
余樊,YF,13588
余芳,YF,13589
杨凤,YF,13590
杨飞,YF,13591
燕峰,YF,13592
袁方,YF,13593
虞锋,YF,13594
颜飞,YF,13595
虞峰,YF,13596
岳飞,YF,13597
尹发,YF,13598
杨枫,YF,13599
杨芳,YF,13600
杨甫兵,YFB,13601
叶繁春,YFC,13602
晏菲飞,YFF,13603
严方豪,YFH,13604
叶方恺,YFK,13605
袁福林,YFL,13606
杨峰岭,YFL,13607
阳福明担,YFMD,13608
杨富娜,YFN,13609
杨方宁,YFN,13610
岳飞鹏,YFP,13611
尹福山,YFS,13612
杨凤双,YFS,13613
岳峰婷,YFT,13614
尹凤文,YFW,13615
杨飞雪,YFX,13616
严凤香,YFX,13617
杨樊西,YFX,13618
杨芳旭,YFX,13619
袁风影,YFY,13620
杨凤英,YFY,13621
于凤柱,YFZ,13622
杨钢,YG,13623
杨刚,YG,13624
岳桂,YG,13625
姚刚,YG,13626
杨国,YG,13627
尧刚,YG,13628
杨光,YG,13629
杨戈,YG,13630
杨贵川,YGC,13631
杨桂聪,YGC,13632
杨光德,YGD,13633
于广丹,YGD,13634
叶国栋,YGD,13635
杨贵东,YGD,13636
殷国富,YGF,13637
袁国芳,YGF,13638
杨国华,YGH,13639
杨光华,YGH,13640
袁国华,YGH,13641
袁国花,YGH,13642
游高华,YGH,13643
叶光辉,YGH,13644
杨国军,YGJ,13645
严光俊,YGJ,13646
颜国军,YGJ,13647
杨国龙,YGL,13648
杨根良,YGL,13649
杨光林,YGL,13650
叶恭岚,YGL,13651
杨国亮,YGL,13652
杨国明,YGM,13653
尹国平,YGP,13654
杨光前,YGQ,13655
鄢桂秋,YGQ,13656
余高奇,YGQ,13657
岳桂芹,YGQ,13658
杨光蕊,YGR,13659
杨国蕊,YGR,13660
杨桂胜,YGS,13661
杨国舜,YGS,13662
于更生,YGS,13663
叶光双,YGS,13664
余光武,YGW,13665
袁广溪,YGX,13666
姚桂英,YGY,13667
杨光艳,YGY,13668
殷桂园,YGY,13669
杨贵云,YGY,13670
尹国英,YGY,13671
杨光宇,YGY,13672
杨国智,YGZ,13673
颜华,YH,13674
于华,YH,13675
袁红,YH,13676
于虹,YH,13677
严晖,YH,13678
于欢,YH,13679
余红,YH,13680
义宏,YH,13681
杨惠,YH,13682
杨灏,YH,13683
喻辉,YH,13684
杨海,YH,13685
尹华,YH,13686
于辉,YH,13687
尹航,YH,13688
杨怀,YH,13689
杨宏,YH,13690
杨红,YH,13691
叶辉,YH,13692
苑弘,YH,13693
杨虎,YH,13694
尧航,YH,13695
杨浩,YH,13696
闫慧,YH,13697
杨辉,YH,13698
杨慧,YH,13699
严华,YH,13700
余华,YH,13701
杨华,YH,13702
叶欢,YH,13703
杨洪,YH,13704
玉红,YH,13705
于鸿,YH,13706
元华,YH,13707
余辉,YH,13708
袁鸿,YH,13709
杨贺,YH,13710
杨洪博,YHB,13711
杨海波,YHB,13712
于汉博,YHB,13713
杨惠波,YHB,13714
杨华昌,YHC,13715
虞宏达,YHD,13716
严慧冬,YHD,13717
闫会德,YHD,13718
杨海峰,YHF,13719
杨慧芳,YHF,13720
余华芬,YHF,13721
杨洪光,YHG,13722
袁海鸿,YHH,13723
余厚海,YHH,13724
杨虹虹,YHH,13725
虞惠华,YHH,13726
叶汉和,YHH,13727
叶海华,YHH,13728
杨海蛟,YHJ,13729
杨煌娟,YHJ,13730
杨慧军,YHJ,13731
叶宏剑,YHJ,13732
郁宏军,YHJ,13733
余浩军,YHJ,13734
衣海君,YHJ,13735
杨洪江,YHJ,13736
杨瀚黎,YHL,13737
杨海龙,YHL,13738
余洪来,YHL,13739
岳红丽,YHL,13740
于汇龙,YHL,13741
殷亨兰,YHL,13742
喻红梅,YHM,13743
杨红梅,YHM,13744
尹厚明,YHM,13745
杨海明,YHM,13746
余海明,YHM,13747
姚化鹏,YHP,13748
姚和平,YHP,13749
晏和平,YHP,13750
叶慧奇,YHQ,13751
杨红清,YHQ,13752
余火琴,YHQ,13753
鄢寒秋,YHQ,13754
杨华卿,YHQ,13755
于焕琴,YHQ,13756
杨宏强,YHQ,13757
杨海荣,YHR,13758
杨海松,YHS,13759
杨海涛,YHT,13760
严宏庭,YHT,13761
杨红卫,YHW,13762
杨红伟,YHW,13763
杨红武,YHW,13764
于宏伟,YHW,13765
杨汉伟,YHW,13766
杨华伟,YHW,13767
杨红霞,YHX,13768
尹海霞,YHX,13769
余海霞,YHX,13770
叶宏岩,YHY,13771
于洪艳,YHY,13772
杨海洋,YHY,13773
游合营,YHY,13774
严海燕,YHY,13775
杨寒宇,YHY,13776
于海洋,YHY,13777
姚海元,YHY,13778
杨海燕,YHY,13779
杨海营,YHY,13780
杨会勇,YHY,13781
杨海芸,YHY,13782
俞和勇,YHY,13783
俞惠中,YHZ,13784
颜华忠,YHZ,13785
杨菁,YJ,13786
杨健,YJ,13787
于娟,YJ,13788
杨静,YJ,13789
杨军,YJ,13790
杨菊,YJ,13791
殷健,YJ,13792
姚军,YJ,13793
于江,YJ,13794
袁杰,YJ,13795
杨娟,YJ,13796
尹军,YJ,13797
杨杰,YJ,13798
杨坚,YJ,13799
杨君,YJ,13800
闫君,YJ,13801
姚娟,YJ,13802
叶京,YJ,13803
袁剑,YJ,13804
杨俊,YJ,13805
颜珺,YJ,13806
杨洁,YJ,13807
叶剑,YJ,13808
余杰,YJ,13809
杨捐,YJ,13810
杨佳,YJ,13811
俞隽,YJ,13812
袁静,YJ,13813
姚健,YJ,13814
杨婧,YJ,13815
尤佳,YJ,13816
央吉,YJ,13817
印捷,YJ,13818
姚霁,YJ,13819
杨驹,YJ,13820
余江,YJ,13821
杨继,YJ,13822
余剑,YJ,13823
闫峻,YJ,13824
杨姣,YJ,13825
姚俊,YJ,13826
严建波,YJB,13827
杨建波,YJB,13828
严继橙,YJC,13829
杨洁淳,YJC,13830
杨锦潮,YJC,13831
原继东,YJD,13832
杨佳独任,YJDR,13833
余劲夫,YJF,13834
岳俊峰,YJF,13835
袁俊峰,YJF,13836
严剑飞,YJF,13837
于俊芳,YJF,13838
姚家凤,YJF,13839
杨解光,YJG,13840
杨建光,YJG,13841
闫建刚,YJG,13842
杨金光,YJG,13843
杨建国,YJG,13844
杨俊广,YJG,13845
俞江虹,YJH,13846
袁嘉鸿,YJH,13847
虞继恒,YJH,13848
叶军华,YJH,13849
杨俊和,YJH,13850
杨剑虹,YJH,13851
严金华,YJH,13852
杨俊华,YJH,13853
杨俊红,YJH,13854
杨敬会,YJH,13855
尹江虹,YJH,13856
杨景恒,YJH,13857
闫建华,YJH,13858
袁建军,YJJ,13859
杨建军,YJJ,13860
尹嘉嘉,YJJ,13861
于娟娟,YJJ,13862
杨靖军,YJJ,13863
易军军,YJJ,13864
杨娟娟,YJJ,13865
叶菁菁,YJJ,13866
杨进江,YJJ,13867
余晶晶,YJJ,13868
原俊婧,YJJ,13869
意见校对,YJJD,13870
杨建科,YJK,13871
杨继兰,YJL,13872
余洁玲,YJL,13873
杨金亮,YJL,13874
叶俊林,YJL,13875
鄢江陵,YJL,13876
姚俊玲,YJL,13877
杨建玲,YJL,13878
杨金龙,YJL,13879
杨俊路,YJL,13880
杨佳龙,YJL,13881
尹金亮,YJL,13882
姚建明,YJM,13883
喻建明,YJM,13884
严家明,YJM,13885
尹家明,YJM,13886
叶俊梅,YJM,13887
余瑾玫,YJM,13888
杨建民,YJM,13889
余锦明,YJM,13890
岳建民,YJM,13891
杨景明,YJM,13892
易金淼,YJM,13893
喻建平,YJP,13894
杨俊平,YJP,13895
于建平,YJP,13896
杨建平,YJP,13897
杨嘉萍,YJP,13898
余俊平,YJP,13899
余金平,YJP,13900
袁金平,YJP,13901
叶建清,YJQ,13902
杨剑琼,YJQ,13903
杨俊琦,YJQ,13904
喻建容,YJR,13905
杨俊容,YJR,13906
余佳润,YJR,13907
于建松,YJS,13908
姚俊生,YJS,13909
羊锦松,YJS,13910
杨建伟,YJW,13911
尤金伟,YJW,13912
于建伟,YJW,13913
杨继文,YJW,13914
易军湘,YJX,13915
闫菊霞,YJX,13916
杨景校,YJX,13917
杨建新,YJX,13918
闫建霞,YJX,13919
杨敬渊,YJY,13920
叶建园,YJY,13921
于景艳,YJY,13922
闫晶轶,YJY,13923
姚剑英,YJY,13924
尹继阳,YJY,13925
叶佳玉,YJY,13926
杨建竹,YJZ,13927
袁景洲,YJZ,13928
姚纪泽,YJZ,13929
杨江珍,YJZ,13930
杨奎,YK,13931
杨凯,YK,13932
杨侃,YK,13933
杨坤,YK,13934
印坤,YK,13935
杨堃,YK,13936
闫凯,YK,13937
殷凯,YK,13938
袁凯,YK,13939
袁克斌,YKB,13940
于康波,YKB,13941
杨开建,YKJ,13942
杨可军,YKJ,13943
蚁克举,YKJ,13944
杨昆良,YKL,13945
杨奎茂,YKM,13946
杨开顺,YKS,13947
杨开文,YKW,13948
颜克秀,YKX,13949
杨岚,YL,13950
伊莉,YL,13951
杨林,YL,13952
杨莉,YL,13953
喻丽,YL,13954
杨亮,YL,13955
余梁,YL,13956
叶露,YL,13957
阳黎,YL,13958
殷磊,YL,13959
闫蕾,YL,13960
杨琳,YL,13961
袁雷,YL,13962
尹力,YL,13963
杨玲,YL,13964
余乐,YL,13965
尹林,YL,13966
易林,YL,13967
尤力,YL,13968
杨磊,YL,13969
阳霖,YL,13970
于莉,YL,13971
于丽,YL,13972
杨丽,YL,13973
颜凌,YL,13974
杨柳,YL,13975
杨力,YL,13976
袁林,YL,13977
阎丽,YL,13978
殷来,YL,13979
岳亮,YL,13980
英拉,YL,13981
姚莉,YL,13982
叶玲,YL,13983
颜路,YL,13984
杨令,YL,13985
于亮,YL,13986
杨蕾,YL,13987
叶林成,YLC,13988
杨连成,YLC,13989
俞立春,YLC,13990
闫乐朝,YLC,13991
杨琳独任,YLDR,13992
杨柳独任,YLDR,13993
严丽芳,YLF,13994
杨林峰,YLF,13995
杨立芬,YLF,13996
于立峰,YLF,13997
严隆高,YLG,13998
杨联花,YLH,13999
颜良伙,YLH,14000
姚亮怀,YLH,14001
于丽娟,YLJ,14002
杨李静,YLJ,14003
余立进,YLJ,14004
杨丽菊,YLJ,14005
杨丽娟,YLJ,14006
于玲娟,YLJ,14007
杨立军,YLJ,14008
杨立娟,YLJ,14009
杨丽君,YLJ,14010
严丽莉,YLL,14011
杨露露,YLL,14012
余岚岚,YLL,14013
袁林利,YLL,14014
颜连良,YLL,14015
姚烈兰,YLL,14016
原琳琳,YLL,14017
闫丽丽,YLL,14018
余伶俐,YLL,14019
叶丽敏,YLM,14020
虞丽梅,YLM,14021
余黎明,YLM,14022
叶利民,YLM,14023
于丽娜,YLN,14024
游丽娜,YLN,14025
袁利平,YLP,14026
姚丽萍,YLP,14027
于来清,YLQ,14028
袁良群,YLQ,14029
游乐群,YLQ,14030
姚丽青,YLQ,14031
杨露霜,YLS,14032
余霖涛,YLT,14033
杨联文,YLW,14034
颜丽霞,YLX,14035
严立新,YLX,14036
尹丽霞,YLX,14037
杨立英,YLY,14038
俞露烟,YLY,14039
于丽颖,YLY,14040
杨立叶,YLY,14041
殷凌云,YLY,14042
袁丽云,YLY,14043
杨立瑛,YLY,14044
姚莉雅,YLY,14045
阳立志,YLZ,14046
姚兰志,YLZ,14047
弋萌,YM,14048
杨茂,YM,14049
鄢茫,YM,14050
闫明,YM,14051
杨明,YM,14052
颜敏,YM,14053
易铭,YM,14054
于梅,YM,14055
杨敏,YM,14056
尹明,YM,14057
叶茂,YM,14058
袁敏,YM,14059
于淼,YM,14060
姚铭,YM,14061
衣敏,YM,14062
闫鸣,YM,14063
余萌,YM,14064
游朦,YM,14065
严明,YM,14066
余明,YM,14067
于明翠,YMC,14068
袁铭东,YMD,14069
姚明辉,YMH,14070
余明华,YMH,14071
于明辉,YMH,14072
杨明辉,YMH,14073
余明慧,YMH,14074
叶敏洁,YMJ,14075
杨明洁,YMJ,14076
于明晶,YMJ,14077
杨明镜,YMJ,14078
于某娟,YMJ,14079
余美玲,YML,14080
于孟兰,YML,14081
俞明录,YML,14082
余毛毛,YMM,14083
俞明荣,YMR,14084
游孟蓉,YMR,14085
杨明松,YMS,14086
袁敏玮,YMW,14087
杨明武,YMW,14088
杨明霞,YMX,14089
袁美霞,YMX,14090
余民燻,YMX,14091
杨明宇,YMY,14092
姚梦悦,YMY,14093
杨梅珍,YMZ,14094
杨满增,YMZ,14095
杨楠,YN,14096
于宁,YN,14097
于妮,YN,14098
弋宁,YN,14099
余宁,YN,14100
贠宁宁,YNN,14101
晏楠星,YNX,14102
尹鹏,YP,14103
杨鹏,YP,14104
颜萍,YP,14105
袁萍,YP,14106
余平,YP,14107
余萍,YP,14108
易平,YP,14109
于鹏,YP,14110
杨溥,YP,14111
伊平,YP,14112
杨平,YP,14113
叶萍,YP,14114
于璞,YP,14115
杨平昌,YPC,14116
叶鹏飞,YPF,14117
于鹏辉,YPH,14118
袁鹏里,YPL,14119
余品荣,YPR,14120
易平艳,YPY,14121
尹鹏展,YPZ,14122
尹培忠,YPZ,14123
元平珍,YPZ,14124
姚琼,YQ,14125
杨曲,YQ,14126
闫清,YQ,14127
元强,YQ,14128
余勤,YQ,14129
俞强,YQ,14130
叶琦,YQ,14131
杨琴,YQ,14132
喻权,YQ,14133
余青,YQ,14134
叶青,YQ,14135
余倩,YQ,14136
殷庆,YQ,14137
杨齐,YQ,14138
余琴,YQ,14139
杨强,YQ,14140
袁泉,YQ,14141
俞勤,YQ,14142
于倩,YQ,14143
杨奇,YQ,14144
杨琪,YQ,14145
杨倩,YQ,14146
余强,YQ,14147
杨钦,YQ,14148
杨茜,YQ,14149
易青,YQ,14150
杨齐斌,YQB,14151
叶秋波,YQB,14152
杨秋波,YQB,14153
杨黔川,YQC,14154
叶庆东,YQD,14155
杨青丹,YQD,14156
叶峭峰,YQF,14157
易琴芳,YQF,14158
易奇冈,YQG,14159
杨群光,YQG,14160
杨秋桂,YQG,14161
杨庆海,YQH,14162
尹清红,YQH,14163
尹青江,YQJ,14164
杨清明,YQM,14165
姚清明,YQM,14166
杨庆仁,YQR,14167
易青山,YQS,14168
尹秋胜,YQS,14169
岳求生,YQS,14170
杨庆庭,YQT,14171
姚渠旺,YQW,14172
严启璋,YQZ,14173
杨清照,YQZ,14174
岳奇志,YQZ,14175
永青卓嘎,YQZG,14176
杨蓉,YR,14177
余蓉,YR,14178
袁锐,YR,14179
杨荣,YR,14180
袁润,YR,14181
颜容,YR,14182
游如彪担,YRBD,14183
杨汝灿,YRC,14184
一人独任,YRDR,14185
原汝峰,YRF,14186
叶润刚,YRG,14187
应荣辉,YRH,14188
严汝华,YRH,14189
杨润红,YRH,14190
岳仁龙,YRL,14191
袁润良,YRL,14192
闫瑞鹏,YRP,14193
杨仁泉,YRQ,14194
杨润生,YRS,14195
杨荣涛,YRT,14196
岳瑞文,YRW,14197
杨仁新,YRX,14198
余瑞玉,YRY,14199
杨如意,YRY,14200
杨松,YS,14201
袁帅,YS,14202
杨淑,YS,14203
于森,YS,14204
杨甦,YS,14205
於少,YS,14206
玉生,YS,14207
杨胜,YS,14208
杨帅,YS,14209
郁松,YS,14210
杨爽,YS,14211
於少兵,YSB,14212
杨诗超,YSC,14213
袁水城,YSC,14214
杨善超,YSC,14215
叶思东,YSD,14216
叶仕恩,YSE,14217
严少芳,YSF,14218
颜世锋,YSF,14219
杨双富,YSF,14220
袁失复,YSF,14221
余淑芬,YSF,14222
姚世国,YSG,14223
易曙光,YSG,14224
杨寿高,YSG,14225
尹盛镐,YSG,14226
袁淑华,YSH,14227
虞曙辉,YSH,14228
杨寿河,YSH,14229
严树华,YSH,14230
杨寿健,YSJ,14231
余穗军,YSJ,14232
杨树军,YSJ,14233
虞苏建,YSJ,14234
杨世杰,YSJ,14235
余世军,YSJ,14236
杨素娟,YSJ,14237
易世凯,YSK,14238
杨胜莲,YSL,14239
杨松林,YSL,14240
尤胜利,YSL,14241
杨盛美,YSM,14242
羊圣明,YSM,14243
尹素梅,YSM,14244
叶斯木汉,YSMH,14245
原松平,YSP,14246
杨素平,YSP,14247
叶仕平,YSP,14248
游绍平,YSP,14249
杨胜平,YSP,14250
鄢世萍,YSP,14251
于双青,YSQ,14252
余世强,YSQ,14253
杨素琴,YSQ,14254
杨仕青,YSQ,14255
杨树琴,YSQ,14256
杨胜权,YSQ,14257
叶少青,YSQ,14258
袁胜强,YSQ,14259
颜树升,YSS,14260
应赛帅,YSS,14261
闫时松,YSS,14262
闫珊珊,YSS,14263
叶树天,YST,14264
杨松挺,YST,14265
杨胜文,YSW,14266
袁树伟,YSW,14267
杨少武,YSW,14268
于淑文,YSW,14269
袁少武,YSW,14270
杨尚文,YSW,14271
杨树勋,YSX,14272
杨树新,YSX,14273
尹寿远,YSY,14274
杨思勇,YSY,14275
袁淑娅,YSY,14276
杨树义,YSY,14277
于诗扬,YSY,14278
于绍云,YSY,14279
叶淑盈,YSY,14280
杨淑艺,YSY,14281
杨赛宇,YSY,14282
杨石柱,YSZ,14283
袁顺章,YSZ,14284
闫述志,YSZ,14285
游顺智,YSZ,14286
严淑珍,YSZ,14287
杨婷,YT,14288
杨涛,YT,14289
于涛,YT,14290
闫涛,YT,14291
游涛,YT,14292
严婷,YT,14293
余腾飞,YTF,14294
姚廷芳,YTF,14295
杨涛桂,YTG,14296
殷同华,YTH,14297
于天麟,YTL,14298
杨天龙,YTL,14299
杨体清,YTQ,14300
俞天泉,YTQ,14301
杨铁松,YTS,14302
杨天香,YTX,14303
叶体义,YTY,14304
于天竺,YTZ,14305
颜天增,YTZ,14306
颜廷佐,YTZ,14307
严伟,YW,14308
姚蔚,YW,14309
袁伟,YW,14310
袁玮,YW,14311
姚伟,YW,14312
游巍,YW,14313
杨文,YW,14314
杨薇,YW,14315
弋玮,YW,14316
杨维,YW,14317
杨武,YW,14318
于文斌,YWB,14319
叶武兵,YWB,14320
杨维彬,YWB,14321
杨文超,YWC,14322
杨维臣,YWC,14323
杨文昌,YWC,14324
严卫东,YWD,14325
闫伟阁,YWG,14326
尹文光,YWG,14327
尤文广,YWG,14328
杨卫华,YWH,14329
杨维华,YWH,14330
杨伟华,YWH,14331
游文惠,YWH,14332
杨卫军,YWJ,14333
伊维俊,YWJ,14334
云卫军,YWJ,14335
姚伟金,YWJ,14336
喻伍件,YWJ,14337
叶维克,YWK,14338
杨婉菱,YWL,14339
余婉林,YWL,14340
易维铭,YWM,14341
杨潍陌,YWM,14342
袁伟民,YWM,14343
易文鹏,YWP,14344
杨文启,YWQ,14345
于汶倩,YWQ,14346
杨武群,YWQ,14347
余万庆,YWQ,14348
闫伟伟,YWW,14349
杨卫星,YWX,14350
岳为尧,YWY,14351
叶维永,YWY,14352
袁文瑛,YWY,14353
袁文彦,YWY,14354
叶伟燕,YWY,14355
杨文英,YWY,14356
袁文中,YWZ,14357
杨文珍,YWZ,14358
杨伟忠,YWZ,14359
杨文政,YWZ,14360
尹万泽,YWZ,14361
余弦,YX,14362
袁旭,YX,14363
于晓,YX,14364
弋肖,YX,14365
杨霞,YX,14366
闫霞,YX,14367
姚欣,YX,14368
杨新,YX,14369
杨晓,YX,14370
余星,YX,14371
袁湘,YX,14372
余翔,YX,14373
杨轩,YX,14374
杨小,YX,14375
袁鑫,YX,14376
杨兴,YX,14377
袁兴,YX,14378
叶潇,YX,14379
杨鑫,YX,14380
叶险,YX,14381
杨轩昂,YXA,14382
余兴兵,YXB,14383
余笑蓓,YXB,14384
杨晓兵,YXB,14385
阳旭畅,YXC,14386
杨晓翠,YXC,14387
虞小丹,YXD,14388
袁小东,YXD,14389
殷晓东,YXD,14390
杨旭东,YXD,14391
杨晓东,YXD,14392
袁旭独任,YXDR,14393
袁晓娥,YXE,14394
闫晓峰,YXF,14395
易秀芳,YXF,14396
杨晓放,YXF,14397
晏行峰,YXF,14398
余学锋,YXF,14399
杨显丰,YXF,14400
严晓锋,YXF,14401
叶险峰,YXF,14402
袁晓光,YXG,14403
颜新国,YXG,14404
杨修海,YXH,14405
尹晓鸿,YXH,14406
袁晓河,YXH,14407
晏祥和,YXH,14408
余小惠,YXH,14409
杨晓华,YXH,14410
杨兴华,YXH,14411
杨晓慧,YXH,14412
闫晓辉,YXH,14413
叶雪花,YXH,14414
于秀晃,YXH,14415
杨兴海,YXH,14416
俞秀红,YXH,14417
杨晓辉,YXH,14418
游小娟,YXJ,14419
晏晓婧,YXJ,14420
闫雪娇,YXJ,14421
杨晓建,YXJ,14422
杨学军,YXJ,14423
袁小菊,YXJ,14424
俞湘静,YXJ,14425
杨晓俊,YXJ,14426
闫向杰,YXJ,14427
杨选坤,YXK,14428
余小林,YXL,14429
杨新亮,YXL,14430
袁小林,YXL,14431
殷旭力,YXL,14432
殷晓露,YXL,14433
鄢小玲,YXL,14434
袁新利,YXL,14435
尹祥丽,YXL,14436
姚小丽,YXL,14437
余晓利,YXL,14438
冶晓玲,YXL,14439
殷晓丽,YXL,14440
益西拉姆,YXLM,14441
杨晓满,YXM,14442
杨显明,YXM,14443
杨晓梅,YXM,14444
严小明,YXM,14445
袁雪明,YXM,14446
喻晓敏,YXM,14447
尹学敏,YXM,14448
杨晓明,YXM,14449
杨旭明,YXM,14450
杨小明,YXM,14451
杨秀明,YXM,14452
于旭梅,YXM,14453
姚晓宁,YXN,14454
鄢行暖,YXN,14455
杨晓娜,YXN,14456
杨晓萍,YXP,14457
杨小萍,YXP,14458
姚新平,YXP,14459
于晓萍,YXP,14460
杨欣鹏,YXP,14461
姚晓萍,YXP,14462
阎晓秋,YXQ,14463
杨晓晴,YXQ,14464
叶湘清,YXQ,14465
余学全,YXQ,14466
杨雪勤,YXQ,14467
杨相全,YXQ,14468
杨晓琪,YXQ,14469
杨向前,YXQ,14470
姚孝琴,YXQ,14471
姚秀权,YXQ,14472
杨小强,YXQ,14473
尹心齐,YXQ,14474
杨晓强,YXQ,14475
原秀琴,YXQ,14476
杨选荣,YXR,14477
叶向荣,YXR,14478
闫晓霜,YXS,14479
姚雪松,YXS,14480
袁兴文,YXW,14481
严学万,YXW,14482
于晓微,YXW,14483
叶晓文,YXW,14484
杨先卫,YXW,14485
杨先祥,YXX,14486
易晓霞,YXX,14487
严小霞,YXX,14488
杨效熙,YXX,14489
虞欣星,YXX,14490
袁小艳,YXY,14491
杨显勇,YXY,14492
尹小燕,YXY,14493
于雪雁,YXY,14494
杨小勇,YXY,14495
殷晓艳,YXY,14496
姚锡怡,YXY,14497
余向阳,YXY,14498
岳旭阳,YXY,14499
余小毅,YXY,14500
杨晓宇,YXY,14501
伊西友,YXY,14502
姚晓英,YXY,14503
闫筱玉,YXY,14504
袁兴友,YXY,14505
杨熙勇,YXY,14506
杨晓云,YXY,14507
叶向阳,YXY,14508
杨晓忠,YXZ,14509
于洋,YY,14510
杨勇,YY,14511
袁勇,YY,14512
杨扬,YY,14513
余阳,YY,14514
袁越,YY,14515
杨阳,YY,14516
余勇,YY,14517
阳勇,YY,14518
杨燕,YY,14519
叶毅,YY,14520
喻英,YY,14521
于英,YY,14522
杨媛,YY,14523
叶玉,YY,14524
杨熠,YY,14525
叶颖,YY,14526
游艳,YY,14527
杨英,YY,14528
尹勇,YY,14529
姚远,YY,14530
于运,YY,14531
杨毅,YY,14532
袁苑,YY,14533
杨泳,YY,14534
游雨,YY,14535
严樱,YY,14536
于颖,YY,14537
杨艳,YY,14538
杨晔,YY,14539
燕燕,YY,14540
于妍,YY,14541
于勇,YY,14542
原野,YY,14543
叶英,YY,14544
杨颖,YY,14545
叶艺,YY,14546
杨瑛,YY,14547
余艳,YY,14548
杨运,YY,14549
余彦,YY,14550
杨祎,YY,14551
杨云,YY,14552
于瑛,YY,14553
杨玉,YY,14554
姚云,YY,14555
杨玉宝,YYB,14556
袁益波,YYB,14557
杨有保,YYB,14558
叶运才,YYC,14559
杨艳春,YYC,14560
虞亚春,YYC,14561
杨郁葱,YYC,14562
叶元聪,YYC,14563
叶以昌,YYC,14564
岳颖初,YYC,14565
虞应斗,YYD,14566
殷永东,YYD,14567
杨玉蝶,YYD,14568
易义东,YYD,14569
余亚东,YYD,14570
杨瑛独任,YYDR,14571
尹奕峰,YYF,14572
俞燕斐,YYF,14573
叶艳风,YYF,14574
杨艺凡,YYF,14575
鄢一峰,YYF,14576
杨怡芳,YYF,14577
阳裕光,YYG,14578
于亚红,YYH,14579
杨永红,YYH,14580
杨永辉,YYH,14581
虞月华,YYH,14582
杨雁桦,YYH,14583
晏玉君,YYJ,14584
杨毅炯,YYJ,14585
杨英杰,YYJ,14586
杨玉净,YYJ,14587
尹莹洁,YYJ,14588
叶予静,YYJ,14589
杨亚君,YYJ,14590
杨蕴健,YYJ,14591
杨瑛珺,YYJ,14592
尹艳姣,YYJ,14593
余叶君,YYJ,14594
杨玉坤,YYK,14595
尹优龙,YYL,14596
杨跃兰,YYL,14597
杨耀龙,YYL,14598
叶云兰,YYL,14599
杨育礼,YYL,14600
殷艳玲,YYL,14601
元艺霖,YYL,14602
余彦霖,YYL,14603
杨颖蕾,YYL,14604
杨应谋,YYM,14605
杨艺鸣,YYM,14606
严玉梅,YYM,14607
冶玉明,YYM,14608
杨跃明,YYM,14609
尹育宁,YYN,14610
姚彦宁,YYN,14611
易言平,YYP,14612
余曰璞,YYP,14613
杨永平,YYP,14614
杨艳萍,YYP,14615
余延平,YYP,14616
易亚苹,YYP,14617
袁勇奇,YYQ,14618
叶毅权,YYQ,14619
叶永青,YYQ,14620
于沿清,YYQ,14621
晏宇清,YYQ,14622
易玉奇,YYQ,14623
姚毅奇,YYQ,14624
叶亚奇,YYQ,14625
叶永秋,YYQ,14626
贠彦强,YYQ,14627
杨应强,YYQ,14628
于艳秋,YYQ,14629
杨玉蓉,YYR,14630
严永生,YYS,14631
杨玉所,YYS,14632
岳玉婷,YYT,14633
袁延涛,YYT,14634
于运涛,YYT,14635
杨宇倓,YYT,14636
游永威,YYW,14637
叶一文,YYW,14638
杨元武,YYW,14639
姚翊贤,YYX,14640
杨跃祥,YYX,14641
杨艳霞,YYX,14642
杨院宜,YYY,14643
叶宇衍,YYY,14644
闫玉叶,YYY,14645
严永谊,YYY,14646
杨远珍,YYZ,14647
杨玉忠,YYZ,14648
姚悦竹,YYZ,14649
杨云中,YYZ,14650
杨元忠,YYZ,14651
岳运芝,YYZ,14652
杨玉琢,YYZ,14653
易智,YZ,14654
杨忠,YZ,14655
叶柱,YZ,14656
姚铸,YZ,14657
杨志,YZ,14658
晏征,YZ,14659
余忠,YZ,14660
阎喆,YZ,14661
余志,YZ,14662
俞宙,YZ,14663
阳作,YZ,14664
杨振,YZ,14665
余诤,YZ,14666
严真,YZ,14667
殷郑,YZ,14668
严正兵,YZB,14669
晏志彬,YZB,14670
阳泽斌,YZB,14671
俞志斌,YZB,14672
杨正才,YZC,14673
岳政超,YZC,14674
于忠晨,YZC,14675
杨占川,YZC,14676
杨志才,YZC,14677
杨宗典,YZD,14678
杨志丹,YZD,14679
俞泽迪,YZD,14680
殷郑独任,YZDR,14681
杨正飞,YZF,14682
雍志飞,YZF,14683
杨志峰,YZF,14684
杨占富,YZF,14685
姚志刚,YZG,14686
尹振国,YZG,14687
云志刚,YZG,14688
袁照华,YZH,14689
颜哲晖,YZH,14690
叶章虎,YZH,14691
叶占红,YZH,14692
阳正华,YZH,14693
严子浩,YZH,14694
杨宗辉,YZH,14695
余忠洪,YZH,14696
姚中华,YZH,14697
余正华,YZH,14698
颜志宏,YZH,14699
杨志宏,YZH,14700
杨长会,YZH,14701
杨朝晖,YZH,14702
袁柱华,YZH,14703
岳中华,YZH,14704
于占海,YZH,14705
杨正辉,YZH,14706
叶甑皓,YZH,14707
苑长军,YZJ,14708
于长娟,YZJ,14709
叶志军,YZJ,14710
叶柱坚,YZJ,14711
阳志军,YZJ,14712
杨震军,YZJ,14713
鄢忠杰,YZJ,14714
杨志杰,YZJ,14715
杨章杰,YZJ,14716
于志军,YZJ,14717
闫占军,YZJ,14718
杨泽宽,YZK,14719
姚志林,YZL,14720
杨正良,YZL,14721
杨宗磊,YZL,14722
姚占莲,YZL,14723
杨子良,YZL,14724
杨志龙,YZL,14725
殷宗良,YZL,14726
叶政茂,YZM,14727
姚振明,YZM,14728
闫宗淼,YZM,14729
尤泽明,YZM,14730
于振民,YZM,14731
余志浓,YZN,14732
杨长坡,YZP,14733
余铮清,YZQ,14734
余志球,YZQ,14735
杨志其,YZQ,14736
于占琦,YZQ,14737
余宗权,YZQ,14738
杨泽权,YZQ,14739
杨志芹,YZQ,14740
苑增圈,YZQ,14741
俞振权,YZQ,14742
余真盛,YZS,14743
叶志士,YZS,14744
杨中森,YZS,14745
杨振涛,YZT,14746
尹志望,YZW,14747
余志伟,YZW,14748
袁长伟,YZW,14749
杨正文,YZW,14750
杨庄霞,YZX,14751
杨中学,YZX,14752
杨忠兴,YZX,14753
余长烜,YZX,14754
杨振新,YZX,14755
杨智勇,YZY,14756
杨志勇,YZY,14757
喻正勇,YZY,14758
杨占勇,YZY,14759
袁中勇,YZY,14760
岳志勇,YZY,14761
易紫阳,YZY,14762
于长义,YZY,14763
殷载媛,YZY,14764
袁振尧,YZY,14765
易志勇,YZY,14766
杨宗远,YZY,14767
姚卓征,YZZ,14768
杨忠周,YZZ,14769
于振忠,YZZ,14770
严子真,YZZ,14771
严振中,YZZ,14772
于志壮,YZZ,14773
张爱东,ZAD,14774
周爱芬,ZAF,14775
周爱红,ZAH,14776
张爱红,ZAH,14777
朱爱军,ZAJ,14778
张安克,ZAK,14779
张爱玲,ZAL,14780
张爱丽,ZAL,14781
章爱民,ZAM,14782
张爱萍,ZAP,14783
张爱武,ZAW,14784
张艾云,ZAY,14785
朱兵,ZB,14786
周波,ZB,14787
周兵,ZB,14788
张波,ZB,14789
赵波,ZB,14790
郑波,ZB,14791
周滨,ZB,14792
赵彬,ZB,14793
张白,ZB,14794
张斌,ZB,14795
周斌,ZB,14796
赵冰,ZB,14797
张博,ZB,14798
祝兵,ZB,14799
朱斌,ZB,14800
钟彬,ZB,14801
张冰,ZB,14802
周勃,ZB,14803
朱保,ZB,14804
郑斌,ZB,14805
朱宝安,ZBA,14806
张保定,ZBD,14807
周炳红,ZBH,14808
郑宝华,ZBH,14809
张碧鸿,ZBH,14810
张步红,ZBH,14811
张保红,ZBH,14812
张百昊,ZBH,14813
张宝晶,ZBJ,14814
张百吉,ZBJ,14815
张冰洁,ZBJ,14816
章炳坤,ZBK,14817
张柏莲,ZBL,14818
赵斌林,ZBL,14819
张宝明,ZBM,14820
张白能,ZBN,14821
赵本权,ZBQ,14822
邹本起,ZBQ,14823
张波瑞,ZBR,14824
朱保胜,ZBS,14825
周保升,ZBS,14826
张炳潭,ZBT,14827
赵波涛,ZBT,14828
张碧薇,ZBW,14829
张蓓雯,ZBW,14830
张濒心,ZBX,14831
张炳兴,ZBX,14832
张丙新,ZBX,14833
张柏信,ZBX,14834
张丙岩,ZBY,14835
张白杨,ZBY,14836
张伯阳,ZBY,14837
张兵彦,ZBY,14838
张本真,ZBZ,14839
周宝珠,ZBZ,14840
张冲,ZC,14841
张超,ZC,14842
张川,ZC,14843
张程,ZC,14844
朱超,ZC,14845
钟成,ZC,14846
张琛,ZC,14847
周翠,ZC,14848
张诚,ZC,14849
赵成,ZC,14850
周辰,ZC,14851
周成,ZC,14852
张橙,ZC,14853
赵忱,ZC,14854
钟超,ZC,14855
郑超,ZC,14856
赵程,ZC,14857
张朝波,ZCB,14858
赵程程,ZCC,14859
朱灿灿,ZCC,14860
朱灿灿担,ZCCD,14861
周成德,ZCD,14862
朱超峰,ZCF,14863
张春风,ZCF,14864
赵成刚,ZCG,14865
张崇华,ZCH,14866
张承辉,ZCH,14867
张春和,ZCH,14868
张才宏,ZCH,14869
张聪会,ZCH,14870
占朝辉,ZCH,14871
赵彩红,ZCH,14872
张朝华,ZCH,14873
邹彩虹,ZCH,14874
周从华,ZCH,14875
朱从杰,ZCJ,14876
郑成珺,ZCJ,14877
张春节,ZCJ,14878
张彩娟,ZCJ,14879
张闯开,ZCK,14880
张冲开,ZCK,14881
张春雷,ZCL,14882
朱春粦,ZCL,14883
张翠丽,ZCL,14884
钟春连,ZCL,14885
朱春丽,ZCL,14886
张传玲,ZCL,14887
赵春利,ZCL,14888
朱程路,ZCL,14889
朱传明,ZCM,14890
郑朝明,ZCM,14891
朱传年,ZCN,14892
张粲凝,ZCN,14893
赵春泉,ZCQ,14894
张传清,ZCQ,14895
张传荣,ZCR,14896
郑从容,ZCR,14897
郑翠榕,ZCR,14898
周才顺,ZCS,14899
周长寿,ZCS,14900
张昌善,ZCS,14901
朱春庭,ZCT,14902
郑成伟,ZCW,14903
张朝维,ZCW,14904
朱晨曦,ZCX,14905
钟朝新,ZCX,14906
赵彩霞,ZCX,14907
张春霞,ZCX,14908
张传旭,ZCX,14909
赵曾行,ZCX,14910
张春香,ZCX,14911
周春香,ZCX,14912
赵翠莹,ZCY,14913
张成英,ZCY,14914
周长义,ZCY,14915
张春艳,ZCY,14916
赵春宇,ZCY,14917
周长友,ZCY,14918
张春阳,ZCY,14919
朱晨咏,ZCY,14920
赵程宇,ZCY,14921
赵晨雁,ZCY,14922
朱赤阳,ZCY,14923
郑传艳,ZCY,14924
张春玉,ZCY,14925
张成一,ZCY,14926
朱崇艳,ZCY,14927
赵晨言,ZCY,14928
张成增,ZCZ,14929
钟朝章,ZCZ,14930
赵存忠,ZCZ,14931
赵春增,ZCZ,14932
仲崇镇,ZCZ,14933
周长征,ZCZ,14934
周崇珍,ZCZ,14935
张丹,ZD,14936
朱丹,ZD,14937
赵丹,ZD,14938
郑东,ZD,14939
周大,ZD,14940
张东,ZD,14941
周迪,ZD,14942
张德,ZD,14943
章荻,ZD,14944
周丹,ZD,14945
周栋,ZD,14946
郑丹,ZD,14947
赵登波,ZDB,14948
邹德彬,ZDB,14949
张德才,ZDC,14950
张德存,ZDC,14951
钟道春,ZDC,14952
张丹丹,ZDD,14953
赵冬冬,ZDD,14954
赵丹丹,ZDD,14955
赵弟东,ZDD,14956
张德付,ZDF,14957
张东峰,ZDF,14958
张东方,ZDF,14959
朱登峰,ZDF,14960
周德芳,ZDF,14961
张德刚,ZDG,14962
赵德华,ZDH,14963
张东华,ZDH,14964
赵德惠,ZDH,14965
张德鸿,ZDH,14966
张冬红,ZDH,14967
周丹辉,ZDH,14968
宗道军,ZDJ,14969
张德军,ZDJ,14970
周大凯,ZDK,14971
张东亮,ZDL,14972
朱东林,ZDL,14973
周大亮,ZDL,14974
郑鼎丽,ZDL,14975
钟大林,ZDL,14976
张德连,ZDL,14977
张荻琳,ZDL,14978
郑丹玫,ZDM,14979
张冬梅,ZDM,14980
张德民,ZDM,14981
周达猛,ZDM,14982
张大石,ZDS,14983
张德升,ZDS,14984
赵敦世,ZDS,14985
臧德胜,ZDS,14986
张德松,ZDS,14987
张栋松,ZDS,14988
周定挺,ZDT,14989
张敦伟,ZDW,14990
赵冬伟,ZDW,14991
张大勋,ZDX,14992
张东兴,ZDX,14993
周德银,ZDY,14994
张登云,ZDY,14995
郑道永,ZDY,14996
周大远,ZDY,14997
郑丁足,ZDZ,14998
赵德忠,ZDZ,14999
赵殿忠,ZDZ,15000
赵恩军,ZEJ,15001
张尔敏,ZEM,15002
郑而明,ZEM,15003
张恩应,ZEY,15004
张恩友,ZEY,15005
张帆,ZF,15006
张峰,ZF,15007
朱峰,ZF,15008
赵帆,ZF,15009
郑峰,ZF,15010
赵芳,ZF,15011
郑锋,ZF,15012
赵峰,ZF,15013
郅飞,ZF,15014
章芳,ZF,15015
赵芬,ZF,15016
赵飞,ZF,15017
朱甫,ZF,15018
邹峰,ZF,15019
张芳,ZF,15020
郑飞,ZF,15021
周帆,ZF,15022
朱飞,ZF,15023
邹凤,ZF,15024
张锋,ZF,15025
张富成,ZFC,15026
张风帆,ZFF,15027
张芳芳,ZFF,15028
张发海,ZFH,15029
周富华,ZFH,15030
邹凤娟,ZFJ,15031
赵甫建,ZFJ,15032
朱凤菊,ZFJ,15033
张风雷,ZFL,15034
张凤雷,ZFL,15035
周孚林,ZFL,15036
张福平,ZFP,15037
赵福强,ZFQ,15038
赵凤芹,ZFQ,15039
周发群,ZFQ,15040
张丰奇,ZFQ,15041
周芙蓉,ZFR,15042
周发慎,ZFS,15043
周凤武,ZFW,15044
张凤武,ZFW,15045
章发祥,ZFX,15046
张方娴,ZFX,15047
张福友,ZFY,15048
张辅用,ZFY,15049
张福勇,ZFY,15050
赵方勇,ZFY,15051
张凤友,ZFY,15052
张富友,ZFY,15053
周凤珠,ZFZ,15054
张风志,ZFZ,15055
赵付祯,ZFZ,15056
郑国,ZG,15057
周刚,ZG,15058
张革,ZG,15059
钟国,ZG,15060
赵刚,ZG,15061
张光,ZG,15062
周广,ZG,15063
张弓,ZG,15064
张戈,ZG,15065
周光,ZG,15066
郑庚,ZG,15067
周纲,ZG,15068
郑刚,ZG,15069
郑根,ZG,15070
张国滨,ZGB,15071
赵广彬,ZGB,15072
邹广斌,ZGB,15073
钟国存,ZGC,15074
赵广才,ZGC,15075
张国春,ZGC,15076
赵贵臣,ZGC,15077
张国栋,ZGD,15078
张国恩,ZGE,15079
张桂芳,ZGF,15080
赵桂芳,ZGF,15081
赵桂峰,ZGF,15082
周国华,ZGH,15083
钟国辉,ZGH,15084
赵光会,ZGH,15085
张桂宏,ZGH,15086
诸葛辉,ZGH,15087
张国辉,ZGH,15088
张国华,ZGH,15089
赵光华,ZGH,15090
张桂菊,ZGJ,15091
张桂晶,ZGJ,15092
赵桂杰,ZGJ,15093
张国军,ZGJ,15094
朱国君,ZGJ,15095
张广金,ZGJ,15096
周国良,ZGL,15097
张桂林,ZGL,15098
朱贵林,ZGL,15099
朱冠琳,ZGL,15100
周公良,ZGL,15101
左广利,ZGL,15102
周国良担,ZGLD,15103
张光明,ZGM,15104
周广明,ZGM,15105
张高明,ZGM,15106
张贵南,ZGN,15107
张广平,ZGP,15108
钟国萍,ZGP,15109
郑国平,ZGP,15110
张关平,ZGP,15111
朱国强,ZGQ,15112
朱桂清,ZGQ,15113
周国强,ZGQ,15114
张国琴,ZGQ,15115
张国权,ZGQ,15116
周国庆,ZGQ,15117
张光琴,ZGQ,15118
周国旗,ZGQ,15119
邹国前,ZGQ,15120
张国蕊,ZGR,15121
周革盛,ZGS,15122
章国松,ZGS,15123
张根生,ZGS,15124
朱更生,ZGS,15125
周更生,ZGS,15126
张贵生,ZGS,15127
张国胜,ZGS,15128
张国森,ZGS,15129
张庚文,ZGW,15130
钟国雄,ZGX,15131
周广秀,ZGX,15132
朱国贤,ZGX,15133
赵国秀,ZGX,15134
赵贵欣,ZGX,15135
张国宪,ZGX,15136
朱广新,ZGX,15137
张官云,ZGY,15138
张光勇,ZGY,15139
张国渊,ZGY,15140
周根义,ZGY,15141
郑根云,ZGY,15142
张光云,ZGY,15143
赵刚毅,ZGY,15144
张国政,ZGZ,15145
赵桂忠,ZGZ,15146
张光政,ZGZ,15147
仉国忠,ZGZ,15148
周根珠,ZGZ,15149
朱格志,ZGZ,15150
赵辉,ZH,15151
赵晖,ZH,15152
赵鸿,ZH,15153
赵华,ZH,15154
张红,ZH,15155
张慧,ZH,15156
周华,ZH,15157
郑宏,ZH,15158
张恒,ZH,15159
周慧,ZH,15160
赵虹,ZH,15161
张华,ZH,15162
朱惠,ZH,15163
张辉,ZH,15164
张航,ZH,15165
赵海,ZH,15166
周辉,ZH,15167
张虹,ZH,15168
章鸿,ZH,15169
赵宏,ZH,15170
郑虹,ZH,15171
周皓,ZH,15172
钟华,ZH,15173
张弘,ZH,15174
朱晖,ZH,15175
赵昊,ZH,15176
张浩,ZH,15177
朱宏,ZH,15178
朱虹,ZH,15179
祖哈,ZH,15180
张焕,ZH,15181
周虹,ZH,15182
赵慧,ZH,15183
甄红,ZH,15184
张鸿,ZH,15185
张环,ZH,15186
周宏,ZH,15187
周红,ZH,15188
周厚,ZH,15189
邹桦,ZH,15190
张蘅,ZH,15191
周浩,ZH,15192
周洪,ZH,15193
赵贺,ZH,15194
周海,ZH,15195
朱华,ZH,15196
张花,ZH,15197
赵合,ZH,15198
张韩,ZH,15199
郑海,ZH,15200
张洪安,ZHA,15201
周鸿宾,ZHB,15202
张海波,ZHB,15203
张瀚冰,ZHB,15204
赵洪波,ZHB,15205
赵洪彬,ZHB,15206
张洪波,ZHB,15207
赵宏博,ZHB,15208
张海兵,ZHB,15209
周海滨,ZHB,15210
张宏斌,ZHB,15211
张红斌,ZHB,15212
张恒超,ZHC,15213
赵洪忱,ZHC,15214
朱宏才,ZHC,15215
张韩超,ZHC,15216
张洪东,ZHD,15217
张慧娥,ZHE,15218
张洪飞,ZHF,15219
张海峰,ZHF,15220
邹宏发,ZHF,15221
张会风,ZHF,15222
朱怀甫,ZHF,15223
赵海峰,ZHF,15224
赵海港,ZHG,15225
张华阁,ZHG,15226
周惠刚,ZHG,15227
周欢欢,ZHH,15228
张洪海,ZHH,15229
张洪华,ZHH,15230
章华海,ZHH,15231
张华军,ZHJ,15232
周华静,ZHJ,15233
张宏军,ZHJ,15234
张海军,ZHJ,15235
周宏钧,ZHJ,15236
郑汉君,ZHJ,15237
张焕杰,ZHJ,15238
张海娟,ZHJ,15239
赵华俊,ZHJ,15240
张豪杰,ZHJ,15241
赵慧娟,ZHJ,15242
张浩洁,ZHJ,15243
周会娟,ZHJ,15244
张洪军,ZHJ,15245
周惠洁,ZHJ,15246
张会凯,ZHK,15247
张惠康,ZHK,15248
张惠锴,ZHK,15249
张晗露,ZHL,15250
张惠玲,ZHL,15251
张鸿莉,ZHL,15252
张和柳,ZHL,15253
张虎林,ZHL,15254
周华丽,ZHL,15255
赵慧玲,ZHL,15256
张海龙,ZHL,15257
朱海龙,ZHL,15258
赵海伦,ZHL,15259
张海亮,ZHL,15260
祖哈丽,ZHL,15261
朱红丽,ZHL,15262
祖哈丽努,ZHLN,15263
张宏明,ZHM,15264
赵海民,ZHM,15265
赵慧敏,ZHM,15266
朱惠敏,ZHM,15267
赵红梅,ZHM,15268
周伙明,ZHM,15269
朱宏梅,ZHM,15270
张红梅,ZHM,15271
张华铭,ZHM,15272
张宏谋,ZHM,15273
朱怀明,ZHM,15274
张慧敏,ZHM,15275
郑红梅,ZHM,15276
詹海南,ZHN,15277
郑海鸥,ZHO,15278
张海平,ZHP,15279
张惠萍,ZHP,15280
周惠平,ZHP,15281
郑海平,ZHP,15282
周红旆,ZHP,15283
朱辉平,ZHP,15284
赵慧萍,ZHP,15285
张合庆,ZHQ,15286
朱慧卿,ZHQ,15287
张惠群,ZHQ,15288
赵惠琴,ZHQ,15289
赵海琴,ZHQ,15290
赵鸿荃,ZHQ,15291
张华清,ZHQ,15292
周宏荣,ZHR,15293
周海睿,ZHR,15294
詹辉荣,ZHR,15295
钟惠松,ZHS,15296
赵洪山,ZHS,15297
张红胜,ZHS,15298
张红头,ZHT,15299
周洪涛,ZHT,15300
张海涛,ZHT,15301
赵海涛,ZHT,15302
朱洪涛,ZHT,15303
张红卫,ZHW,15304
张洪伟,ZHW,15305
赵洪伟,ZHW,15306
张华文,ZHW,15307
张宏伟,ZHW,15308
张鸿伟,ZHW,15309
郑宏新,ZHX,15310
周红希,ZHX,15311
郑红霞,ZHX,15312
张海霞,ZHX,15313
张昊旭,ZHX,15314
张红香,ZHX,15315
赵洪霞,ZHX,15316
张焕新,ZHX,15317
周恒新,ZHX,15318
张红雄,ZHX,15319
张洪星,ZHX,15320
朱红艳,ZHY,15321
赵华扬,ZHY,15322
张海燕,ZHY,15323
钟海燕,ZHY,15324
张慧雅,ZHY,15325
朱海岩,ZHY,15326
章鸿雁,ZHY,15327
张宏艳,ZHY,15328
周红映,ZHY,15329
张慧媛,ZHY,15330
周慧英,ZHY,15331
赵洪英,ZHY,15332
周海云,ZHY,15333
左红云,ZHY,15334
张宏元,ZHY,15335
赵红英,ZHY,15336
周虹艳,ZHY,15337
周航宇,ZHY,15338
郑红艳,ZHY,15339
朱宏扬,ZHY,15340
张宏宇,ZHY,15341
周海燕,ZHY,15342
朱宏宇,ZHY,15343
赵海云,ZHY,15344
张红艳,ZHY,15345
张环宇,ZHY,15346
张宏志,ZHZ,15347
周怀洲,ZHZ,15348
张华中,ZHZ,15349
张慧珍,ZHZ,15350
仲华智,ZHZ,15351
张海忠,ZHZ,15352
郑焕周,ZHZ,15353
朱惠珍,ZHZ,15354
张静,ZJ,15355
周劲,ZJ,15356
钟菁,ZJ,15357
张军,ZJ,15358
赵静,ZJ,15359
周洁,ZJ,15360
赵军,ZJ,15361
张健,ZJ,15362
张杰,ZJ,15363
张洁,ZJ,15364
朱江,ZJ,15365
张崛,ZJ,15366
周军,ZJ,15367
周嘉,ZJ,15368
赵健,ZJ,15369
周杰,ZJ,15370
张剑,ZJ,15371
周建,ZJ,15372
张嘉,ZJ,15373
周娟,ZJ,15374
张晶,ZJ,15375
周健,ZJ,15376
赵杰,ZJ,15377
赵建,ZJ,15378
张京,ZJ,15379
张捷,ZJ,15380
朱杰,ZJ,15381
张姜,ZJ,15382
朱婧,ZJ,15383
朱坚,ZJ,15384
赵洁,ZJ,15385
周骥,ZJ,15386
张俊,ZJ,15387
张佳,ZJ,15388
赵江,ZJ,15389
祝健,ZJ,15390
郑金,ZJ,15391
周婕,ZJ,15392
张金,ZJ,15393
庄军,ZJ,15394
周婧,ZJ,15395
赵瑾,ZJ,15396
张娟,ZJ,15397
周进,ZJ,15398
赵娟,ZJ,15399
周家,ZJ,15400
甄瑾,ZJ,15401
张君,ZJ,15402
祝杰,ZJ,15403
张蛟,ZJ,15404
郑娟,ZJ,15405
周晶,ZJ,15406
张继,ZJ,15407
郑家,ZJ,15408
郑军,ZJ,15409
张健安,ZJA,15410
张剑波,ZJB,15411
周建波,ZJB,15412
张建兵,ZJB,15413
郑继兵,ZJB,15414
庄剑斌,ZJB,15415
赵金才,ZJC,15416
张玖春,ZJC,15417
钟久长,ZJC,15418
周洁淳,ZJC,15419
张杰川,ZJC,15420
张金灿,ZJC,15421
张继超,ZJC,15422
张建成,ZJC,15423
庄建定,ZJD,15424
张锦娣,ZJD,15425
张加典,ZJD,15426
张家典,ZJD,15427
张俊东,ZJD,15428
张久东,ZJD,15429
张洁独任,ZJDR,15430
张健独任,ZJDR,15431
张蛟独任,ZJDR,15432
张剑锋,ZJF,15433
周建飞,ZJF,15434
周剑峰,ZJF,15435
张建峰,ZJF,15436
赵俊芳,ZJF,15437
赵金富,ZJF,15438
周建发,ZJF,15439
周剑锋,ZJF,15440
朱静芳,ZJF,15441
赵剑锋,ZJF,15442
赵继锋,ZJF,15443
张建芳,ZJF,15444
邹剑飞,ZJF,15445
周晋锋,ZJF,15446
周俊峰,ZJF,15447
周建国,ZJG,15448
张建国,ZJG,15449
朱杰光,ZJG,15450
张金国,ZJG,15451
朱纪红,ZJH,15452
张建海,ZJH,15453
张金华,ZJH,15454
赵建华,ZJH,15455
周建华,ZJH,15456
钟建虹,ZJH,15457
赵吉和,ZJH,15458
赵建晃,ZJH,15459
张建华,ZJH,15460
朱建华,ZJH,15461
赵继红,ZJH,15462
左金辉,ZJH,15463
邹建辉,ZJH,15464
张金红,ZJH,15465
张继海,ZJH,15466
周吉红,ZJH,15467
周君和,ZJH,15468
赵君鸿,ZJH,15469
张继红,ZJH,15470
张敬红,ZJH,15471
张江湖,ZJH,15472
周锦海,ZJH,15473
周经辉,ZJH,15474
周金虎,ZJH,15475
朱金晖,ZJH,15476
左金辉担,ZJHD,15477
张继佳,ZJJ,15478
赵冀军,ZJJ,15479
张建军,ZJJ,15480
张继进,ZJJ,15481
张晋军,ZJJ,15482
张军军,ZJJ,15483
赵建杰,ZJJ,15484
左娟娟,ZJJ,15485
周建坤,ZJK,15486
朱俊科,ZJK,15487
张吉奎,ZJK,15488
庄金奎,ZJK,15489
张建坤,ZJK,15490
赵金慨,ZJK,15491
张建禄,ZJL,15492
赵娟丽,ZJL,15493
周加历,ZJL,15494
张建丽,ZJL,15495
张金龙,ZJL,15496
朱金龙,ZJL,15497
朱俊岭,ZJL,15498
张家立,ZJL,15499
赵继林,ZJL,15500
周家亮,ZJL,15501
左嘉龙,ZJL,15502
张继林,ZJL,15503
张锦乐,ZJL,15504
张继亮,ZJL,15505
张敬美,ZJM,15506
张继梅,ZJM,15507
张建明,ZJM,15508
张金敏,ZJM,15509
朱建梅,ZJM,15510
张金梅,ZJM,15511
张继明,ZJM,15512
朱剑媚,ZJM,15513
赵俊梅,ZJM,15514
朱建明,ZJM,15515
张健民,ZJM,15516
周济民,ZJM,15517
周继耐,ZJN,15518
郑家楠,ZJN,15519
郑金藕,ZJO,15520
张建平,ZJP,15521
郑金鹏,ZJP,15522
张家坡,ZJP,15523
赵晋鹏,ZJP,15524
张俊平,ZJP,15525
赵建平,ZJP,15526
张静平,ZJP,15527
张军庆,ZJQ,15528
周家青,ZJQ,15529
张景琦,ZJQ,15530
张建强,ZJQ,15531
赵金蓉,ZJR,15532
朱建荣,ZJR,15533
张洁茹,ZJR,15534
周俊生,ZJS,15535
张建山,ZJS,15536
张进生,ZJS,15537
邹劲松,ZJS,15538
周劲松,ZJS,15539
周菊生,ZJS,15540
张江枢,ZJS,15541
张巨涛,ZJT,15542
赵久涛,ZJT,15543
张俊体,ZJT,15544
张金伟,ZJW,15545
张剑文,ZJW,15546
张举武,ZJW,15547
周峻纬,ZJW,15548
张建文,ZJW,15549
张竞文,ZJW,15550
赵加卫,ZJW,15551
张军伟,ZJW,15552
朱菊霞,ZJX,15553
张静霞,ZJX,15554
赵俊霞,ZJX,15555
朱建新,ZJX,15556
卓建新,ZJX,15557
詹静娴,ZJX,15558
周家新,ZJX,15559
张建新,ZJX,15560
赵军霞,ZJX,15561
周建新,ZJX,15562
朱嘉雪,ZJX,15563
赵建孝,ZJX,15564
周景喜,ZJX,15565
周金英,ZJY,15566
周金娅,ZJY,15567
周景云,ZJY,15568
赵建英,ZJY,15569
张峻源,ZJY,15570
周静宜,ZJY,15571
朱杰焰,ZJY,15572
赵建业,ZJY,15573
张家宇,ZJY,15574
张均佑,ZJY,15575
周珏宇,ZJY,15576
张敬元,ZJY,15577
周建英,ZJY,15578
周加友,ZJY,15579
张敬宇,ZJY,15580
张俊英,ZJY,15581
赵继英,ZJY,15582
赵静怡,ZJY,15583
张金玉,ZJY,15584
周俊英,ZJY,15585
周家珍,ZJZ,15586
张吉政,ZJZ,15587
张菊芝,ZJZ,15588
赵嘉志,ZJZ,15589
邹建中,ZJZ,15590
张江洲,ZJZ,15591
张建芝,ZJZ,15592
张建章,ZJZ,15593
朱建彰,ZJZ,15594
张凯,ZK,15595
赵凯,ZK,15596
赵柯,ZK,15597
朱琨,ZK,15598
周坤,ZK,15599
赵可,ZK,15600
张恺,ZK,15601
周克,ZK,15602
周凯,ZK,15603
周侃,ZK,15604
张珂,ZK,15605
张葵,ZK,15606
昝坤,ZK,15607
张堃,ZK,15608
张琨,ZK,15609
庄克,ZK,15610
张可,ZK,15611
张扣成,ZKC,15612
张克大,ZKD,15613
张琨独任,ZKDR,15614
周葵光,ZKG,15615
朱康华,ZKH,15616
赵克金,ZKJ,15617
张克军,ZKJ,15618
朱铠铠,ZKK,15619
祖克磊,ZKL,15620
朱开苗,ZKM,15621
张开明,ZKM,15622
张克南,ZKN,15623
庄克平,ZKP,15624
周可平,ZKP,15625
赵克清,ZKQ,15626
周克荣,ZKR,15627
朱坤荣,ZKR,15628
朱可胜,ZKS,15629
张克松,ZKS,15630
张孔文,ZKW,15631
赵魁煊,ZKX,15632
周开源,ZKY,15633
郑开育,ZKY,15634
张俐,ZL,15635
张磊,ZL,15636
赵林,ZL,15637
张丽,ZL,15638
郑磊,ZL,15639
张莉,ZL,15640
周莉,ZL,15641
张玲,ZL,15642
张琳,ZL,15643
赵丽,ZL,15644
周雷,ZL,15645
赵亮,ZL,15646
周玲,ZL,15647
张立,ZL,15648
张岚,ZL,15649
朱莉,ZL,15650
周兰,ZL,15651
朱琳,ZL,15652
朱蕾,ZL,15653
张灵,ZL,15654
张良,ZL,15655
钟利,ZL,15656
张鲁,ZL,15657
朱利,ZL,15658
祖亮,ZL,15659
庄磊,ZL,15660
郑琳,ZL,15661
长吕,ZL,15662
周鹭,ZL,15663
张利,ZL,15664
郑丽,ZL,15665
邹林,ZL,15666
张林,ZL,15667
赵璐,ZL,15668
张亮,ZL,15669
张力,ZL,15670
昝龙,ZL,15671
赵廉,ZL,15672
张雷,ZL,15673
张蕾,ZL,15674
邹立,ZL,15675
朱联,ZL,15676
郑銮,ZL,15677
邹玲,ZL,15678
朱亮,ZL,15679
郑雷,ZL,15680
赵力,ZL,15681
周磊,ZL,15682
赵莉,ZL,15683
朱林,ZL,15684
周亮,ZL,15685
张璐,ZL,15686
张来,ZL,15687
赵磊,ZL,15688
周拉,ZL,15689
张伶,ZL,15690
张凌,ZL,15691
赵琳,ZL,15692
张连波,ZLB,15693
郑林冲,ZLC,15694
朱丽翠,ZLC,15695
周鹭荻,ZLD,15696
张岚锋,ZLF,15697
支兰芬,ZLF,15698
张立国,ZLG,15699
赵历刚,ZLG,15700
郑立刚,ZLG,15701
钟丽华,ZLH,15702
周黎晖,ZLH,15703
张丽华,ZLH,15704
周莉华,ZLH,15705
周玲红,ZLH,15706
祝令合,ZLH,15707
朱林华,ZLH,15708
祝丽红,ZLH,15709
张列华,ZLH,15710
张令花,ZLH,15711
朱丽静,ZLJ,15712
赵丽娟,ZLJ,15713
周丽君,ZLJ,15714
郑丽君,ZLJ,15715
张利军,ZLJ,15716
赵立军,ZLJ,15717
赵莉娟,ZLJ,15718
张利剑,ZLJ,15719
周利军,ZLJ,15720
张龙剑,ZLJ,15721
张立建,ZLJ,15722
张立君,ZLJ,15723
张丽娟,ZLJ,15724
张龙军,ZLJ,15725
赵丽君,ZLJ,15726
张兰姬,ZLJ,15727
朱丽佳,ZLJ,15728
张丽坤,ZLK,15729
卓黎黎,ZLL,15730
张丽丽,ZLL,15731
张龙洛,ZLL,15732
张磊磊,ZLL,15733
赵澜岚,ZLL,15734
朱琳琳,ZLL,15735
张乐乐,ZLL,15736
朱黎莉,ZLL,15737
张璐璐,ZLL,15738
赵丽丽,ZLL,15739
张玲玲,ZLL,15740
张凌岚,ZLL,15741
赵林林,ZLL,15742
朱利力,ZLL,15743
邹凌琳,ZLL,15744
朱联明,ZLM,15745
张黎明,ZLM,15746
张隆敏,ZLM,15747
郑丽明,ZLM,15748
张利敏,ZLM,15749
张利民,ZLM,15750
周录梅,ZLM,15751
张林敏,ZLM,15752
周黎明,ZLM,15753
张莉娜,ZLN,15754
朱丽娜,ZLN,15755
周丽娜,ZLN,15756
庄玲娜,ZLN,15757
左莉娜,ZLN,15758
张利娜,ZLN,15759
郑林娜,ZLN,15760
赵丽萍,ZLP,15761
张丽萍,ZLP,15762
郑立平,ZLP,15763
张立鹏,ZLP,15764
周莲萍,ZLP,15765
郑利平,ZLP,15766
张领平,ZLP,15767
张立群,ZLQ,15768
张莉琴,ZLQ,15769
朱丽琴,ZLQ,15770
朱莉青,ZLQ,15771
郑兰清,ZLQ,15772
朱烈旗,ZLQ,15773
张丽芹,ZLQ,15774
张林如,ZLR,15775
张利荣,ZLR,15776
张林生,ZLS,15777
张丽涛,ZLT,15778
周立伟,ZLW,15779
张罗文,ZLW,15780
赵丽炜,ZLW,15781
张亮文,ZLW,15782
庄玲无异,ZLWY,15783
张立新,ZLX,15784
张立祥,ZLX,15785
赵丽霞,ZLX,15786
赵丽侠,ZLX,15787
张亮学,ZLX,15788
周立雄,ZLX,15789
赵立新,ZLX,15790
张来喜,ZLX,15791
张丽霞,ZLX,15792
张莉艳,ZLY,15793
钟凌云,ZLY,15794
周力影,ZLY,15795
张丽亚,ZLY,15796
赵龙跃,ZLY,15797
张凌宇,ZLY,15798
赵连玉,ZLY,15799
张丽英,ZLY,15800
赵凌云,ZLY,15801
朱凌云,ZLY,15802
赵丽亚,ZLY,15803
张玲燕,ZLY,15804
张丽云,ZLY,15805
郑凌云,ZLY,15806
张林竹,ZLZ,15807
张连中,ZLZ,15808
赵立佐,ZLZ,15809
朱敏,ZM,15810
赵梅,ZM,15811
左敏,ZM,15812
郑敏,ZM,15813
张明,ZM,15814
周明,ZM,15815
张梅,ZM,15816
张鸣,ZM,15817
张茉,ZM,15818
张萌,ZM,15819
赵敏,ZM,15820
张敏,ZM,15821
张旻,ZM,15822
张曼,ZM,15823
纵梅,ZM,15824
朱妙,ZM,15825
张淼,ZM,15826
周茂,ZM,15827
周闽,ZM,15828
张某,ZM,15829
周敏,ZM,15830
赵某,ZM,15831
张猛,ZM,15832
卓玛本,ZMB,15833
张明聪,ZMC,15834
卓玛才旦,ZMCD,15835
赵敏独任,ZMDR,15836
周敏儿,ZME,15837
周明芳,ZMF,15838
张敏夫,ZMF,15839
邹明刚,ZMG,15840
赵明辉,ZMH,15841
张明华,ZMH,15842
郑敏慧,ZMH,15843
张曼慧,ZMH,15844
郑明海,ZMH,15845
周瞒华,ZMH,15846
周美华,ZMH,15847
周敏虎,ZMH,15848
仲明镜,ZMJ,15849
周明金,ZMJ,15850
张敏洁,ZMJ,15851
张梦娟,ZMJ,15852
周鸣杰,ZMJ,15853
周明莲,ZML,15854
赵梦莅,ZML,15855
张咪咪,ZMM,15856
赵美娜,ZMN,15857
庄明鹏,ZMP,15858
张民鹏,ZMP,15859
章鸣平,ZMP,15860
钟明强,ZMQ,15861
邹敏俏,ZMQ,15862
卓玛青芝,ZMQZ,15863
赵敏如,ZMR,15864
张铭睿,ZMR,15865
张民生,ZMS,15866
左民廷,ZMT,15867
张明涛,ZMT,15868
赵明伟,ZMW,15869
张孟伟,ZMW,15870
周茂武,ZMW,15871
赵梅香,ZMX,15872
张茂鑫,ZMX,15873
赵明喜,ZMX,15874
赵明霞,ZMX,15875
张明跃,ZMY,15876
郑明友,ZMY,15877
张明宇,ZMY,15878
只玛永宗,ZMYZ,15879
钟明正,ZMZ,15880
甄满长,ZMZ,15881
张敏仲,ZMZ,15882
张宁,ZN,15883
赵娜,ZN,15884
赵宁,ZN,15885
张娜,ZN,15886
忠耐,ZN,15887
张楠,ZN,15888
张楠明,ZNM,15889
张妮娜,ZNN,15890
周宁平,ZNP,15891
张南生,ZNS,15892
张南雪,ZNX,15893
周萍,ZP,15894
祝平,ZP,15895
张萍,ZP,15896
周鹏,ZP,15897
朱萍,ZP,15898
张鹏,ZP,15899
张平,ZP,15900
周平,ZP,15901
赵平,ZP,15902
宗盼,ZP,15903
张朋,ZP,15904
邹鹏,ZP,15905
赵攀,ZP,15906
张珮,ZP,15907
赵萍,ZP,15908
张澎,ZP,15909
朱鹏,ZP,15910
赵鹏,ZP,15911
章萍,ZP,15912
赵平安,ZPA,15913
周平波,ZPB,15914
张平川,ZPC,15915
张鹏程,ZPC,15916
张培娥,ZPE,15917
张鹏飞,ZPF,15918
张培峰,ZPF,15919
张培方,ZPF,15920
张朋朋,ZPP,15921
赵珮珮,ZPP,15922
朱璞玮,ZPW,15923
张鹏宇,ZPY,15924
张培颖,ZPY,15925
朱鹏翼,ZPY,15926
庄培振,ZPZ,15927
郑茜,ZQ,15928
周强,ZQ,15929
赵钦,ZQ,15930
张荃,ZQ,15931
郑琪,ZQ,15932
赵乾,ZQ,15933
张琼,ZQ,15934
张茜,ZQ,15935
张麒,ZQ,15936
宗倩,ZQ,15937
钟强,ZQ,15938
赵倩,ZQ,15939
张强,ZQ,15940
周琼,ZQ,15941
张清,ZQ,15942
张群,ZQ,15943
赵勤,ZQ,15944
张卿,ZQ,15945
钟庆,ZQ,15946
张琪,ZQ,15947
郑清,ZQ,15948
周乔,ZQ,15949
赵骞,ZQ,15950
郑琦,ZQ,15951
朱秦,ZQ,15952
张泉,ZQ,15953
钟权,ZQ,15954
张骞,ZQ,15955
周秋,ZQ,15956
张倩,ZQ,15957
周青,ZQ,15958
朱启,ZQ,15959
张齐,ZQ,15960
张巧,ZQ,15961
赵卿,ZQ,15962
左庆,ZQ,15963
邹琴,ZQ,15964
周群,ZQ,15965
郑强,ZQ,15966
昝奇,ZQ,15967
郑权,ZQ,15968
周庆,ZQ,15969
张乾,ZQ,15970
郑清安,ZQA,15971
张青波,ZQB,15972
赵庆博,ZQB,15973
赵沁斌,ZQB,15974
张黔川,ZQC,15975
周庆春,ZQC,15976
赵庆川,ZQC,15977
周庆典,ZQD,15978
钟奇峰,ZQF,15979
张庆飞,ZQF,15980
周秋扶,ZQF,15981
朱秋发,ZQF,15982
朱秋发担,ZQFD,15983
郑庆国,ZQG,15984
张庆国,ZQG,15985
张泉河,ZQH,15986
朱庆海,ZQH,15987
张奇辉,ZQH,15988
张琼辉,ZQH,15989
张勤花,ZQH,15990
周巧慧,ZQH,15991
钟庆海,ZQH,15992
张庆华,ZQH,15993
周启金,ZQJ,15994
张秋菊,ZQJ,15995
张庆津,ZQJ,15996
周啟金,ZQJ,15997
张庆久,ZQJ,15998
张庆江,ZQJ,15999
朱庆杰,ZQJ,16000
左全俊,ZQJ,16001
赵清库,ZQK,16002
左庆凯,ZQK,16003
朱啟奎,ZQK,16004
周庆琳,ZQL,16005
赵秋岚,ZQL,16006
周庆林,ZQL,16007
张清磊,ZQL,16008
支起来,ZQL,16009
张巧玲,ZQL,16010
章祈伦,ZQL,16011
朱启明,ZQM,16012
周琼梅,ZQM,16013
张勤铭,ZQM,16014
周青浦,ZQP,16015
赵庆鹏,ZQP,16016
竹庆平,ZQP,16017
朱茜茜,ZQQ,16018
周倩倩,ZQQ,16019
张巧巧,ZQQ,16020
张起荣,ZQR,16021
赵全荣,ZQR,16022
张庆荣,ZQR,16023
周秋松,ZQS,16024
张秋生,ZQS,16025
张庆生,ZQS,16026
张清松,ZQS,16027
张青山,ZQS,16028
张清堂,ZQT,16029
钟绮文,ZQW,16030
钟倩文,ZQW,16031
周倩文,ZQW,16032
周庆文,ZQW,16033
张琴雯,ZQW,16034
赵清祥,ZQX,16035
邹晴贤,ZQX,16036
赵秋香,ZQX,16037
周祺祥,ZQX,16038
钟庆阳,ZQY,16039
周启银,ZQY,16040
朱七一,ZQY,16041
郑晴艳,ZQY,16042
张启宇,ZQY,16043
朱秋英,ZQY,16044
张琼玉,ZQY,16045
张齐玥,ZQY,16046
赵倩玉,ZQY,16047
朱启艳,ZQY,16048
赵庆勇,ZQY,16049
朱全招,ZQZ,16050
朱庆臻,ZQZ,16051
朱庆忠,ZQZ,16052
周其忠,ZQZ,16053
赵融,ZR,16054
赵蓉,ZR,16055
郑荣,ZR,16056
邹容,ZR,16057
张蕊,ZR,16058
张锐,ZR,16059
张瑞,ZR,16060
周荣,ZR,16061
张荣,ZR,16062
詹荣安,ZRA,16063
张荣斌,ZRB,16064
张仁潮,ZRC,16065
张任德,ZRD,16066
张润铎,ZRD,16067
赵睿光,ZRG,16068
张如国,ZRG,16069
赵瑞国,ZRG,16070
钟汝惠,ZRH,16071
朱瑞华,ZRH,16072
朱荣海,ZRH,16073
钟瑞华,ZRH,16074
张汝红,ZRH,16075
张锐华,ZRH,16076
张仁华,ZRH,16077
张让江,ZRJ,16078
张瑞军,ZRJ,16079
张瑞君,ZRJ,16080
张荣坤,ZRK,16081
郑若丽,ZRL,16082
泽仁拉姆,ZRLM,16083
章荣旻,ZRM,16084
张润平,ZRP,16085
郑荣平,ZRP,16086
张荣琴,ZRQ,16087
朱若荪,ZRS,16088
张荣胜,ZRS,16089
张仁文,ZRW,16090
周蓉仙,ZRX,16091
郑润祥,ZRX,16092
赵瑞祥,ZRX,16093
张汝宵,ZRX,16094
周瑞骁,ZRX,16095
赵瑞英,ZRY,16096
赵若愚,ZRY,16097
赵日友,ZRY,16098
赵仁洋,ZRY,16099
朱仁跃,ZRY,16100
张飒,ZS,16101
张苏,ZS,16102
张森,ZS,16103
张松,ZS,16104
钟胜,ZS,16105
张帅,ZS,16106
张闪,ZS,16107
张胜,ZS,16108
赵声,ZS,16109
赵石,ZS,16110
周思,ZS,16111
赵森,ZS,16112
张遂,ZS,16113
扎桑,ZS,16114
张示,ZS,16115
张水,ZS,16116
张硕,ZS,16117
郑树,ZS,16118
张世斌,ZSB,16119
张胜斌,ZSB,16120
张士斌,ZSB,16121
朱顺晟,ZSC,16122
张世成,ZSC,16123
郑树成,ZSC,16124
郑苏程,ZSC,16125
赵升东,ZSD,16126
张思东,ZSD,16127
张士栋,ZSD,16128
张适独任,ZSDR,16129
张拴恩,ZSE,16130
张四恩,ZSE,16131
邹世发,ZSF,16132
张守峰,ZSF,16133
张树凡,ZSF,16134
张素芳,ZSF,16135
张曙凤,ZSF,16136
左树芳,ZSF,16137
赵盛国,ZSG,16138
张生贵,ZSG,16139
张世国,ZSG,16140
赵守国,ZSG,16141
张树光,ZSG,16142
赵少华,ZSH,16143
张双华,ZSH,16144
张世恒,ZSH,16145
赵寿花,ZSH,16146
张士宏,ZSH,16147
赵守红,ZSH,16148
真舜华,ZSH,16149
张松花,ZSH,16150
张圣昊,ZSH,16151
张山花,ZSH,16152
周思军,ZSJ,16153
郑少杰,ZSJ,16154
郑淑君,ZSJ,16155
张胜杰,ZSJ,16156
张少军,ZSJ,16157
周水金,ZSJ,16158
訾淑娟,ZSJ,16159
张世军,ZSJ,16160
张淑菁,ZSJ,16161
张树崑,ZSK,16162
臧世凯,ZSK,16163
周世魁,ZSK,16164
张少凯,ZSK,16165
朱生凯,ZSK,16166
周绍凯,ZSK,16167
张升陆,ZSL,16168
张思龙,ZSL,16169
张树立,ZSL,16170
张淑玲,ZSL,16171
张水利,ZSL,16172
赵声礼,ZSL,16173
张树林,ZSL,16174
张少龙,ZSL,16175
赵士梅,ZSM,16176
周庶明,ZSM,16177
张胜民,ZSM,16178
张绍某,ZSM,16179
郑守明,ZSM,16180
张绍萍,ZSP,16181
周世平,ZSP,16182
张少品,ZSP,16183
朱世平,ZSP,16184
张双全,ZSQ,16185
张士谦,ZSQ,16186
周山青,ZSQ,16187
张素琴,ZSQ,16188
张顺清,ZSQ,16189
章树清,ZSQ,16190
张绍强,ZSQ,16191
赵树青,ZSQ,16192
支社旗,ZSQ,16193
钟升祺,ZSQ,16194
张生青,ZSQ,16195
张素荣,ZSR,16196
朱寿如,ZSR,16197
张闪闪,ZSS,16198
郑珊珊,ZSS,16199
赵莎莎,ZSS,16200
郑斯斯,ZSS,16201
张珊珊,ZSS,16202
张树生,ZSS,16203
张松涛,ZST,16204
张松堂,ZST,16205
郑士田,ZST,16206
郑寿文,ZSW,16207
郑世文,ZSW,16208
周思文,ZSW,16209
扎桑旺姆,ZSWM,16210
郑士新,ZSX,16211
张淑秀,ZSX,16212
张淑侠,ZSX,16213
张世祥,ZSX,16214
赵淑云,ZSY,16215
赵树勇,ZSY,16216
钟世友,ZSY,16217
张少宇,ZSY,16218
张绳远,ZSY,16219
左圣勇,ZSY,16220
张松岩,ZSY,16221
扎实央忠,ZSYZ,16222
朱世珍,ZSZ,16223
张慎祝,ZSZ,16224
钟沈作,ZSZ,16225
郑仕忠,ZSZ,16226
周绍庄,ZSZ,16227
郑少智,ZSZ,16228
张淑祝,ZSZ,16229
张婷,ZT,16230
周韬,ZT,16231
张挺,ZT,16232
张涛,ZT,16233
郑涛,ZT,16234
周涛,ZT,16235
周彤,ZT,16236
朱亭,ZT,16237
邹涛,ZT,16238
张彤,ZT,16239
俎彤,ZT,16240
朱天才,ZTC,16241
钟同锋,ZTF,16242
张铁华,ZTH,16243
张田辉,ZTH,16244
郑田红,ZTH,16245
朱铁军,ZTJ,16246
周铁军,ZTJ,16247
卓廷龙,ZTL,16248
张天明,ZTM,16249
张太平,ZTP,16250
郑讨勤,ZTQ,16251
邹挺谦,ZTQ,16252
张婷婷,ZTT,16253
张太铁,ZTT,16254
朱天晔,ZTY,16255
张陶冶,ZTY,16256
张添智,ZTZ,16257
周巍,ZW,16258
张维,ZW,16259
邹文,ZW,16260
赵卫,ZW,16261
张伟,ZW,16262
周伟,ZW,16263
张巍,ZW,16264
郑伟,ZW,16265
周雯,ZW,16266
朱伟,ZW,16267
张炜,ZW,16268
张文,ZW,16269
张威,ZW,16270
朱武,ZW,16271
仲伟,ZW,16272
祖伟,ZW,16273
钟炜,ZW,16274
钟文,ZW,16275
赵威,ZW,16276
郑婉,ZW,16277
郑炜,ZW,16278
赵伟,ZW,16279
朱尉,ZW,16280
庄文兵,ZWB,16281
赵卫兵,ZWB,16282
张文波,ZWB,16283
赵文宝,ZWB,16284
朱伟斌,ZWB,16285
张伟兵,ZWB,16286
赵文斌,ZWB,16287
赵五宝,ZWB,16288
赵文博,ZWB,16289
左武春,ZWC,16290
张武超,ZWC,16291
邹伟昌,ZWC,16292
张文灿,ZWC,16293
臧万成,ZWC,16294
邹万成,ZWC,16295
朱伟程,ZWC,16296
朱卫东,ZWD,16297
郑卫东,ZWD,16298
张卫东,ZWD,16299
周卫东,ZWD,16300
张文弟,ZWD,16301
张维独任,ZWDR,16302
张文峰,ZWF,16303
张卫锋,ZWF,16304
左文芳,ZWF,16305
赵卫方,ZWF,16306
张文根,ZWG,16307
周卫国,ZWG,16308
张卫国,ZWG,16309
朱卫刚,ZWG,16310
张卫红,ZWH,16311
周文辉,ZWH,16312
赵卫华,ZWH,16313
智文辉,ZWH,16314
周文花,ZWH,16315
郑文华,ZWH,16316
周卫华,ZWH,16317
朱文卉,ZWH,16318
张文红,ZWH,16319
朱文洪,ZWH,16320
郑文钧,ZWJ,16321
左文洁,ZWJ,16322
周渭军,ZWJ,16323
张文健,ZWJ,16324
张文君,ZWJ,16325
张文江,ZWJ,16326
张文娟,ZWJ,16327
张文菁,ZWJ,16328
张炜健,ZWJ,16329
卓维佳,ZWJ,16330
郑文健,ZWJ,16331
朱文娟,ZWJ,16332
张卫疆,ZWJ,16333
周伟佳,ZWJ,16334
朱万君,ZWJ,16335
张文杰,ZWJ,16336
朱卫军,ZWJ,16337
朱文箭,ZWJ,16338
周文婧,ZWJ,16339
赵文康,ZWK,16340
周万林,ZWL,16341
郑文龙,ZWL,16342
张文浪,ZWL,16343
章文兰,ZWL,16344
张炜琳,ZWL,16345
张伟良,ZWL,16346
泽翁龙加,ZWLJ,16347
周伟敏,ZWM,16348
张伟明,ZWM,16349
张伟民,ZWM,16350
赵万明,ZWM,16351
张文敏,ZWM,16352
赵卫民,ZWM,16353
张伟宁,ZWN,16354
赵卫平,ZWP,16355
张文平,ZWP,16356
张卫平,ZWP,16357
钟伟萍,ZWP,16358
庄伟鹏,ZWP,16359
周维平,ZWP,16360
钟伟平,ZWP,16361
赵晚晴,ZWQ,16362
朱潍群,ZWQ,16363
张卫群,ZWQ,16364
张文奇,ZWQ,16365
张文钦,ZWQ,16366
赵文松,ZWS,16367
张文硕,ZWS,16368
赵文生,ZWS,16369
朱维松,ZWS,16370
赵文涛,ZWT,16371
臧巍威,ZWW,16372
邹伟文,ZWW,16373
张文武,ZWW,16374
张维维,ZWW,16375
张万汶,ZWW,16376
朱雯雯,ZWW,16377
朱文协,ZWX,16378
周旺兴,ZWX,16379
赵文湘,ZWX,16380
郑伟贤,ZWX,16381
张卫星,ZWX,16382
赵文侠,ZWX,16383
朱为学,ZWX,16384
周文湘,ZWX,16385
郑文贤,ZWX,16386
赵万新,ZWX,16387
朱文艳,ZWY,16388
张文阳,ZWY,16389
朱维阳,ZWY,16390
张维跃,ZWY,16391
周卫英,ZWY,16392
张文茵,ZWY,16393
赵文英,ZWY,16394
张万友,ZWY,16395
祝伟业,ZWY,16396
周维勇,ZWY,16397
甄文渊,ZWY,16398
张卫洲,ZWZ,16399
郑文哲,ZWZ,16400
张伟征,ZWZ,16401
郑武哲,ZWZ,16402
郑文中,ZWZ,16403
张鑫,ZX,16404
张弦,ZX,16405
张昕,ZX,16406
张晓,ZX,16407
张霞,ZX,16408
张兴,ZX,16409
周欣,ZX,16410
郑星,ZX,16411
周霞,ZX,16412
赵霞,ZX,16413
郑昕,ZX,16414
赵新,ZX,16415
张辛,ZX,16416
张旭,ZX,16417
赵兴,ZX,16418
张小,ZX,16419
张雄,ZX,16420
张筱,ZX,16421
张显,ZX,16422
庄旭,ZX,16423
周香,ZX,16424
张炫,ZX,16425
张曦,ZX,16426
宗新,ZX,16427
郑欣,ZX,16428
钟欣,ZX,16429
周璇,ZX,16430
赵昕,ZX,16431
邹雪,ZX,16432
郑潇,ZX,16433
郑兴,ZX,16434
朱霞,ZX,16435
张欣,ZX,16436
赵曦,ZX,16437
赵星,ZX,16438
朱晓,ZX,16439
赵歆,ZX,16440
张秀,ZX,16441
赵晞,ZX,16442
张雪,ZX,16443
张小波,ZXB,16444
周肖兵,ZXB,16445
张西斌,ZXB,16446
张晓波,ZXB,16447
赵学川,ZXC,16448
朱浔春,ZXC,16449
张晓成,ZXC,16450
张晓春,ZXC,16451
张学成,ZXC,16452
张兴成,ZXC,16453
张显春,ZXC,16454
张显才,ZXC,16455
张旭翠,ZXC,16456
扎西次丁,ZXCD,16457
张旭东,ZXD,16458
赵旭东,ZXD,16459
朱晓冬,ZXD,16460
朱晓东,ZXD,16461
张晓东,ZXD,16462
赵晓东,ZXD,16463
朱晓冬担,ZXDD,16464
张雄独任,ZXDR,16465
扎西德西,ZXDX,16466
张宪锋,ZXF,16467
钟秀芳,ZXF,16468
张雪峰,ZXF,16469
张旭芳,ZXF,16470
张小芬,ZXF,16471
朱雪峰,ZXF,16472
朱新风,ZXF,16473
赵小飞,ZXF,16474
张霰霏,ZXF,16475
周喜凤,ZXF,16476
赵祥凤,ZXF,16477
赵勋凤,ZXF,16478
张希福,ZXF,16479
张兴发,ZXF,16480
周兴复,ZXF,16481
张新国,ZXG,16482
张晓刚,ZXG,16483
郑学刚,ZXG,16484
张训贵,ZXG,16485
章新古,ZXG,16486
赵小红,ZXH,16487
张祥虎,ZXH,16488
张晓红,ZXH,16489
钟晓红,ZXH,16490
郑享华,ZXH,16491
张秀鸿,ZXH,16492
张晓辉,ZXH,16493
周雪辉,ZXH,16494
赵祥海,ZXH,16495
周晓慧,ZXH,16496
张学焕,ZXH,16497
朱旭晖,ZXH,16498
张晓洪,ZXH,16499
钟兴华,ZXH,16500
张晓华,ZXH,16501
张迅寒,ZXH,16502
郑贤辉,ZXH,16503
赵学焕,ZXH,16504
邹啸弘,ZXH,16505
张小花,ZXH,16506
周秀红,ZXH,16507
郑向红,ZXH,16508
周小红,ZXH,16509
卓雄辉,ZXH,16510
张兴华,ZXH,16511
张小娟,ZXJ,16512
赵学军,ZXJ,16513
张晓杰,ZXJ,16514
张晓军,ZXJ,16515
周相君,ZXJ,16516
钟新阶,ZXJ,16517
郑学军,ZXJ,16518
章晓峻,ZXJ,16519
周小娟,ZXJ,16520
张新节,ZXJ,16521
张晓静,ZXJ,16522
赵锡军,ZXJ,16523
朱晓军,ZXJ,16524
仲新建,ZXJ,16525
张小娇,ZXJ,16526
朱希军,ZXJ,16527
张学军,ZXJ,16528
周祥凯,ZXK,16529
张小连,ZXL,16530
朱秀玲,ZXL,16531
张小岭,ZXL,16532
詹小林,ZXL,16533
张肖龙,ZXL,16534
朱学利,ZXL,16535
张晓丽,ZXL,16536
张晓玲,ZXL,16537
周小兰,ZXL,16538
赵晓琳,ZXL,16539
张小丽,ZXL,16540
周鲜伦,ZXL,16541
张小莉,ZXL,16542
周新莲,ZXL,16543
张晓林,ZXL,16544
张晓莉,ZXL,16545
张秀莲,ZXL,16546
张向龙,ZXL,16547
张鑫磊,ZXL,16548
张欣乐,ZXL,16549
周晓玲,ZXL,16550
张学良,ZXL,16551
张小龙,ZXL,16552
赵旭林,ZXL,16553
赵雪莲,ZXL,16554
邹晓玲,ZXL,16555
张香玲,ZXL,16556
张雪兰,ZXL,16557
周兴龙,ZXL,16558
郑晓丽,ZXL,16559
张学玲,ZXL,16560
张行亮,ZXL,16561
张小俐,ZXL,16562
张新良,ZXL,16563
周晓玲担,ZXLD,16564
赵晓明,ZXM,16565
郑小明,ZXM,16566
宗晓梅,ZXM,16567
张晓梅,ZXM,16568
朱秀梅,ZXM,16569
左新民,ZXM,16570
张小敏,ZXM,16571
张兴梅,ZXM,16572
张西敏,ZXM,16573
章雪梅,ZXM,16574
张秀梅,ZXM,16575
赵小明,ZXM,16576
赵效敏,ZXM,16577
者雪梅,ZXM,16578
张献民,ZXM,16579
章雪梅担,ZXMD,16580
张贤男,ZXN,16581
朱晓楠,ZXN,16582
赵新沛,ZXP,16583
赵兴萍,ZXP,16584
朱锡平,ZXP,16585
张晓萍,ZXP,16586
周小平,ZXP,16587
张秀萍,ZXP,16588
张小平,ZXP,16589
张小培,ZXP,16590
赵雪平,ZXP,16591
张晓平,ZXP,16592
周晓平,ZXP,16593
周秀清,ZXQ,16594
钟晓青,ZXQ,16595
郑兴群,ZXQ,16596
周小青,ZXQ,16597
张小芹,ZXQ,16598
张喜群,ZXQ,16599
周兴奇,ZXQ,16600
张先群,ZXQ,16601
张啸崎,ZXQ,16602
张秀琴,ZXQ,16603
张相卿,ZXQ,16604
张雪青,ZXQ,16605
郑小秋,ZXQ,16606
张学清,ZXQ,16607
张晓全,ZXQ,16608
张秀群,ZXQ,16609
张西强,ZXQ,16610
张新权,ZXQ,16611
张雪茹,ZXR,16612
张笑然,ZXR,16613
张旭升,ZXS,16614
赵祥森,ZXS,16615
张兴设,ZXS,16616
张旭松,ZXS,16617
钟学圣,ZXS,16618
郑小涛,ZXT,16619
张小涛,ZXT,16620
张晓婷,ZXT,16621
张小文,ZXW,16622
郑小伟,ZXW,16623
朱锡伟,ZXW,16624
张新伟,ZXW,16625
周晓文,ZXW,16626
郑雄文,ZXW,16627
周秀文,ZXW,16628
詹旭伟,ZXW,16629
朱小卫,ZXW,16630
赵喜维,ZXW,16631
邹学响,ZXX,16632
张晓霞,ZXX,16633
张小旭,ZXX,16634
朱信鑫,ZXX,16635
张小霞,ZXX,16636
张献英,ZXY,16637
周小滟,ZXY,16638
赵晓燕,ZXY,16639
周向阳,ZXY,16640
张晓毅,ZXY,16641
张秀云,ZXY,16642
张晓阳,ZXY,16643
赵新燕,ZXY,16644
张晓英,ZXY,16645
张新宇,ZXY,16646
朱兴亚,ZXY,16647
周晓玉,ZXY,16648
赵新宇,ZXY,16649
张显远,ZXY,16650
郑响应,ZXY,16651
赵星银,ZXY,16652
张秀阳,ZXY,16653
张显营,ZXY,16654
朱晓艳,ZXY,16655
钟小燕,ZXY,16656
张叙原,ZXY,16657
张小颖,ZXY,16658
张晓燕,ZXY,16659
朱晓云,ZXY,16660
赵昕亚,ZXY,16661
张学禹,ZXY,16662
郑学艳,ZXY,16663
张新云,ZXY,16664
张秀远,ZXY,16665
周小杨,ZXY,16666
张晓悦,ZXY,16667
张晓悅,ZXY,16668
邹兴宗,ZXZ,16669
赵修珠,ZXZ,16670
张熹臻,ZXZ,16671
赵协中,ZXZ,16672
张兴展,ZXZ,16673
周兴中,ZXZ,16674
钟晓珍,ZXZ,16675
周献忠,ZXZ,16676
朱小中,ZXZ,16677
扎西卓,ZXZ,16678
张先智,ZXZ,16679
赵行湛,ZXZ,16680
扎西卓嘎,ZXZG,16681
扎西卓玛,ZXZM,16682
朱颖,ZY,16683
张艳,ZY,16684
邹瑛,ZY,16685
张扬,ZY,16686
张颖,ZY,16687
张毅,ZY,16688
周跃,ZY,16689
周燕,ZY,16690
赵瑜,ZY,16691
张莹,ZY,16692
张焱,ZY,16693
赵焱,ZY,16694
周艳,ZY,16695
张勇,ZY,16696
朱玉,ZY,16697
张榆,ZY,16698
张燕,ZY,16699
周运,ZY,16700
张筠,ZY,16701
张寅,ZY,16702
周叶,ZY,16703
邹玥,ZY,16704
周玉,ZY,16705
赵岩,ZY,16706
郑艳,ZY,16707
钟跃,ZY,16708
赵宇,ZY,16709
赵镛,ZY,16710
张翼,ZY,16711
赵雁,ZY,16712
张义,ZY,16713
邹燕,ZY,16714
竺越,ZY,16715
张茵,ZY,16716
郑颖,ZY,16717
赵云,ZY,16718
张云,ZY,16719
左友,ZY,16720
张引,ZY,16721
周莹,ZY,16722
赵勇,ZY,16723
赵燕,ZY,16724
张有,ZY,16725
张阳,ZY,16726
赵瑛,ZY,16727
张晔,ZY,16728
周悦,ZY,16729
张钰,ZY,16730
张源,ZY,16731
张园,ZY,16732
周颖,ZY,16733
邹艳,ZY,16734
赵跃,ZY,16735
张伊,ZY,16736
郑英,ZY,16737
张宇,ZY,16738
周轶,ZY,16739
赵艺,ZY,16740
周雁,ZY,16741
赵阳,ZY,16742
章莹,ZY,16743
张永,ZY,16744
张瑜,ZY,16745
赵颖,ZY,16746
朱娅,ZY,16747
张岩,ZY,16748
钟越,ZY,16749
朱云,ZY,16750
钟源,ZY,16751
张雍,ZY,16752
张玥,ZY,16753
邹玉,ZY,16754
朱毅,ZY,16755
郑毅,ZY,16756
张银,ZY,16757
张妍,ZY,16758
周永,ZY,16759
张愉,ZY,16760
朱勇,ZY,16761
张元,ZY,16762
卓艳,ZY,16763
张烨,ZY,16764
周芸,ZY,16765
章龑,ZY,16766
赵钰,ZY,16767
周耀,ZY,16768
周赟,ZY,16769
周妍,ZY,16770
周宇,ZY,16771
张奕,ZY,16772
庄妍,ZY,16773
张媛,ZY,16774
周友,ZY,16775
张煜,ZY,16776
钟琰,ZY,16777
周艺,ZY,16778
郑莹,ZY,16779
张耘,ZY,16780
朱耘,ZY,16781
赵涌,ZY,16782
赵亚,ZY,16783
周延,ZY,16784
张跃,ZY,16785
赵夜,ZY,16786
钟勇,ZY,16787
赵玉,ZY,16788
赵曜,ZY,16789
张瑗,ZY,16790
赵羽,ZY,16791
朱洋,ZY,16792
周荧,ZY,16793
臧赟,ZY,16794
张远,ZY,16795
周玉波,ZYB,16796
张英斌,ZYB,16797
郑玉宝,ZYB,16798
周渊博,ZYB,16799
张颖斌,ZYB,16800
张云成,ZYC,16801
张依聪,ZYC,16802
张衍春,ZYC,16803
钟跃春,ZYC,16804
张琰成,ZYC,16805
周远超,ZYC,16806
郑云川,ZYC,16807
张艺超,ZYC,16808
朱迎春,ZYC,16809
张衍聪,ZYC,16810
赵玉成,ZYC,16811
詹亚臣,ZYC,16812
张艳昌,ZYC,16813
张砚池,ZYC,16814
张雅典,ZYD,16815
张艳冬,ZYD,16816
张昱东,ZYD,16817
郑元东,ZYD,16818
张友多,ZYD,16819
朱予东,ZYD,16820
张延东,ZYD,16821
赵英东,ZYD,16822
朱玉娥,ZYE,16823
臧跃峰,ZYF,16824
朱玉芳,ZYF,16825
郑玉飞,ZYF,16826
赵元凤,ZYF,16827
赵宇飞,ZYF,16828
朱云峰,ZYF,16829
赵亚飞,ZYF,16830
祝叶飞,ZYF,16831
周玉芳,ZYF,16832
周洋发,ZYF,16833
周毅峰,ZYF,16834
朱燕飞,ZYF,16835
赵燕飞,ZYF,16836
张应国,ZYG,16837
张勇刚,ZYG,16838
詹应国,ZYG,16839
朱永革,ZYG,16840
张玉国,ZYG,16841
张云华,ZYH,16842
周远红,ZYH,16843
周艳华,ZYH,16844
赵永恒,ZYH,16845
张燕华,ZYH,16846
张玉辉,ZYH,16847
赵映红,ZYH,16848
周彦海,ZYH,16849
张永华,ZYH,16850
郑永红,ZYH,16851
张友华,ZYH,16852
张跃怀,ZYH,16853
泽跃华,ZYH,16854
周耀辉,ZYH,16855
赵玉华,ZYH,16856
张翼宏,ZYH,16857
周永宏,ZYH,16858
赵艳辉,ZYH,16859
张永会,ZYH,16860
张玉晗,ZYH,16861
郑迎红,ZYH,16862
周彦华,ZYH,16863
张艳慧,ZYH,16864
周于晗,ZYH,16865
赵玉红,ZYH,16866
赵彦衡,ZYH,16867
赵雅慧,ZYH,16868
张以函,ZYH,16869
钟永洪,ZYH,16870
郑越海,ZYH,16871
朱永娟,ZYJ,16872
邹玉娟,ZYJ,16873
周赟珏,ZYJ,16874
张永军,ZYJ,16875
章云江,ZYJ,16876
郑余静,ZYJ,16877
朱燕佳,ZYJ,16878
张艳洁,ZYJ,16879
赵迎娇,ZYJ,16880
章友军,ZYJ,16881
张媛娇,ZYJ,16882
张彦俊,ZYJ,16883
赵延杰,ZYJ,16884
朱运俊,ZYJ,16885
张彦军,ZYJ,16886
张宇江,ZYJ,16887
赵亚杰,ZYJ,16888
赵英杰,ZYJ,16889
张玉江,ZYJ,16890
赵亚娟,ZYJ,16891
周艳君,ZYJ,16892
周玉洁,ZYJ,16893
张拥军,ZYJ,16894
赵玉军,ZYJ,16895
赵拥军,ZYJ,16896
朱英俊,ZYJ,16897
张永进,ZYJ,16898
张永奎,ZYK,16899
朱亚坤,ZYK,16900
张永丽,ZYL,16901
张云林,ZYL,16902
周艳霖,ZYL,16903
张延岚,ZYL,16904
章燕玲,ZYL,16905
周雅莉,ZYL,16906
张元亮,ZYL,16907
章蕴璐,ZYL,16908
赵玥珑,ZYL,16909
智亚利,ZYL,16910
郑映龙,ZYL,16911
詹一林,ZYL,16912
邹有林,ZYL,16913
张玉龙,ZYL,16914
张有林,ZYL,16915
张应利,ZYL,16916
朱应良,ZYL,16917
郑亚玲,ZYL,16918
赵艳丽,ZYL,16919
张胭镧,ZYL,16920
周艳玲,ZYL,16921
朱有亮,ZYL,16922
周余乐,ZYL,16923
张彦龙,ZYL,16924
章岳龙,ZYL,16925
张永林,ZYL,16926
张延龙,ZYL,16927
赵永丽,ZYL,16928
朱云妹,ZYM,16929
邹咏梅,ZYM,16930
张咏梅,ZYM,16931
赵颖梅,ZYM,16932
张艳梅,ZYM,16933
张永明,ZYM,16934
祖玉梅,ZYM,16935
张亚敏,ZYM,16936
周永敏,ZYM,16937
张永谋,ZYM,16938
张又明,ZYM,16939
张玉敏,ZYM,16940
赵宇明,ZYM,16941
钟野明,ZYM,16942
朱玉明,ZYM,16943
庄永明,ZYM,16944
郑有努,ZYN,16945
赵颖男,ZYN,16946
祝旖旎,ZYN,16947
张宇诺,ZYN,16948
张亚平,ZYP,16949
张永鹏,ZYP,16950
周永平,ZYP,16951
郑由平,ZYP,16952
周玉萍,ZYP,16953
周益萍,ZYP,16954
赵玉平,ZYP,16955
张亚萍,ZYP,16956
宗永平,ZYP,16957
张羽鹏,ZYP,16958
周亚萍,ZYP,16959
周艳萍,ZYP,16960
朱永萍,ZYP,16961
钟玉平,ZYP,16962
张艳卿,ZYQ,16963
赵涌钦,ZYQ,16964
赵娅琴,ZYQ,16965
张亚琦,ZYQ,16966
赵永强,ZYQ,16967
周雨晴,ZYQ,16968
朱永泉,ZYQ,16969
张运启,ZYQ,16970
朱义全,ZYQ,16971
周勇强,ZYQ,16972
张艳琴,ZYQ,16973
张耀旗,ZYQ,16974
郑玉清,ZYQ,16975
朱岩琴,ZYQ,16976
赵永奇,ZYQ,16977
周玉琴,ZYQ,16978
朱艳群,ZYQ,16979
郑跃强,ZYQ,16980
章奕琦,ZYQ,16981
张亚茹,ZYR,16982
周裕蓉,ZYR,16983
张永生,ZYS,16984
张延胜,ZYS,16985
周远松,ZYS,16986
张艺姝,ZYS,16987
张永寿,ZYS,16988
张友山,ZYS,16989
张裕胜,ZYS,16990
张宇桐,ZYT,16991
赵玉涛,ZYT,16992
朱燕婷,ZYT,16993
张圆婷,ZYT,16994
章英特,ZYT,16995
张雨婷,ZYT,16996
张雨亭,ZYT,16997
张永伟,ZYW,16998
张意文,ZYW,16999
张玉伟,ZYW,17000
张跃文,ZYW,17001
张耀伟,ZYW,17002
朱颜新,ZYX,17003
朱玉香,ZYX,17004
赵永贤,ZYX,17005
钟永昕,ZYX,17006
赵宇翔,ZYX,17007
张玉霞,ZYX,17008
张云霞,ZYX,17009
张玉晓,ZYX,17010
周宇轩,ZYX,17011
周业夏,ZYX,17012
周一心,ZYX,17013
张云祥,ZYX,17014
赵业勋,ZYX,17015
张远雄,ZYX,17016
张艳霞,ZYX,17017
张运岩,ZYY,17018
张燕园,ZYY,17019
钟元元,ZYY,17020
郑艳媛,ZYY,17021
周友义,ZYY,17022
张银玉,ZYY,17023
周亦元,ZYY,17024
赵奕阳,ZYY,17025
周莹莹,ZYY,17026
赵媛媛,ZYY,17027
赵洋洋,ZYY,17028
周永跃,ZYY,17029
郑怡雨,ZYY,17030
朱耀元,ZYY,17031
郑永周,ZYZ,17032
朱艺枝,ZYZ,17033
张云周,ZYZ,17034
朱以珍,ZYZ,17035
张永增,ZYZ,17036
周元璋,ZYZ,17037
周勇增,ZYZ,17038
赵银芝,ZYZ,17039
周延中,ZYZ,17040
朱峥,ZZ,17041
张震,ZZ,17042
张喆,ZZ,17043
张钊,ZZ,17044
庄智,ZZ,17045
周舟,ZZ,17046
赵赞,ZZ,17047
赵振,ZZ,17048
朱珠,ZZ,17049
郑治,ZZ,17050
周尊,ZZ,17051
郑梓,ZZ,17052
张正,ZZ,17053
郑卓,ZZ,17054
郑志,ZZ,17055
张智,ZZ,17056
朱政,ZZ,17057
则作,ZZ,17058
张中,ZZ,17059
张贞,ZZ,17060
周志,ZZ,17061
张镇安,ZZA,17062
张志斌,ZZB,17063
张周波,ZZB,17064
张正兵,ZZB,17065
张振斌,ZZB,17066
张智斌,ZZB,17067
张子超,ZZC,17068
张祖超,ZZC,17069
周中才,ZZC,17070
张祖成,ZZC,17071
赵正东,ZZD,17072
张志东,ZZD,17073
庄智独任,ZZDR,17074
张震独任,ZZDR,17075
张正范,ZZF,17076
周志峰,ZZF,17077
周昭福,ZZF,17078
朱志芳,ZZF,17079
张长凤,ZZF,17080
赵浙飞,ZZF,17081
张周芳,ZZF,17082
张志芳,ZZF,17083
周忠富,ZZF,17084
朱振峰,ZZF,17085
朱仲锋,ZZF,17086
张振峰,ZZF,17087
赵志发,ZZF,17088
张增光,ZZG,17089
朱战国,ZZG,17090
赵振国,ZZG,17091
张志刚,ZZG,17092
周志刚,ZZG,17093
张振海,ZZH,17094
张智慧,ZZH,17095
张泽辉,ZZH,17096
周治华,ZZH,17097
赵芝宏,ZZH,17098
周忠华,ZZH,17099
字兆鸿,ZZH,17100
张智华,ZZH,17101
郑作华,ZZH,17102
张正宏,ZZH,17103
张朝晖,ZZH,17104
周朝晖,ZZH,17105
张战洪,ZZH,17106
郑镇和,ZZH,17107
张志浩,ZZH,17108
张志华,ZZH,17109
郑朝晖,ZZH,17110
郑泽坚,ZZJ,17111
周仔君,ZZJ,17112
张志军,ZZJ,17113
朱振菊,ZZJ,17114
张振江,ZZJ,17115
赵振江,ZZJ,17116
张致君,ZZJ,17117
张正军,ZZJ,17118
张兆军,ZZJ,17119
张致金,ZZJ,17120
詹志瑾,ZZJ,17121
郑战杰,ZZJ,17122
周志坚,ZZJ,17123
宗志金,ZZJ,17124
朱召杰,ZZJ,17125
赵政凯,ZZK,17126
赵长坤,ZZK,17127
张志陆,ZZL,17128
赵正玲,ZZL,17129
张忠雷,ZZL,17130
张志林,ZZL,17131
朱兆林,ZZL,17132
张忠录,ZZL,17133
诸张琳,ZZL,17134
朱泽林,ZZL,17135
郑镇林,ZZL,17136
张占龙,ZZL,17137
郑泽利,ZZL,17138
郑志敏,ZZM,17139
张祖梅,ZZM,17140
章智敏,ZZM,17141
张志明,ZZM,17142
周正茂,ZZM,17143
周智敏,ZZM,17144
张忠敏,ZZM,17145
张占南,ZZN,17146
张振宁,ZZN,17147
左宗能,ZZN,17148
赵治楠,ZZN,17149
周志培,ZZP,17150
赵再平,ZZP,17151
祝兆平,ZZP,17152
张照鹏,ZZP,17153
张志鹏,ZZP,17154
赵志平,ZZP,17155
周自平,ZZP,17156
张征平,ZZP,17157
赵志强,ZZQ,17158
朱自前,ZZQ,17159
郑祖勤,ZZQ,17160
张志强,ZZQ,17161
张住强,ZZQ,17162
朱祖琴,ZZQ,17163
朱志庆,ZZQ,17164
赵志奇,ZZQ,17165
张终庆,ZZQ,17166
祝志琴,ZZQ,17167
张中任,ZZR,17168
赵泽荣,ZZR,17169
张智荣,ZZR,17170
张中让,ZZR,17171
钟钊生,ZZS,17172
左振山,ZZS,17173
张振山,ZZS,17174
郑自田,ZZT,17175
郑志武,ZZW,17176
张志文,ZZW,17177
张中文,ZZW,17178
张志伟,ZZW,17179
朱仲文,ZZW,17180
则作歪,ZZW,17181
赵志威,ZZW,17182
周子雄,ZZX,17183
张崭新,ZZX,17184
朱志雄,ZZX,17185
郑主兴,ZZX,17186
赵志轩,ZZX,17187
周志雄,ZZX,17188
朱正祥,ZZX,17189
张震星,ZZX,17190
周正兴,ZZX,17191
郑招祥,ZZX,17192
张照祥,ZZX,17193
张智雄,ZZX,17194
张志兴,ZZX,17195
张忠星,ZZX,17196
赵志学,ZZX,17197
章志祥,ZZX,17198
朱长祥,ZZX,17199
郑志勇,ZZY,17200
张忠源,ZZY,17201
张占营,ZZY,17202
张志勇,ZZY,17203
周征远,ZZY,17204
郑梓元,ZZY,17205
赵智一,ZZY,17206
张长云,ZZY,17207
赵宗阳,ZZY,17208
张之悦,ZZY,17209
张志远,ZZY,17210
钟治优,ZZY,17211
赵振营,ZZY,17212
周志勇,ZZY,17213
张正勇,ZZY,17214
张振业,ZZY,17215
臧志勇,ZZY,17216
钟泽珍,ZZZ,17217
张忠志,ZZZ,17218
张治中,ZZZ,17219
张智忠,ZZZ,17220
张忠泽,ZZZ,17221
朱展智,ZZZ,17222
邹兆洲,ZZZ,17223
朱振忠,ZZZ,17224
赵帧帧,ZZZ,17225
